{"type":"FeatureCollection", "features":[
{"type":"Feature","geometry":{"type":"Polygon","coordinates":[[[75.98292,13.03142,0],[75.98242,13.03216,0],[75.98186,13.03304,0],[75.98088,13.03413,0],[75.98018,13.03504,0],[75.97938,13.03602,0],[75.97857,13.03695,0],[75.97791,13.03785,0],[75.97759,13.03843,0],[75.97712,13.03957,0],[75.97664,13.04041,0],[75.97616,13.04109,0],[75.97558,13.0422,0],[75.97494,13.04341,0],[75.97423,13.04471,0],[75.97375,13.04568,0],[75.97325,13.0466,0],[75.97285,13.04728,0],[75.97241,13.04773,0],[75.97159,13.04858,0],[75.97047,13.04964,0],[75.96888,13.05125,0],[75.96769,13.05243,0],[75.96658,13.05362,0],[75.9655,13.05459,0],[75.96463,13.05526,0],[75.96369,13.05591,0],[75.96333,13.05617,0],[75.96289,13.0562,0],[75.96249,13.05588,0],[75.96201,13.05523,0],[75.96183,13.05482,0],[75.96162,13.05446,0],[75.96142,13.05428,0],[75.96105,13.05413,0],[75.96078,13.0539,0],[75.96058,13.0535,0],[75.96046,13.05312,0],[75.96017,13.05285,0],[75.95941,13.05251,0],[75.95918,13.05233,0],[75.95912,13.05204,0],[75.95917,13.05154,0],[75.95924,13.05116,0],[75.95913,13.05089,0],[75.95883,13.05062,0],[75.95813,13.05015,0],[75.95742,13.04952,0],[75.9569,13.04898,0],[75.95667,13.04876,0],[75.95653,13.04851,0],[75.95642,13.04805,0],[75.95619,13.04768,0],[75.9558,13.04714,0],[75.95479,13.04615,0],[75.95383,13.04523,0],[75.95363,13.04494,0],[75.95463,13.03985,0],[75.95447,13.03676,0],[75.95414,13.03347,0],[75.95511,13.02855,0],[75.95412,13.02614,0],[75.95763,13.02308,0],[75.95756,13.02269,0],[75.9575,13.02243,0],[75.95709,13.02096,0],[75.95676,13.02006,0],[75.95643,13.01866,0],[75.95605,13.01801,0],[75.95568,13.01737,0],[75.95551,13.01686,0],[75.95543,13.01629,0],[75.95543,13.01559,0],[75.95527,13.01506,0],[75.95518,13.01473,0],[75.94363,13.01309,0],[75.94092,13.01267,0],[75.93994,13.01248,0],[75.93713,13.01243,0],[75.92873,13.01677,0],[75.92308,13.0194,0],[75.92416,13.01746,0],[75.92383,13.01627,0],[75.92113,13.00844,0],[75.9203,13.00768,0],[75.91784,13.00542,0],[75.91751,13.00512,0],[75.9134,13.0031,0],[75.91219,13.00333,0],[75.91126,13.00372,0],[75.91202,13.00087,0],[75.91129,13.00019,0],[75.90993,12.99958,0],[75.9118,12.99564,0],[75.91086,12.99322,0],[75.91094,12.99232,0],[75.90919,12.99116,0],[75.90946,12.98966,0],[75.90784,12.98989,0],[75.90787,12.9861,0],[75.90524,12.9864,0],[75.90259,12.9867,0],[75.90209,12.98808,0],[75.89935,12.98795,0],[75.8945,12.98954,0],[75.89452,12.99033,0],[75.89445,12.99183,0],[75.89194,12.99437,0],[75.89156,12.99547,0],[75.8914,12.99796,0],[75.89192,13.00342,0],[75.89151,13.00358,0],[75.89123,13.00386,0],[75.89083,13.00436,0],[75.89027,13.00503,0],[75.88965,13.00579,0],[75.88912,13.00636,0],[75.88888,13.00665,0],[75.88871,13.00702,0],[75.88869,13.0073,0],[75.88877,13.00775,0],[75.88887,13.00811,0],[75.88894,13.00889,0],[75.8888,13.00951,0],[75.88867,13.00998,0],[75.8884,13.01038,0],[75.88808,13.01087,0],[75.88786,13.01118,0],[75.88744,13.01147,0],[75.88669,13.01181,0],[75.88591,13.0122,0],[75.88514,13.01256,0],[75.88455,13.01285,0],[75.88436,13.01303,0],[75.88402,13.01308,0],[75.8837,13.01298,0],[75.88324,13.01269,0],[75.88283,13.01241,0],[75.88235,13.01199,0],[75.88134,13.0111,0],[75.88065,13.0104,0],[75.87993,13.00956,0],[75.87937,13.00885,0],[75.87918,13.00854,0],[75.87909,13.00814,0],[75.87935,13.00773,0],[75.8802,13.00694,0],[75.88153,13.00563,0],[75.88278,13.00427,0],[75.88324,13.00375,0],[75.88335,13.0033,0],[75.88327,13.00278,0],[75.8829,13.00234,0],[75.88244,13.002,0],[75.88204,13.00168,0],[75.8818,13.00131,0],[75.88167,13.00074,0],[75.88118,13.00002,0],[75.88094,12.99747,0],[75.8807,12.99545,0],[75.88063,12.99496,0],[75.88056,12.99458,0],[75.8805,12.99432,0],[75.88074,12.99395,0],[75.88164,12.99299,0],[75.88184,12.99259,0],[75.88226,12.99199,0],[75.88243,12.99144,0],[75.88263,12.99028,0],[75.8828,12.98966,0],[75.88309,12.9878,0],[75.88344,12.98511,0],[75.88344,12.98451,0],[75.88355,12.98378,0],[75.88362,12.98312,0],[75.88372,12.98271,0],[75.88393,12.98253,0],[75.88424,12.98248,0],[75.88588,12.98256,0],[75.88646,12.98256,0],[75.88671,12.98237,0],[75.88674,12.98206,0],[75.88672,12.98174,0],[75.88714,12.97997,0],[75.88771,12.97852,0],[75.88785,12.97822,0],[75.88813,12.97816,0],[75.88847,12.97823,0],[75.88879,12.97835,0],[75.88911,12.97847,0],[75.89029,12.97857,0],[75.89061,12.97855,0],[75.89075,12.97826,0],[75.89082,12.97789,0],[75.89106,12.9773,0],[75.89142,12.9772,0],[75.89362,12.97675,0],[75.89546,12.97601,0],[75.89649,12.97567,0],[75.89875,12.97508,0],[75.89909,12.97498,0],[75.89938,12.97491,0],[75.89929,12.97446,0],[75.89849,12.97229,0],[75.89819,12.97064,0],[75.89805,12.96919,0],[75.89826,12.96753,0],[75.89851,12.9669,0],[75.89883,12.96578,0],[75.8989,12.96515,0],[75.89891,12.9645,0],[75.89893,12.96402,0],[75.89887,12.96322,0],[75.8989,12.96252,0],[75.89939,12.96197,0],[75.90007,12.96152,0],[75.90057,12.96108,0],[75.90145,12.96041,0],[75.90204,12.96003,0],[75.90296,12.95916,0],[75.90343,12.95882,0],[75.90397,12.95839,0],[75.90443,12.95791,0],[75.905,12.95741,0],[75.9063,12.95616,0],[75.90773,12.95507,0],[75.90911,12.95419,0],[75.91002,12.95361,0],[75.91026,12.95332,0],[75.91038,12.95288,0],[75.91019,12.95242,0],[75.90941,12.95112,0],[75.90826,12.94901,0],[75.9079,12.94726,0],[75.90797,12.94699,0],[75.90817,12.94673,0],[75.90854,12.94634,0],[75.90957,12.94553,0],[75.90987,12.94506,0],[75.91007,12.94441,0],[75.91007,12.94372,0],[75.91012,12.9432,0],[75.91017,12.9424,0],[75.91076,12.94127,0],[75.91102,12.94068,0],[75.9108,12.94037,0],[75.90997,12.93991,0],[75.90875,12.93945,0],[75.90784,12.93885,0],[75.90707,12.93783,0],[75.90626,12.93696,0],[75.90563,12.93651,0],[75.90445,12.93595,0],[75.90409,12.93576,0],[75.90376,12.93179,0],[75.90388,12.93144,0],[75.90376,12.93112,0],[75.90349,12.93091,0],[75.90333,12.93044,0],[75.9032,12.92985,0],[75.90319,12.92945,0],[75.9032,12.92904,0],[75.9032,12.92877,0],[75.9032,12.92851,0],[75.9032,12.92817,0],[75.90311,12.92789,0],[75.90232,12.92731,0],[75.90125,12.92663,0],[75.90005,12.92613,0],[75.89894,12.92562,0],[75.8979,12.92482,0],[75.89739,12.92417,0],[75.89605,12.92203,0],[75.89527,12.92044,0],[75.89367,12.91781,0],[75.89298,12.91586,0],[75.89251,12.91435,0],[75.89213,12.91288,0],[75.89192,12.91246,0],[75.89141,12.91229,0],[75.88999,12.91233,0],[75.88879,12.91229,0],[75.88716,12.91224,0],[75.8826,12.912,0],[75.88029,12.912,0],[75.87935,12.91183,0],[75.87751,12.91145,0],[75.87406,12.911,0],[75.87299,12.91071,0],[75.87248,12.91037,0],[75.87239,12.91012,0],[75.87239,12.90978,0],[75.87239,12.90903,0],[75.87239,12.90827,0],[75.87227,12.90777,0],[75.87197,12.90667,0],[75.8715,12.90617,0],[75.87077,12.90587,0],[75.86933,12.90504,0],[75.86878,12.90496,0],[75.86796,12.9047,0],[75.86715,12.90424,0],[75.86668,12.90386,0],[75.86651,12.90357,0],[75.86647,12.90315,0],[75.86647,12.90252,0],[75.86647,12.90159,0],[75.86647,12.90105,0],[75.86656,12.90063,0],[75.8666,12.90013,0],[75.86643,12.89954,0],[75.86596,12.89853,0],[75.86473,12.8963,0],[75.86421,12.89525,0],[75.86396,12.89441,0],[75.86402,12.89364,0],[75.86407,12.8928,0],[75.86416,12.89187,0],[75.86399,12.89053,0],[75.86339,12.88877,0],[75.86182,12.88431,0],[75.86099,12.88253,0],[75.85966,12.88093,0],[75.85864,12.87946,0],[75.85825,12.87875,0],[75.85783,12.87795,0],[75.8577,12.87737,0],[75.85761,12.87706,0],[75.85762,12.87649,0],[75.85757,12.87607,0],[75.85727,12.87574,0],[75.85659,12.87548,0],[75.85316,12.87468,0],[75.8512,12.87434,0],[75.85017,12.87417,0],[75.84883,12.87385,0],[75.84713,12.87363,0],[75.84644,12.87348,0],[75.84565,12.87343,0],[75.84519,12.87333,0],[75.84448,12.87328,0],[75.84389,12.87328,0],[75.84305,12.87325,0],[75.84092,12.87333,0],[75.83987,12.87326,0],[75.83815,12.87331,0],[75.83779,12.87329,0],[75.83749,12.87341,0],[75.83744,12.87369,0],[75.83756,12.87624,0],[75.8379,12.87813,0],[75.83769,12.8788,0],[75.8369,12.88013,0],[75.83651,12.88071,0],[75.83603,12.88065,0],[75.83552,12.88037,0],[75.83402,12.8797,0],[75.83307,12.87932,0],[75.83241,12.87882,0],[75.83207,12.87845,0],[75.83168,12.8782,0],[75.83107,12.87815,0],[75.82893,12.87787,0],[75.8274,12.87789,0],[75.82645,12.87777,0],[75.82468,12.87713,0],[75.82392,12.87685,0],[75.82325,12.87652,0],[75.82273,12.87627,0],[75.82297,12.87597,0],[75.82338,12.87565,0],[75.82448,12.87492,0],[75.82538,12.87348,0],[75.82556,12.87277,0],[75.82576,12.8724,0],[75.82587,12.87209,0],[75.82634,12.87081,0],[75.82653,12.87011,0],[75.8267,12.86941,0],[75.82732,12.86839,0],[75.82812,12.86743,0],[75.82861,12.86721,0],[75.82899,12.86703,0],[75.82983,12.86668,0],[75.83083,12.86643,0],[75.83147,12.86611,0],[75.83208,12.86556,0],[75.83254,12.86374,0],[75.83259,12.8608,0],[75.83264,12.85877,0],[75.83261,12.85648,0],[75.83264,12.85506,0],[75.83274,12.85408,0],[75.83286,12.85371,0],[75.8331,12.85353,0],[75.83341,12.85351,0],[75.83475,12.8541,0],[75.83526,12.85443,0],[75.8364,12.85463,0],[75.83714,12.85455,0],[75.83763,12.85428,0],[75.83865,12.85326,0],[75.83968,12.85141,0],[75.84094,12.8496,0],[75.84164,12.84837,0],[75.84189,12.84783,0],[75.84266,12.84688,0],[75.84285,12.84604,0],[75.84298,12.84544,0],[75.84273,12.84426,0],[75.8423,12.84321,0],[75.84199,12.84264,0],[75.84201,12.8422,0],[75.84216,12.84172,0],[75.84236,12.84142,0],[75.8428,12.84077,0],[75.84482,12.83903,0],[75.84554,12.83853,0],[75.84615,12.8381,0],[75.84759,12.83717,0],[75.84841,12.83662,0],[75.84892,12.83595,0],[75.84909,12.83546,0],[75.8492,12.83477,0],[75.84945,12.83309,0],[75.84965,12.83281,0],[75.8506,12.83269,0],[75.85182,12.83269,0],[75.853,12.83257,0],[75.85359,12.83232,0],[75.85507,12.83089,0],[75.85575,12.82956,0],[75.856,12.82918,0],[75.85605,12.82868,0],[75.85613,12.82786,0],[75.85603,12.82726,0],[75.85535,12.82563,0],[75.85488,12.82489,0],[75.85483,12.82424,0],[75.85478,12.82362,0],[75.85478,12.82287,0],[75.85483,12.82242,0],[75.85496,12.82199,0],[75.85504,12.82139,0],[75.85563,12.82044,0],[75.85687,12.81881,0],[75.8571,12.81861,0],[75.85771,12.81826,0],[75.85809,12.81816,0],[75.85952,12.81791,0],[75.86128,12.81779,0],[75.86283,12.81758,0],[75.86357,12.81763,0],[75.86425,12.81763,0],[75.86503,12.81769,0],[75.86503,12.81769,0],[75.86517,12.818,0],[75.86528,12.81812,0],[75.86536,12.81821,0],[75.86582,12.81836,0],[75.86682,12.81894,0],[75.86771,12.81946,0],[75.86877,12.82028,0],[75.8688,12.82031,0],[75.8688,12.82031,0],[75.86945,12.82077,0],[75.87073,12.82145,0],[75.87125,12.82172,0],[75.8721,12.82192,0],[75.87289,12.82207,0],[75.8734,12.82216,0],[75.87384,12.82216,0],[75.87384,12.82216,0],[75.87486,12.82217,0],[75.87486,12.82217,0],[75.87576,12.82214,0],[75.87675,12.82205,0],[75.87675,12.82205,0],[75.87675,12.82205,0],[75.87733,12.82217,0],[75.87749,12.8222,0],[75.87776,12.82242,0],[75.87827,12.82287,0],[75.87827,12.82287,0],[75.87827,12.82288,0],[75.87867,12.82458,0],[75.8787,12.82543,0],[75.87869,12.82549,0],[75.87862,12.82587,0],[75.87857,12.826,0],[75.87849,12.82617,0],[75.87834,12.82638,0],[75.87809,12.82663,0],[75.87753,12.82696,0],[75.87699,12.82745,0],[75.87673,12.82792,0],[75.87672,12.82793,0],[75.87671,12.82815,0],[75.87666,12.82866,0],[75.87675,12.82988,0],[75.87694,12.83058,0],[75.87741,12.83148,0],[75.87808,12.8321,0],[75.87808,12.8321,0],[75.87884,12.83263,0],[75.87943,12.83273,0],[75.87961,12.83274,0],[75.87961,12.83274,0],[75.87984,12.83276,0],[75.87999,12.83283,0],[75.88008,12.83288,0],[75.88024,12.83292,0],[75.88042,12.83297,0],[75.88142,12.83316,0],[75.88142,12.83316,0],[75.88178,12.83309,0],[75.88244,12.83298,0],[75.88361,12.83254,0],[75.88365,12.83252,0],[75.88386,12.83244,0],[75.88511,12.83198,0],[75.88613,12.83157,0],[75.88705,12.83142,0],[75.88786,12.8313,0],[75.88818,12.83112,0],[75.88851,12.83094,0],[75.88938,12.83027,0],[75.89088,12.82954,0],[75.89243,12.82878,0],[75.89378,12.82828,0],[75.89427,12.82801,0],[75.89442,12.82793,0],[75.89442,12.82793,0],[75.89483,12.82771,0],[75.89556,12.82733,0],[75.89601,12.8271,0],[75.89676,12.82698,0],[75.89735,12.82699,0],[75.89871,12.82701,0],[75.89987,12.827,0],[75.90071,12.827,0],[75.90112,12.82688,0],[75.90149,12.82649,0],[75.90161,12.82625,0],[75.90221,12.82509,0],[75.90252,12.82358,0],[75.90261,12.82314,0],[75.90268,12.82283,0],[75.90305,12.82098,0],[75.90322,12.82056,0],[75.90337,12.82018,0],[75.90359,12.81942,0],[75.90412,12.81848,0],[75.90493,12.81748,0],[75.90608,12.81666,0],[75.90622,12.8166,0],[75.90726,12.81617,0],[75.90877,12.81567,0],[75.90877,12.81567,0],[75.90889,12.81559,0],[75.90952,12.81519,0],[75.91035,12.81476,0],[75.91078,12.81456,0],[75.91097,12.81446,0],[75.91187,12.81416,0],[75.91187,12.81416,0],[75.91293,12.81413,0],[75.91395,12.8148,0],[75.9144,12.81521,0],[75.91465,12.81543,0],[75.91478,12.81566,0],[75.91499,12.81603,0],[75.91601,12.81667,0],[75.91703,12.81728,0],[75.91749,12.81745,0],[75.91806,12.81765,0],[75.91879,12.8179,0],[75.91882,12.81791,0],[75.91911,12.81803,0],[75.91911,12.81803,0],[75.91953,12.8184,0],[75.91962,12.8187,0],[75.91972,12.81904,0],[75.91988,12.81973,0],[75.9199,12.8198,0],[75.91959,12.82086,0],[75.91939,12.82141,0],[75.91909,12.82223,0],[75.91893,12.82252,0],[75.91884,12.82269,0],[75.9188,12.82282,0],[75.91872,12.82311,0],[75.91828,12.82436,0],[75.9183,12.82489,0],[75.91832,12.82528,0],[75.91847,12.82617,0],[75.91883,12.82648,0],[75.91935,12.82693,0],[75.9196,12.82704,0],[75.92027,12.82733,0],[75.92028,12.82733,0],[75.92083,12.82733,0],[75.92083,12.82733,0],[75.92083,12.82733,0],[75.92117,12.82712,0],[75.9217,12.82645,0],[75.9221,12.8259,0],[75.92219,12.82578,0],[75.92226,12.82569,0],[75.92258,12.82526,0],[75.92298,12.82447,0],[75.92342,12.82402,0],[75.92426,12.82329,0],[75.92476,12.82309,0],[75.92503,12.82299,0],[75.92669,12.82221,0],[75.9279,12.82154,0],[75.92854,12.82106,0],[75.92862,12.821,0],[75.92879,12.82077,0],[75.92896,12.82054,0],[75.92901,12.82029,0],[75.92905,12.82012,0],[75.92905,12.81936,0],[75.92906,12.81919,0],[75.92907,12.8186,0],[75.92898,12.81807,0],[75.9289,12.8176,0],[75.9289,12.81759,0],[75.9289,12.81759,0],[75.92872,12.81733,0],[75.9287,12.8173,0],[75.92813,12.81651,0],[75.92793,12.81624,0],[75.92758,12.81578,0],[75.92699,12.81523,0],[75.92663,12.8149,0],[75.92637,12.81446,0],[75.92637,12.81446,0],[75.92628,12.81432,0],[75.92624,12.81424,0],[75.9261,12.81398,0],[75.92616,12.81347,0],[75.92632,12.8124,0],[75.92683,12.81138,0],[75.92683,12.81138,0],[75.92744,12.81076,0],[75.92791,12.81042,0],[75.92841,12.81007,0],[75.92888,12.80964,0],[75.9291,12.80944,0],[75.92921,12.8092,0],[75.92932,12.80896,0],[75.92973,12.80844,0],[75.92982,12.80826,0],[75.92991,12.80808,0],[75.93069,12.80729,0],[75.93077,12.80722,0],[75.93137,12.80671,0],[75.93166,12.8066,0],[75.93227,12.80638,0],[75.93227,12.80638,0],[75.93342,12.80665,0],[75.93342,12.80665,0],[75.93401,12.80702,0],[75.9342,12.80706,0],[75.93511,12.80728,0],[75.93617,12.80734,0],[75.93672,12.80737,0],[75.93948,12.80729,0],[75.94158,12.80694,0],[75.94196,12.8068,0],[75.94232,12.80667,0],[75.94328,12.80655,0],[75.94328,12.80655,0],[75.94468,12.8067,0],[75.94511,12.80683,0],[75.94614,12.80695,0],[75.94663,12.80693,0],[75.94704,12.80692,0],[75.94704,12.80692,0],[75.94783,12.80648,0],[75.94787,12.80646,0],[75.94811,12.80633,0],[75.94866,12.8057,0],[75.94867,12.80569,0],[75.94867,12.80569,0],[75.94904,12.80502,0],[75.94942,12.80444,0],[75.9495,12.80418,0],[75.94954,12.80406,0],[75.9496,12.8023,0],[75.94961,12.80219,0],[75.94959,12.80108,0],[75.94959,12.80108,0],[75.94965,12.80026,0],[75.94971,12.80014,0],[75.94978,12.79996,0],[75.95009,12.79961,0],[75.95062,12.79947,0],[75.95062,12.79947,0],[75.95124,12.79957,0],[75.95193,12.79963,0],[75.95217,12.79966,0],[75.95217,12.79966,0],[75.9523,12.79972,0],[75.9523,12.79972,0],[75.95294,12.80002,0],[75.95372,12.80035,0],[75.95453,12.8007,0],[75.95515,12.80088,0],[75.95577,12.80101,0],[75.95602,12.80106,0],[75.95659,12.80107,0],[75.95696,12.80108,0],[75.95743,12.80108,0],[75.95814,12.80108,0],[75.95874,12.80116,0],[75.95874,12.80116,0],[75.95932,12.80126,0],[75.95935,12.80127,0],[75.96025,12.80157,0],[75.9616,12.80221,0],[75.96304,12.80288,0],[75.96564,12.80393,0],[75.96565,12.80393,0],[75.96697,12.80418,0],[75.96697,12.80418,0],[75.96764,12.80418,0],[75.96796,12.80417,0],[75.96857,12.80416,0],[75.96957,12.80407,0],[75.96957,12.80407,0],[75.97013,12.80393,0],[75.97018,12.80392,0],[75.97196,12.80355,0],[75.97301,12.80326,0],[75.97347,12.80285,0],[75.97413,12.80265,0],[75.97503,12.80269,0],[75.97575,12.80276,0],[75.97819,12.80343,0],[75.97871,12.80353,0],[75.98106,12.80395,0],[75.98332,12.80433,0],[75.98492,12.80457,0],[75.98646,12.80487,0],[75.98752,12.80513,0],[75.98793,12.80524,0],[75.98842,12.80535,0],[75.98899,12.80531,0],[75.98948,12.80513,0],[75.98989,12.80483,0],[75.99027,12.80447,0],[75.99099,12.80362,0],[75.9918,12.80286,0],[75.99229,12.80223,0],[75.99244,12.80194,0],[75.99252,12.80168,0],[75.99263,12.80131,0],[75.99274,12.80098,0],[75.99316,12.80072,0],[75.99391,12.80035,0],[75.99421,12.80024,0],[75.9947,12.80006,0],[75.99527,12.8001,0],[75.99587,12.8001,0],[75.99668,12.80023,0],[75.99766,12.80027,0],[75.99845,12.80027,0],[75.99933,12.80047,0],[76,12.80067,0],[76.0004,12.8006,0],[76.00093,12.80055,0],[76.00132,12.80055,0],[76.002,12.80059,0],[76.00272,12.80068,0],[76.00344,12.80078,0],[76.00406,12.8009,0],[76.00479,12.80099,0],[76.00539,12.80111,0],[76.006,12.80129,0],[76.00732,12.80163,0],[76.00825,12.80196,0],[76.00957,12.80225,0],[76.01043,12.80241,0],[76.01095,12.80256,0],[76.0116,12.80277,0],[76.01269,12.80299,0],[76.0141,12.80333,0],[76.0151,12.80358,0],[76.01582,12.80368,0],[76.01654,12.80375,0],[76.01713,12.8038,0],[76.01831,12.80383,0],[76.01917,12.80387,0],[76.01957,12.80399,0],[76.02021,12.80416,0],[76.02059,12.80432,0],[76.02101,12.80456,0],[76.02131,12.80485,0],[76.02161,12.80542,0],[76.02205,12.80664,0],[76.02222,12.80705,0],[76.02245,12.80743,0],[76.02271,12.80774,0],[76.02306,12.80808,0],[76.02338,12.80826,0],[76.02383,12.80848,0],[76.02436,12.80869,0],[76.02501,12.8089,0],[76.02626,12.8092,0],[76.02696,12.80936,0],[76.0277,12.8095,0],[76.02821,12.80957,0],[76.02871,12.80967,0],[76.02933,12.80983,0],[76.03015,12.80994,0],[76.03096,12.8101,0],[76.03209,12.81029,0],[76.03265,12.81041,0],[76.03316,12.81053,0],[76.03365,12.81068,0],[76.03389,12.81078,0],[76.03409,12.81097,0],[76.03456,12.81151,0],[76.03502,12.81202,0],[76.03545,12.81273,0],[76.03573,12.81321,0],[76.03598,12.81351,0],[76.03629,12.81377,0],[76.03661,12.81404,0],[76.03708,12.81437,0],[76.03789,12.81488,0],[76.03828,12.81509,0],[76.03864,12.81533,0],[76.03908,12.81559,0],[76.03958,12.81581,0],[76.04005,12.81597,0],[76.04049,12.81611,0],[76.04091,12.81615,0],[76.04147,12.81624,0],[76.04219,12.81632,0],[76.04281,12.81638,0],[76.0434,12.81643,0],[76.04414,12.81648,0],[76.04472,12.81654,0],[76.04537,12.81655,0],[76.04598,12.81659,0],[76.04674,12.81662,0],[76.04746,12.81669,0],[76.04788,12.81676,0],[76.04839,12.81686,0],[76.04899,12.8171,0],[76.04955,12.81748,0],[76.04993,12.8179,0],[76.05023,12.81838,0],[76.05048,12.81889,0],[76.05056,12.81927,0],[76.05056,12.81973,0],[76.05053,12.82033,0],[76.05044,12.82118,0],[76.05042,12.82179,0],[76.05047,12.82215,0],[76.05065,12.8225,0],[76.05098,12.8227,0],[76.05078,12.82309,0],[76.05037,12.82355,0],[76.0496,12.82437,0],[76.04926,12.82495,0],[76.04913,12.82542,0],[76.04908,12.82592,0],[76.04911,12.82649,0],[76.04924,12.8272,0],[76.04954,12.82825,0],[76.04964,12.82904,0],[76.04961,12.82941,0],[76.04951,12.82997,0],[76.04929,12.83057,0],[76.04883,12.83136,0],[76.04841,12.83217,0],[76.04791,12.833,0],[76.04739,12.83374,0],[76.04707,12.83442,0],[76.04692,12.83488,0],[76.04691,12.83531,0],[76.047,12.83566,0],[76.0472,12.83585,0],[76.04767,12.83612,0],[76.04834,12.83648,0],[76.04882,12.83679,0],[76.04902,12.83702,0],[76.04921,12.8374,0],[76.04931,12.83786,0],[76.04929,12.83815,0],[76.04924,12.83861,0],[76.04904,12.83928,0],[76.04862,12.84025,0],[76.04833,12.84102,0],[76.04816,12.84158,0],[76.04808,12.84211,0],[76.04813,12.84258,0],[76.04831,12.84323,0],[76.04866,12.84411,0],[76.04911,12.84527,0],[76.04946,12.8461,0],[76.04976,12.84712,0],[76.04989,12.84772,0],[76.04994,12.84837,0],[76.04989,12.84913,0],[76.04986,12.84962,0],[76.04976,12.8499,0],[76.04955,12.85023,0],[76.04928,12.85047,0],[76.04856,12.85078,0],[76.04742,12.85124,0],[76.04632,12.85153,0],[76.04504,12.85182,0],[76.04356,12.85221,0],[76.04284,12.8524,0],[76.04233,12.85249,0],[76.04193,12.85244,0],[76.04161,12.85212,0],[76.04147,12.85151,0],[76.0414,12.85092,0],[76.04139,12.85022,0],[76.04139,12.84948,0],[76.04139,12.84873,0],[76.04136,12.84817,0],[76.04129,12.84784,0],[76.04113,12.84751,0],[76.04086,12.84715,0],[76.04052,12.84676,0],[76.04021,12.84651,0],[76.03977,12.84623,0],[76.03947,12.84613,0],[76.03907,12.8461,0],[76.0387,12.84611,0],[76.03768,12.84613,0],[76.03716,12.84617,0],[76.03669,12.84612,0],[76.03632,12.84597,0],[76.03571,12.84575,0],[76.03514,12.84564,0],[76.03474,12.8456,0],[76.03427,12.84563,0],[76.03374,12.84576,0],[76.03295,12.84597,0],[76.03191,12.84626,0],[76.03107,12.84639,0],[76.03043,12.84654,0],[76.02981,12.84664,0],[76.02934,12.84676,0],[76.02912,12.84696,0],[76.02912,12.84724,0],[76.02931,12.84756,0],[76.02969,12.84804,0],[76.03038,12.84878,0],[76.03115,12.84977,0],[76.03146,12.85035,0],[76.0315,12.85071,0],[76.0314,12.85103,0],[76.03096,12.85144,0],[76.03022,12.8519,0],[76.0296,12.85217,0],[76.02919,12.85222,0],[76.02881,12.85208,0],[76.02855,12.85178,0],[76.02811,12.85112,0],[76.02779,12.85043,0],[76.02751,12.84989,0],[76.02721,12.84957,0],[76.02689,12.84933,0],[76.02635,12.84912,0],[76.02585,12.84899,0],[76.02538,12.84895,0],[76.02491,12.84905,0],[76.02468,12.84923,0],[76.02448,12.84964,0],[76.02452,12.85005,0],[76.02481,12.85058,0],[76.02534,12.85129,0],[76.02596,12.85209,0],[76.02653,12.85295,0],[76.02705,12.85389,0],[76.02718,12.85434,0],[76.0275,12.85561,0],[76.02786,12.85723,0],[76.02811,12.85832,0],[76.02821,12.85887,0],[76.0283,12.85928,0],[76.02831,12.85971,0],[76.02829,12.86022,0],[76.02811,12.86086,0],[76.02754,12.86225,0],[76.02723,12.86273,0],[76.02693,12.86318,0],[76.02663,12.86346,0],[76.02599,12.86356,0],[76.02524,12.86361,0],[76.02447,12.86362,0],[76.02391,12.86369,0],[76.02326,12.86383,0],[76.02275,12.86404,0],[76.02106,12.86485,0],[76.02039,12.86517,0],[76.01985,12.86531,0],[76.01911,12.86543,0],[76.01818,12.86546,0],[76.01709,12.86555,0],[76.01615,12.86564,0],[76.01561,12.86579,0],[76.01494,12.86603,0],[76.01402,12.8663,0],[76.01249,12.86668,0],[76.01147,12.86702,0],[76.01046,12.86737,0],[76.00964,12.86768,0],[76.0093,12.86791,0],[76.0091,12.86814,0],[76.0089,12.86854,0],[76.0087,12.86915,0],[76.00834,12.87033,0],[76.00794,12.87143,0],[76.00773,12.87205,0],[76.00725,12.87333,0],[76.00681,12.87418,0],[76.00629,12.87507,0],[76.00583,12.8758,0],[76.00511,12.87681,0],[76.0043,12.87775,0],[76.00341,12.8787,0],[76.00249,12.87968,0],[76.00163,12.88064,0],[76.00114,12.88127,0],[76.00082,12.88184,0],[76.00059,12.88261,0],[76.00035,12.88362,0],[76.0002,12.88466,0],[76.00013,12.88546,0],[76.00014,12.88616,0],[76.00011,12.88658,0],[76,12.88703,0],[75.99892,12.88848,0],[75.99814,12.88933,0],[75.99802,12.88973,0],[75.99802,12.89004,0],[75.99814,12.89064,0],[75.99831,12.89098,0],[75.99874,12.89138,0],[75.99937,12.89157,0],[76,12.8915,0],[76.00075,12.89124,0],[76.00136,12.891,0],[76.00184,12.89081,0],[76.00237,12.89065,0],[76.00295,12.89057,0],[76.00345,12.89054,0],[76.00402,12.89055,0],[76.00459,12.8906,0],[76.00501,12.89067,0],[76.00533,12.89082,0],[76.00568,12.89107,0],[76.00585,12.89127,0],[76.00593,12.89155,0],[76.00593,12.89204,0],[76.00584,12.89238,0],[76.00558,12.89285,0],[76.00532,12.89311,0],[76.00496,12.89331,0],[76.00459,12.89349,0],[76.00389,12.89364,0],[76.00319,12.89372,0],[76.0023,12.89385,0],[76.00188,12.89395,0],[76.00135,12.89408,0],[76.001,12.89423,0],[76.00048,12.89452,0],[76.00018,12.89491,0],[76.00006,12.8955,0],[76.00015,12.8963,0],[76.00045,12.89652,0],[76.00073,12.89657,0],[76.00125,12.89658,0],[76.00207,12.89657,0],[76.00323,12.8965,0],[76.0046,12.89652,0],[76.00522,12.89657,0],[76.00577,12.89666,0],[76.00611,12.89677,0],[76.00649,12.89691,0],[76.00713,12.89727,0],[76.00759,12.89772,0],[76.00821,12.8984,0],[76.00869,12.89906,0],[76.00923,12.89976,0],[76.01039,12.90134,0],[76.01112,12.9026,0],[76.01183,12.90382,0],[76.01225,12.90443,0],[76.01247,12.90467,0],[76.01271,12.90479,0],[76.01303,12.9049,0],[76.01336,12.90493,0],[76.0139,12.90481,0],[76.01437,12.90455,0],[76.01496,12.90411,0],[76.01525,12.90376,0],[76.01539,12.90341,0],[76.01557,12.90292,0],[76.01571,12.90238,0],[76.01589,12.90098,0],[76.01613,12.90006,0],[76.01631,12.89959,0],[76.0165,12.89923,0],[76.01702,12.89835,0],[76.01751,12.89765,0],[76.01788,12.89715,0],[76.01831,12.89677,0],[76.01879,12.89642,0],[76.01915,12.89625,0],[76.01945,12.89622,0],[76.01973,12.89627,0],[76.02008,12.8965,0],[76.02022,12.89689,0],[76.0203,12.89738,0],[76.02027,12.89772,0],[76.02022,12.89812,0],[76.02002,12.89874,0],[76.01979,12.89974,0],[76.01956,12.90063,0],[76.01951,12.90099,0],[76.01951,12.90136,0],[76.01954,12.90165,0],[76.01969,12.90189,0],[76.02001,12.90224,0],[76.02062,12.90278,0],[76.02141,12.90357,0],[76.02175,12.90406,0],[76.02203,12.9045,0],[76.02236,12.90495,0],[76.02269,12.90532,0],[76.02304,12.9057,0],[76.02331,12.90596,0],[76.02367,12.90628,0],[76.02402,12.90652,0],[76.02442,12.90679,0],[76.02472,12.90703,0],[76.02503,12.9073,0],[76.02525,12.90758,0],[76.02563,12.90817,0],[76.02587,12.90877,0],[76.02606,12.9094,0],[76.02623,12.9101,0],[76.0263,12.9108,0],[76.02695,12.91356,0],[76.02705,12.91412,0],[76.02723,12.91509,0],[76.02733,12.91591,0],[76.02735,12.91646,0],[76.02735,12.91721,0],[76.02716,12.91852,0],[76.02685,12.91952,0],[76.02665,12.92033,0],[76.0263,12.92168,0],[76.026,12.92271,0],[76.02571,12.92343,0],[76.02543,12.92399,0],[76.0252,12.9244,0],[76.02479,12.92495,0],[76.02461,12.92528,0],[76.02455,12.92555,0],[76.02446,12.92598,0],[76.02436,12.92663,0],[76.02404,12.92795,0],[76.0239,12.92867,0],[76.02385,12.92928,0],[76.02396,12.9296,0],[76.02417,12.92982,0],[76.02454,12.93,0],[76.02493,12.93011,0],[76.02526,12.93015,0],[76.02555,12.93017,0],[76.02588,12.93014,0],[76.02639,12.93006,0],[76.02682,12.92995,0],[76.02718,12.9298,0],[76.02752,12.92957,0],[76.02778,12.9293,0],[76.02806,12.92889,0],[76.02828,12.92838,0],[76.02845,12.92792,0],[76.02866,12.92752,0],[76.02886,12.92724,0],[76.02905,12.92706,0],[76.02933,12.92687,0],[76.0297,12.92673,0],[76.03022,12.92658,0],[76.03085,12.9264,0],[76.0315,12.92619,0],[76.03185,12.926,0],[76.03212,12.92582,0],[76.03232,12.92562,0],[76.03277,12.92503,0],[76.03315,12.92462,0],[76.03354,12.9243,0],[76.03383,12.92414,0],[76.0341,12.92404,0],[76.03442,12.92398,0],[76.03477,12.92399,0],[76.0352,12.92409,0],[76.03542,12.92423,0],[76.03578,12.92454,0],[76.03596,12.92478,0],[76.03607,12.92512,0],[76.03613,12.92565,0],[76.03617,12.92646,0],[76.03623,12.92713,0],[76.03633,12.9275,0],[76.03651,12.92791,0],[76.0367,12.9282,0],[76.03688,12.92844,0],[76.03714,12.92863,0],[76.0375,12.92877,0],[76.03813,12.92897,0],[76.03884,12.92917,0],[76.03961,12.92937,0],[76.04032,12.92956,0],[76.0409,12.92976,0],[76.04127,12.92993,0],[76.04148,12.93008,0],[76.0417,12.93035,0],[76.04178,12.93088,0],[76.04175,12.93157,0],[76.04169,12.93214,0],[76.04168,12.93273,0],[76.04174,12.93332,0],[76.04188,12.93377,0],[76.04233,12.93544,0],[76.04275,12.93699,0],[76.04311,12.93844,0],[76.04359,12.94004,0],[76.04379,12.94055,0],[76.04381,12.94093,0],[76.04358,12.94119,0],[76.04308,12.94143,0],[76.0426,12.94169,0],[76.04222,12.94199,0],[76.04173,12.94239,0],[76.04097,12.943,0],[76.04037,12.94344,0],[76.04014,12.94372,0],[76.04006,12.94405,0],[76.04009,12.94455,0],[76.04023,12.94497,0],[76.04047,12.94508,0],[76.04082,12.94511,0],[76.04119,12.94511,0],[76.04152,12.94512,0],[76.04178,12.94517,0],[76.042,12.94544,0],[76.04176,12.94598,0],[76.0413,12.94648,0],[76.04097,12.94684,0],[76.04096,12.94724,0],[76.04125,12.94744,0],[76.04137,12.94782,0],[76.04126,12.94822,0],[76.04121,12.94856,0],[76.04142,12.94887,0],[76.04175,12.94899,0],[76.04204,12.94905,0],[76.0424,12.94908,0],[76.0427,12.94901,0],[76.04294,12.94886,0],[76.04317,12.94863,0],[76.0434,12.94838,0],[76.04365,12.94824,0],[76.04409,12.94833,0],[76.04423,12.94872,0],[76.04423,12.94941,0],[76.04426,12.95132,0],[76.0442,12.95192,0],[76.04435,12.95234,0],[76.04484,12.95248,0],[76.0453,12.95262,0],[76.04549,12.95313,0],[76.04549,12.95421,0],[76.04543,12.95527,0],[76.04537,12.95591,0],[76.0454,12.95636,0],[76.04549,12.95687,0],[76.04576,12.95757,0],[76.04589,12.95791,0],[76.04633,12.95912,0],[76.0466,12.95928,0],[76.04704,12.95917,0],[76.04776,12.95897,0],[76.04852,12.95886,0],[76.04947,12.95867,0],[76.05097,12.95834,0],[76.05179,12.95817,0],[76.0527,12.95793,0],[76.05474,12.95753,0],[76.05501,12.95746,0],[76.05564,12.95729,0],[76.05635,12.95709,0],[76.05685,12.95702,0],[76.057,12.95738,0],[76.05687,12.95793,0],[76.05682,12.9585,0],[76.05679,12.95909,0],[76.05685,12.95973,0],[76.05705,12.96026,0],[76.05726,12.96053,0],[76.0576,12.96093,0],[76.05826,12.96141,0],[76.0588,12.96183,0],[76.05915,12.96218,0],[76.05939,12.96254,0],[76.05958,12.96281,0],[76.05983,12.96331,0],[76.0599,12.9636,0],[76.05991,12.96399,0],[76.0598,12.96442,0],[76.05954,12.96476,0],[76.05929,12.96502,0],[76.05892,12.96519,0],[76.05848,12.96528,0],[76.05779,12.96534,0],[76.05693,12.96532,0],[76.05635,12.96525,0],[76.05561,12.96513,0],[76.05468,12.96503,0],[76.05392,12.96495,0],[76.05326,12.96492,0],[76.05273,12.96501,0],[76.0524,12.96529,0],[76.05208,12.96569,0],[76.05183,12.96615,0],[76.05166,12.96667,0],[76.05153,12.96716,0],[76.05147,12.96759,0],[76.05132,12.96791,0],[76.05105,12.968,0],[76.05057,12.96805,0],[76.05009,12.96806,0],[76.04927,12.96808,0],[76.04814,12.96806,0],[76.04677,12.96791,0],[76.04593,12.96776,0],[76.04511,12.96766,0],[76.04431,12.96752,0],[76.04291,12.96714,0],[76.04194,12.96686,0],[76.04154,12.96677,0],[76.04107,12.96665,0],[76.04031,12.96662,0],[76.03973,12.96681,0],[76.03867,12.96725,0],[76.03777,12.96767,0],[76.03652,12.96841,0],[76.0356,12.96892,0],[76.03478,12.9694,0],[76.03417,12.96981,0],[76.03386,12.96996,0],[76.03351,12.97,0],[76.03305,12.96994,0],[76.03222,12.96981,0],[76.03136,12.96975,0],[76.02994,12.96963,0],[76.02913,12.96959,0],[76.02811,12.96952,0],[76.02758,12.9696,0],[76.02745,12.96986,0],[76.02748,12.97031,0],[76.02754,12.9716,0],[76.02755,12.97279,0],[76.02749,12.97357,0],[76.02736,12.97439,0],[76.02736,12.97477,0],[76.02746,12.97511,0],[76.02772,12.97567,0],[76.02806,12.97613,0],[76.02859,12.97667,0],[76.02909,12.97722,0],[76.02949,12.97771,0],[76.02987,12.97818,0],[76.03027,12.97863,0],[76.03083,12.97927,0],[76.03129,12.97992,0],[76.03155,12.98034,0],[76.03185,12.98068,0],[76.03226,12.98096,0],[76.03272,12.98115,0],[76.0332,12.98121,0],[76.03359,12.98128,0],[76.03389,12.98142,0],[76.03424,12.98171,0],[76.03449,12.98211,0],[76.03466,12.98272,0],[76.0349,12.98413,0],[76.03485,12.98456,0],[76.0346,12.98464,0],[76.03428,12.98458,0],[76.03398,12.98453,0],[76.03362,12.98452,0],[76.03324,12.98463,0],[76.03297,12.98494,0],[76.03287,12.98536,0],[76.03283,12.98608,0],[76.03276,12.98644,0],[76.03255,12.98693,0],[76.03254,12.98723,0],[76.03274,12.98756,0],[76.03312,12.98788,0],[76.03382,12.98834,0],[76.03475,12.98892,0],[76.03564,12.98954,0],[76.03712,12.99066,0],[76.03785,12.99116,0],[76.03896,12.99186,0],[76.03997,12.99258,0],[76.04015,12.99286,0],[76.04012,12.99319,0],[76.03989,12.99342,0],[76.03953,12.99386,0],[76.03936,12.99415,0],[76.03926,12.99447,0],[76.03916,12.99504,0],[76.03905,12.99557,0],[76.03862,12.99736,0],[76.03831,12.99872,0],[76.03819,12.9993,0],[76.03824,13.00002,0],[76.03825,13.00029,0],[76.03842,13.00057,0],[76.03892,13.00072,0],[76.0395,13.00088,0],[76.04005,13.00102,0],[76.04046,13.00115,0],[76.04086,13.00139,0],[76.04101,13.00174,0],[76.0411,13.00231,0],[76.0412,13.00295,0],[76.04125,13.00343,0],[76.04124,13.00382,0],[76.04118,13.00416,0],[76.04107,13.00456,0],[76.0409,13.00517,0],[76.04073,13.00569,0],[76.04057,13.00638,0],[76.04047,13.00695,0],[76.04045,13.00738,0],[76.04041,13.00773,0],[76.04022,13.00838,0],[76.04,13.00901,0],[76.03983,13.00952,0],[76.03975,13.00993,0],[76.03969,13.01044,0],[76.03964,13.01099,0],[76.03961,13.01143,0],[76.03953,13.01228,0],[76.03947,13.01296,0],[76.03939,13.01367,0],[76.03927,13.0141,0],[76.03915,13.01433,0],[76.03889,13.01433,0],[76.03871,13.01414,0],[76.03847,13.01393,0],[76.03819,13.01382,0],[76.03783,13.01372,0],[76.03741,13.01357,0],[76.03693,13.01331,0],[76.03648,13.01291,0],[76.03606,13.01246,0],[76.03575,13.01212,0],[76.0354,13.01184,0],[76.03501,13.01171,0],[76.03465,13.01166,0],[76.03436,13.01161,0],[76.03373,13.01161,0],[76.0331,13.01162,0],[76.0324,13.01161,0],[76.03186,13.0116,0],[76.03151,13.0116,0],[76.03117,13.0118,0],[76.0311,13.01224,0],[76.0311,13.01259,0],[76.03104,13.01292,0],[76.03085,13.01322,0],[76.03036,13.01337,0],[76.02989,13.01343,0],[76.02956,13.01345,0],[76.02928,13.01351,0],[76.0289,13.01342,0],[76.02875,13.01309,0],[76.02862,13.01264,0],[76.02798,13.01265,0],[76.02739,13.01274,0],[76.02674,13.01279,0],[76.02607,13.01289,0],[76.02545,13.01298,0],[76.02518,13.01305,0],[76.0249,13.0131,0],[76.02467,13.01333,0],[76.02458,13.0137,0],[76.02448,13.01422,0],[76.02431,13.01493,0],[76.02423,13.01527,0],[76.0242,13.01561,0],[76.02423,13.01598,0],[76.02427,13.01655,0],[76.02431,13.01725,0],[76.02431,13.01767,0],[76.02425,13.01808,0],[76.02416,13.01854,0],[76.02399,13.01907,0],[76.02385,13.0195,0],[76.02353,13.02032,0],[76.02333,13.02082,0],[76.02302,13.02151,0],[76.02293,13.02193,0],[76.02299,13.02229,0],[76.02316,13.02272,0],[76.0232,13.02346,0],[76.02314,13.02401,0],[76.0231,13.02434,0],[76.02299,13.02466,0],[76.0227,13.02485,0],[76.02239,13.02492,0],[76.02205,13.02507,0],[76.02181,13.02531,0],[76.0217,13.02608,0],[76.02167,13.02638,0],[76.02157,13.0271,0],[76.02147,13.02766,0],[76.02145,13.02819,0],[76.02133,13.02919,0],[76.02123,13.02986,0],[76.02114,13.03044,0],[76.02105,13.0311,0],[76.021,13.03169,0],[76.02103,13.03232,0],[76.02105,13.0327,0],[76.02107,13.0331,0],[76.02104,13.03337,0],[76.0208,13.03406,0],[76.02049,13.03466,0],[76.02014,13.03497,0],[76.01945,13.03502,0],[76.01894,13.03525,0],[76.01872,13.03556,0],[76.01848,13.03565,0],[76.01814,13.03564,0],[76.01786,13.03563,0],[76.01724,13.03562,0],[76.01688,13.03562,0],[76.01662,13.0355,0],[76.01653,13.03516,0],[76.01652,13.03471,0],[76.01648,13.03444,0],[76.01635,13.03418,0],[76.01618,13.03394,0],[76.01576,13.0335,0],[76.01529,13.03316,0],[76.01486,13.03283,0],[76.01421,13.03236,0],[76.01365,13.03192,0],[76.01322,13.0316,0],[76.0127,13.03113,0],[76.01179,13.03047,0],[76.0113,13.03009,0],[76.01078,13.02967,0],[76.0103,13.0293,0],[76.00983,13.02893,0],[76.00947,13.02869,0],[76.00919,13.02861,0],[76.00883,13.02857,0],[76.00838,13.02854,0],[76.00764,13.02852,0],[76.00707,13.0286,0],[76.00677,13.0286,0],[76.00646,13.02867,0],[76.00633,13.02889,0],[76.0062,13.02923,0],[76.00589,13.02931,0],[76.00544,13.02914,0],[76.00512,13.02915,0],[76.00478,13.02923,0],[76.00431,13.02936,0],[76.00375,13.02947,0],[76.00308,13.02963,0],[76.00259,13.02978,0],[76.00225,13.02991,0],[76.00196,13.03005,0],[76.00158,13.03049,0],[76.00124,13.03092,0],[76.00095,13.03122,0],[76.00062,13.03145,0],[76.00013,13.03159,0],[75.99945,13.03363,0],[75.99941,13.03576,0],[75.99905,13.0371,0],[75.9983,13.03766,0],[75.99788,13.03768,0],[75.99744,13.03764,0],[75.99668,13.0376,0],[75.99639,13.0376,0],[75.99607,13.03758,0],[75.99569,13.03735,0],[75.99531,13.03688,0],[75.99472,13.03632,0],[75.99413,13.0359,0],[75.9936,13.03556,0],[75.99286,13.03515,0],[75.99195,13.03469,0],[75.99076,13.03409,0],[75.98977,13.03347,0],[75.98854,13.03281,0],[75.98789,13.03236,0],[75.98693,13.03184,0],[75.98625,13.0315,0],[75.98578,13.03122,0],[75.98548,13.03113,0],[75.98515,13.03111,0],[75.98416,13.03113,0],[75.9835,13.03109,0],[75.98318,13.03118,0],[75.98292,13.03142,0]]]},"properties":{"RANGE":"ALUR"}},
{"type":"Feature","geometry":{"type":"Polygon","coordinates":[[[76.38853,13.53323,0],[76.38816,13.53346,0],[76.38594,13.53515,0],[76.38332,13.53689,0],[76.38034,13.5388,0],[76.37968,13.53919,0],[76.37885,13.53973,0],[76.37743,13.54066,0],[76.37669,13.5412,0],[76.37633,13.54149,0],[76.3761,13.54168,0],[76.3754,13.54245,0],[76.37498,13.54295,0],[76.3743,13.54368,0],[76.37347,13.54451,0],[76.37271,13.54517,0],[76.37213,13.54576,0],[76.37157,13.54644,0],[76.37132,13.54673,0],[76.37105,13.54683,0],[76.37075,13.54686,0],[76.37039,13.54687,0],[76.36993,13.54682,0],[76.36834,13.5466,0],[76.36722,13.54641,0],[76.36638,13.54631,0],[76.36555,13.54623,0],[76.36504,13.54613,0],[76.36493,13.54572,0],[76.36493,13.54569,0],[76.36491,13.54545,0],[76.36491,13.54545,0],[76.36488,13.54527,0],[76.36486,13.54511,0],[76.36477,13.54395,0],[76.36477,13.54395,0],[76.36477,13.54365,0],[76.36477,13.54297,0],[76.36466,13.54136,0],[76.36458,13.54024,0],[76.36441,13.53752,0],[76.36437,13.53724,0],[76.36418,13.53473,0],[76.36418,13.53473,0],[76.36415,13.53429,0],[76.36413,13.53392,0],[76.36397,13.53199,0],[76.36395,13.53113,0],[76.3639,13.53069,0],[76.36387,13.53035,0],[76.36382,13.52998,0],[76.36382,13.52998,0],[76.36377,13.52968,0],[76.36357,13.52947,0],[76.36323,13.52928,0],[76.36311,13.52924,0],[76.36279,13.52913,0],[76.36248,13.52905,0],[76.36182,13.52887,0],[76.36097,13.52862,0],[76.36096,13.52862,0],[76.36031,13.52843,0],[76.35911,13.52808,0],[76.35847,13.52785,0],[76.35752,13.5275,0],[76.35663,13.52715,0],[76.35557,13.52675,0],[76.35468,13.52642,0],[76.35468,13.52642,0],[76.35433,13.52612,0],[76.35429,13.52563,0],[76.3543,13.52526,0],[76.3543,13.52526,0],[76.35416,13.5249,0],[76.35386,13.52469,0],[76.35386,13.52469,0],[76.35349,13.52457,0],[76.35325,13.52454,0],[76.3524,13.52446,0],[76.35165,13.52442,0],[76.35151,13.52442,0],[76.35069,13.52452,0],[76.35069,13.52452,0],[76.35049,13.52459,0],[76.35003,13.52476,0],[76.34969,13.52449,0],[76.34959,13.52419,0],[76.34958,13.52399,0],[76.34955,13.52334,0],[76.34958,13.52258,0],[76.34951,13.52146,0],[76.34945,13.52061,0],[76.34945,13.52056,0],[76.34945,13.52005,0],[76.34943,13.51837,0],[76.34943,13.51791,0],[76.34943,13.51722,0],[76.34943,13.51722,0],[76.34943,13.5167,0],[76.34944,13.51642,0],[76.34935,13.51612,0],[76.34935,13.51612,0],[76.34916,13.51581,0],[76.34916,13.51581,0],[76.34853,13.51509,0],[76.34842,13.51495,0],[76.34775,13.51411,0],[76.34722,13.51324,0],[76.347,13.51303,0],[76.347,13.51303,0],[76.34675,13.51295,0],[76.34646,13.51279,0],[76.34613,13.51288,0],[76.34512,13.51284,0],[76.34477,13.51282,0],[76.34421,13.51279,0],[76.34421,13.51279,0],[76.34354,13.51282,0],[76.34307,13.51301,0],[76.34307,13.51301,0],[76.34307,13.51301,0],[76.34272,13.5132,0],[76.34272,13.5132,0],[76.34201,13.5136,0],[76.34134,13.51402,0],[76.34017,13.51475,0],[76.33901,13.51544,0],[76.33826,13.51587,0],[76.33761,13.51624,0],[76.33692,13.51667,0],[76.33487,13.51802,0],[76.33254,13.51971,0],[76.33147,13.52042,0],[76.33099,13.52084,0],[76.3302,13.52154,0],[76.32981,13.52215,0],[76.32832,13.52404,0],[76.32784,13.52474,0],[76.32618,13.52683,0],[76.3259,13.52721,0],[76.32589,13.52721,0],[76.32588,13.52723,0],[76.32536,13.52796,0],[76.32513,13.52832,0],[76.32486,13.52871,0],[76.32451,13.52912,0],[76.32426,13.52945,0],[76.32426,13.52945,0],[76.32353,13.53198,0],[76.32346,13.53219,0],[76.32325,13.5328,0],[76.32291,13.53418,0],[76.32278,13.53469,0],[76.32269,13.53524,0],[76.32261,13.53571,0],[76.32243,13.53613,0],[76.32243,13.53613,0],[76.32196,13.53611,0],[76.32136,13.53607,0],[76.321,13.53605,0],[76.32066,13.53597,0],[76.32009,13.53584,0],[76.32009,13.53584,0],[76.31939,13.53572,0],[76.31908,13.53592,0],[76.31891,13.53647,0],[76.31891,13.53647,0],[76.31881,13.53676,0],[76.31866,13.53722,0],[76.31866,13.53722,0],[76.31856,13.53757,0],[76.31845,13.53799,0],[76.31845,13.53799,0],[76.31834,13.53833,0],[76.31829,13.53849,0],[76.3181,13.53869,0],[76.31766,13.53866,0],[76.31766,13.53866,0],[76.31766,13.53866,0],[76.31714,13.53854,0],[76.31702,13.53821,0],[76.31702,13.53773,0],[76.31706,13.53651,0],[76.31706,13.53651,0],[76.31707,13.53608,0],[76.31708,13.53586,0],[76.31708,13.53586,0],[76.3172,13.5347,0],[76.31722,13.53396,0],[76.31722,13.53376,0],[76.31722,13.53376,0],[76.31712,13.53312,0],[76.31712,13.53312,0],[76.31699,13.53244,0],[76.31695,13.53225,0],[76.31672,13.5311,0],[76.31653,13.53081,0],[76.31622,13.53075,0],[76.31573,13.53073,0],[76.3157,13.53072,0],[76.31504,13.53065,0],[76.31504,13.53065,0],[76.31469,13.53052,0],[76.31469,13.53052,0],[76.31429,13.53001,0],[76.31411,13.52974,0],[76.31401,13.5296,0],[76.31377,13.52941,0],[76.31347,13.5293,0],[76.31303,13.52913,0],[76.31255,13.52891,0],[76.31243,13.52864,0],[76.31242,13.52832,0],[76.31251,13.52717,0],[76.31265,13.52669,0],[76.31295,13.52568,0],[76.31303,13.52539,0],[76.31316,13.52452,0],[76.31283,13.52439,0],[76.31283,13.52439,0],[76.31225,13.52435,0],[76.31224,13.52435,0],[76.3117,13.52429,0],[76.31146,13.52426,0],[76.31146,13.52426,0],[76.31035,13.52418,0],[76.31019,13.5245,0],[76.31019,13.5245,0],[76.30998,13.52501,0],[76.30832,13.52496,0],[76.30797,13.52492,0],[76.30797,13.52492,0],[76.30797,13.52492,0],[76.30773,13.52469,0],[76.30745,13.52378,0],[76.30728,13.52342,0],[76.30728,13.52342,0],[76.30728,13.52342,0],[76.30688,13.52336,0],[76.30688,13.52336,0],[76.30648,13.52342,0],[76.30612,13.52346,0],[76.30553,13.52351,0],[76.30518,13.52354,0],[76.30481,13.52358,0],[76.30452,13.52355,0],[76.30452,13.52354,0],[76.30423,13.52339,0],[76.30423,13.52339,0],[76.30346,13.52278,0],[76.30282,13.52217,0],[76.30236,13.52176,0],[76.3021,13.52152,0],[76.3021,13.52152,0],[76.30172,13.52121,0],[76.30146,13.52115,0],[76.30097,13.52114,0],[76.30056,13.52115,0],[76.30002,13.52129,0],[76.29929,13.52176,0],[76.29929,13.52176,0],[76.29906,13.52194,0],[76.29877,13.52217,0],[76.29843,13.52242,0],[76.298,13.52274,0],[76.2974,13.52313,0],[76.29739,13.52314,0],[76.29692,13.52362,0],[76.29677,13.52401,0],[76.29676,13.52403,0],[76.29666,13.52519,0],[76.29655,13.5258,0],[76.29641,13.52603,0],[76.29603,13.52612,0],[76.29551,13.52614,0],[76.29551,13.52614,0],[76.29516,13.52615,0],[76.29496,13.52615,0],[76.29496,13.52615,0],[76.29436,13.52613,0],[76.29417,13.52552,0],[76.29376,13.5234,0],[76.29369,13.52296,0],[76.29357,13.52222,0],[76.2933,13.52049,0],[76.2933,13.52049,0],[76.29302,13.51785,0],[76.29298,13.51743,0],[76.29298,13.51743,0],[76.29274,13.51503,0],[76.29265,13.51438,0],[76.29232,13.51219,0],[76.29232,13.51219,0],[76.29223,13.5116,0],[76.29223,13.5116,0],[76.29218,13.51079,0],[76.29212,13.50937,0],[76.29216,13.50822,0],[76.29219,13.50763,0],[76.29219,13.50753,0],[76.29203,13.50662,0],[76.29203,13.50662,0],[76.29186,13.50592,0],[76.29179,13.50564,0],[76.2916,13.50521,0],[76.2913,13.50451,0],[76.29104,13.50393,0],[76.29073,13.50386,0],[76.29073,13.50386,0],[76.29029,13.50386,0],[76.28965,13.50388,0],[76.28925,13.50389,0],[76.28889,13.50389,0],[76.2886,13.50389,0],[76.28713,13.50388,0],[76.28668,13.5039,0],[76.28634,13.50391,0],[76.28556,13.50395,0],[76.2851,13.50396,0],[76.28486,13.50396,0],[76.28385,13.50396,0],[76.28156,13.50393,0],[76.28048,13.50389,0],[76.27899,13.5039,0],[76.27825,13.50391,0],[76.27735,13.50389,0],[76.27662,13.50391,0],[76.2762,13.5039,0],[76.2758,13.5039,0],[76.27537,13.50392,0],[76.27492,13.50394,0],[76.27452,13.50398,0],[76.27441,13.50399,0],[76.27415,13.504,0],[76.27319,13.50399,0],[76.27203,13.504,0],[76.27195,13.504,0],[76.27128,13.50403,0],[76.27113,13.50403,0],[76.27078,13.50403,0],[76.27037,13.50407,0],[76.27037,13.50407,0],[76.26979,13.50414,0],[76.26887,13.50421,0],[76.26871,13.50421,0],[76.26785,13.5042,0],[76.26704,13.50424,0],[76.26694,13.50423,0],[76.26638,13.50421,0],[76.26606,13.50421,0],[76.26592,13.50421,0],[76.26538,13.50425,0],[76.26502,13.50429,0],[76.26496,13.50429,0],[76.26418,13.50425,0],[76.26355,13.50426,0],[76.26355,13.50426,0],[76.26317,13.50433,0],[76.26317,13.50433,0],[76.26317,13.50433,0],[76.26295,13.50458,0],[76.26274,13.50526,0],[76.26274,13.50526,0],[76.26255,13.5058,0],[76.26233,13.50653,0],[76.26194,13.50783,0],[76.26194,13.50783,0],[76.26187,13.50811,0],[76.26186,13.50814,0],[76.2617,13.50857,0],[76.2616,13.50885,0],[76.26146,13.50943,0],[76.26132,13.50998,0],[76.26127,13.51049,0],[76.26087,13.51061,0],[76.2602,13.51045,0],[76.2599,13.51037,0],[76.25959,13.51029,0],[76.25844,13.50992,0],[76.25746,13.50956,0],[76.25671,13.50931,0],[76.2564,13.50922,0],[76.25601,13.50911,0],[76.2555,13.50896,0],[76.25545,13.50894,0],[76.25501,13.50882,0],[76.2546,13.50874,0],[76.25414,13.50865,0],[76.25376,13.50857,0],[76.25333,13.50849,0],[76.25275,13.50839,0],[76.25257,13.50836,0],[76.25144,13.50813,0],[76.25022,13.5077,0],[76.25,13.50762,0],[76.24872,13.50758,0],[76.24725,13.5075,0],[76.24659,13.50746,0],[76.24537,13.50739,0],[76.24463,13.50731,0],[76.24422,13.50727,0],[76.2439,13.50724,0],[76.24311,13.50715,0],[76.2431,13.50716,0],[76.24288,13.50748,0],[76.24288,13.50749,0],[76.24268,13.50788,0],[76.24223,13.50797,0],[76.24171,13.50807,0],[76.24125,13.50908,0],[76.241,13.50936,0],[76.2407,13.50968,0],[76.24038,13.50996,0],[76.23996,13.50984,0],[76.23928,13.50961,0],[76.2386,13.50936,0],[76.23802,13.50914,0],[76.2377,13.5093,0],[76.23744,13.50977,0],[76.23715,13.51037,0],[76.23715,13.51038,0],[76.23724,13.51069,0],[76.23792,13.51113,0],[76.23825,13.51142,0],[76.23831,13.51173,0],[76.23831,13.51174,0],[76.23805,13.51208,0],[76.23766,13.51252,0],[76.23705,13.51316,0],[76.23634,13.51417,0],[76.23598,13.51445,0],[76.23576,13.51467,0],[76.23553,13.51489,0],[76.23498,13.51512,0],[76.2343,13.51508,0],[76.23346,13.51489,0],[76.23268,13.51477,0],[76.23197,13.51467,0],[76.23129,13.51458,0],[76.23035,13.51495,0],[76.22925,13.51546,0],[76.22848,13.51568,0],[76.22812,13.51587,0],[76.22782,13.51615,0],[76.22754,13.51641,0],[76.22754,13.51641,0],[76.22735,13.51695,0],[76.22736,13.51758,0],[76.22757,13.51799,0],[76.2278,13.51843,0],[76.22783,13.51888,0],[76.22783,13.51888,0],[76.2277,13.51932,0],[76.2277,13.51932,0],[76.22757,13.5196,0],[76.22731,13.51982,0],[76.22699,13.52011,0],[76.22673,13.52052,0],[76.22666,13.52112,0],[76.2266,13.52144,0],[76.22628,13.52172,0],[76.22508,13.52147,0],[76.22427,13.52134,0],[76.22362,13.52128,0],[76.22314,13.52105,0],[76.22272,13.52086,0],[76.22269,13.52001,0],[76.22256,13.51941,0],[76.22217,13.51906,0],[76.22185,13.51887,0],[76.22152,13.51852,0],[76.22153,13.5179,0],[76.22153,13.51789,0],[76.2214,13.51707,0],[76.22133,13.51653,0],[76.22131,13.51638,0],[76.22126,13.51602,0],[76.22125,13.51598,0],[76.22125,13.51598,0],[76.22091,13.5158,0],[76.22085,13.51577,0],[76.22001,13.51571,0],[76.21939,13.51574,0],[76.219,13.5159,0],[76.21874,13.51783,0],[76.21845,13.51925,0],[76.21842,13.51979,0],[76.21842,13.5198,0],[76.21842,13.5198,0],[76.21842,13.52051,0],[76.21813,13.52156,0],[76.21787,13.52216,0],[76.21761,13.52263,0],[76.21719,13.52311,0],[76.21661,13.52355,0],[76.21583,13.52443,0],[76.21492,13.52516,0],[76.21471,13.52537,0],[76.21454,13.52554,0],[76.21408,13.52583,0],[76.21337,13.52617,0],[76.21201,13.5263,0],[76.2113,13.52652,0],[76.21091,13.52677,0],[76.21072,13.52712,0],[76.21072,13.52712,0],[76.21065,13.52759,0],[76.21065,13.52759,0],[76.21062,13.52791,0],[76.2101,13.52823,0],[76.20984,13.52842,0],[76.20984,13.52843,0],[76.20984,13.52974,0],[76.20988,13.53139,0],[76.20994,13.53265,0],[76.20994,13.53266,0],[76.20987,13.53319,0],[76.20978,13.53354,0],[76.20948,13.5343,0],[76.20884,13.53575,0],[76.20816,13.53702,0],[76.20767,13.53816,0],[76.20735,13.53866,0],[76.20686,13.53898,0],[76.20631,13.53904,0],[76.20495,13.53879,0],[76.20384,13.53857,0],[76.20263,13.53834,0],[76.20095,13.53802,0],[76.19981,13.53783,0],[76.19917,13.53768,0],[76.19839,13.53736,0],[76.19804,13.53718,0],[76.19804,13.5366,0],[76.19855,13.5359,0],[76.1991,13.53524,0],[76.19978,13.53461,0],[76.20043,13.53369,0],[76.20092,13.53293,0],[76.2016,13.53151,0],[76.2016,13.53151,0],[76.20215,13.5311,0],[76.2026,13.53047,0],[76.20274,13.53024,0],[76.20286,13.53006,0],[76.20334,13.52958,0],[76.20383,13.52914,0],[76.20415,13.52889,0],[76.20451,13.52822,0],[76.2047,13.52787,0],[76.20496,13.5274,0],[76.20551,13.52617,0],[76.20551,13.52617,0],[76.2061,13.52481,0],[76.20694,13.52301,0],[76.20759,13.52149,0],[76.20843,13.51924,0],[76.20843,13.51924,0],[76.2095,13.51744,0],[76.21031,13.51589,0],[76.21031,13.51589,0],[76.21102,13.51459,0],[76.21141,13.51384,0],[76.21183,13.5132,0],[76.21225,13.51276,0],[76.21335,13.5121,0],[76.21425,13.51153,0],[76.21545,13.51074,0],[76.21626,13.5102,0],[76.21704,13.50966,0],[76.21752,13.50916,0],[76.21775,13.50865,0],[76.21781,13.50834,0],[76.21781,13.50834,0],[76.21749,13.50767,0],[76.21717,13.50638,0],[76.2171,13.50558,0],[76.2171,13.50558,0],[76.21665,13.50435,0],[76.2162,13.50309,0],[76.21584,13.5021,0],[76.21559,13.50122,0],[76.21559,13.50122,0],[76.21537,13.50089,0],[76.21523,13.50068,0],[76.21525,13.50064,0],[76.21542,13.50013,0],[76.21543,13.50011,0],[76.21543,13.50011,0],[76.21631,13.5,0],[76.21643,13.49999,0],[76.21714,13.50011,0],[76.21775,13.50021,0],[76.2183,13.50052,0],[76.2183,13.50054,0],[76.2183,13.50094,0],[76.21882,13.50113,0],[76.21989,13.50119,0],[76.22009,13.50126,0],[76.22024,13.50132,0],[76.22024,13.50132,0],[76.22031,13.50173,0],[76.22031,13.50173,0],[76.22037,13.50252,0],[76.22053,13.50299,0],[76.22079,13.50321,0],[76.22173,13.50334,0],[76.22315,13.50337,0],[76.22399,13.50331,0],[76.22428,13.50325,0],[76.22454,13.503,0],[76.22461,13.50239,0],[76.22467,13.50176,0],[76.22467,13.50176,0],[76.2248,13.50103,0],[76.22496,13.50031,0],[76.22503,13.49971,0],[76.22503,13.49971,0],[76.22503,13.49921,0],[76.22503,13.4992,0],[76.22509,13.49869,0],[76.22539,13.49857,0],[76.22584,13.49844,0],[76.22639,13.49832,0],[76.22697,13.49803,0],[76.22723,13.49771,0],[76.22736,13.49746,0],[76.22746,13.49692,0],[76.22752,13.49632,0],[76.22752,13.49632,0],[76.2275,13.49572,0],[76.2271,13.49553,0],[76.22645,13.49522,0],[76.22636,13.4949,0],[76.22636,13.4949,0],[76.22636,13.4949,0],[76.22671,13.49348,0],[76.22697,13.49246,0],[76.22697,13.49246,0],[76.22743,13.49126,0],[76.22801,13.48997,0],[76.22801,13.48997,0],[76.22817,13.4895,0],[76.22817,13.48949,0],[76.22795,13.48918,0],[76.22759,13.48899,0],[76.22672,13.48933,0],[76.22626,13.48959,0],[76.22571,13.48959,0],[76.22529,13.48902,0],[76.22474,13.48813,0],[76.22413,13.48724,0],[76.22381,13.48645,0],[76.22352,13.48579,0],[76.22281,13.48468,0],[76.22294,13.48411,0],[76.22342,13.48335,0],[76.22375,13.48278,0],[76.22375,13.48278,0],[76.22375,13.48278,0],[76.22446,13.48266,0],[76.22583,13.48274,0],[76.22653,13.48279,0],[76.22814,13.48279,0],[76.22892,13.48282,0],[76.22963,13.48288,0],[76.23034,13.48287,0],[76.23035,13.48287,0],[76.23062,13.4828,0],[76.2307,13.48278,0],[76.23297,13.48255,0],[76.23441,13.48247,0],[76.23477,13.48241,0],[76.23505,13.48217,0],[76.23506,13.48139,0],[76.23506,13.48138,0],[76.23489,13.48017,0],[76.23489,13.48004,0],[76.23489,13.47978,0],[76.23489,13.47977,0],[76.23483,13.4795,0],[76.23461,13.4791,0],[76.23436,13.47875,0],[76.23416,13.47839,0],[76.23399,13.47808,0],[76.23371,13.47774,0],[76.23351,13.47756,0],[76.23345,13.47751,0],[76.23345,13.4775,0],[76.23331,13.47718,0],[76.23299,13.47383,0],[76.2329,13.47208,0],[76.2329,13.47207,0],[76.23293,13.4715,0],[76.23293,13.47149,0],[76.23268,13.47042,0],[76.23268,13.47042,0],[76.23231,13.46704,0],[76.23205,13.46675,0],[76.23147,13.46668,0],[76.23098,13.46661,0],[76.23051,13.46655,0],[76.22978,13.46644,0],[76.22881,13.46637,0],[76.22881,13.46637,0],[76.22821,13.4663,0],[76.22615,13.46646,0],[76.22435,13.46652,0],[76.22218,13.46642,0],[76.21939,13.46633,0],[76.21682,13.46631,0],[76.2157,13.46635,0],[76.21447,13.46635,0],[76.21335,13.46625,0],[76.21283,13.46616,0],[76.21215,13.46602,0],[76.21165,13.46589,0],[76.21129,13.4657,0],[76.21067,13.46562,0],[76.21009,13.46551,0],[76.20928,13.46553,0],[76.20896,13.46562,0],[76.20881,13.46566,0],[76.20851,13.46582,0],[76.20828,13.46597,0],[76.20792,13.4662,0],[76.20734,13.46637,0],[76.2051,13.46674,0],[76.19947,13.46787,0],[76.19918,13.4678,0],[76.19915,13.46747,0],[76.19916,13.46741,0],[76.19921,13.46709,0],[76.19921,13.46709,0],[76.19944,13.46601,0],[76.19988,13.46362,0],[76.19988,13.46362,0],[76.19993,13.46325,0],[76.20016,13.46224,0],[76.20029,13.46168,0],[76.2005,13.46124,0],[76.2007,13.4609,0],[76.20083,13.4606,0],[76.20092,13.46007,0],[76.20092,13.46007,0],[76.20073,13.4571,0],[76.20072,13.45648,0],[76.20072,13.45647,0],[76.20074,13.45597,0],[76.20091,13.45298,0],[76.20091,13.45298,0],[76.2009,13.45294,0],[76.20069,13.44941,0],[76.20068,13.4494,0],[76.20068,13.4494,0],[76.20031,13.44929,0],[76.20025,13.44927,0],[76.19935,13.44932,0],[76.19802,13.44935,0],[76.19477,13.4493,0],[76.19472,13.44932,0],[76.1945,13.44942,0],[76.19448,13.44943,0],[76.19447,13.44946,0],[76.19436,13.44972,0],[76.19422,13.45002,0],[76.19285,13.4503,0],[76.18892,13.45137,0],[76.18878,13.45141,0],[76.18856,13.45149,0],[76.18854,13.45149,0],[76.18854,13.45151,0],[76.18845,13.45183,0],[76.18845,13.45184,0],[76.18845,13.45184,0],[76.18872,13.45233,0],[76.18881,13.45271,0],[76.18917,13.45354,0],[76.18921,13.45365,0],[76.1893,13.4539,0],[76.1893,13.45391,0],[76.18955,13.45405,0],[76.18992,13.45407,0],[76.1903,13.45422,0],[76.19068,13.4547,0],[76.19207,13.45708,0],[76.1929,13.45874,0],[76.19333,13.45974,0],[76.19378,13.46098,0],[76.19395,13.46196,0],[76.19405,13.4629,0],[76.19418,13.46352,0],[76.19428,13.46446,0],[76.19444,13.46553,0],[76.19464,13.46651,0],[76.19484,13.4676,0],[76.19484,13.4676,0],[76.19465,13.46783,0],[76.19294,13.46854,0],[76.19118,13.46901,0],[76.18958,13.46938,0],[76.18764,13.46925,0],[76.18724,13.4692,0],[76.18647,13.46911,0],[76.18478,13.46864,0],[76.18293,13.4684,0],[76.18158,13.46853,0],[76.17999,13.4687,0],[76.1783,13.4689,0],[76.17617,13.46931,0],[76.17452,13.46957,0],[76.17265,13.46981,0],[76.17075,13.46977,0],[76.16894,13.46964,0],[76.16694,13.46937,0],[76.16493,13.46896,0],[76.16427,13.46884,0],[76.16328,13.46865,0],[76.16327,13.46865,0],[76.16296,13.4683,0],[76.16284,13.46757,0],[76.16284,13.46757,0],[76.16233,13.46592,0],[76.16164,13.46426,0],[76.16088,13.46295,0],[76.16012,13.46183,0],[76.15896,13.46082,0],[76.15896,13.46082,0],[76.15886,13.46022,0],[76.15886,13.46021,0],[76.15886,13.46021,0],[76.15893,13.45944,0],[76.15893,13.45944,0],[76.15881,13.459,0],[76.15881,13.459,0],[76.15834,13.45861,0],[76.15828,13.45856,0],[76.15532,13.45741,0],[76.15311,13.45629,0],[76.15284,13.45609,0],[76.15267,13.45589,0],[76.15246,13.45548,0],[76.15041,13.45146,0],[76.14841,13.44741,0],[76.1482,13.44718,0],[76.14796,13.44697,0],[76.14744,13.4469,0],[76.14744,13.4469,0],[76.14682,13.4469,0],[76.1462,13.4468,0],[76.1462,13.4468,0],[76.14585,13.4465,0],[76.14579,13.44609,0],[76.14561,13.44583,0],[76.14558,13.44579,0],[76.14554,13.44577,0],[76.14535,13.44565,0],[76.14258,13.4439,0],[76.13945,13.44193,0],[76.13945,13.44193,0],[76.13883,13.44163,0],[76.13859,13.44133,0],[76.13859,13.44116,0],[76.13859,13.44106,0],[76.13873,13.44079,0],[76.139,13.44048,0],[76.13912,13.44023,0],[76.13925,13.43994,0],[76.13925,13.43994,0],[76.13952,13.43957,0],[76.13973,13.43913,0],[76.14025,13.43866,0],[76.14032,13.4386,0],[76.14073,13.43799,0],[76.14115,13.43728,0],[76.14135,13.43684,0],[76.14154,13.43644,0],[76.14154,13.43644,0],[76.14173,13.4361,0],[76.14178,13.4358,0],[76.14182,13.43555,0],[76.14182,13.43523,0],[76.14155,13.43396,0],[76.14129,13.43277,0],[76.14046,13.42912,0],[76.14046,13.42912,0],[76.13987,13.42632,0],[76.13983,13.42594,0],[76.13984,13.4259,0],[76.13988,13.42564,0],[76.13988,13.42564,0],[76.13998,13.42539,0],[76.14072,13.42314,0],[76.14118,13.42172,0],[76.1417,13.41988,0],[76.14175,13.41937,0],[76.14169,13.41909,0],[76.14147,13.41888,0],[76.14138,13.41879,0],[76.14138,13.41879,0],[76.14127,13.41869,0],[76.14108,13.4185,0],[76.14086,13.41826,0],[76.14062,13.41809,0],[76.14062,13.41809,0],[76.1404,13.4178,0],[76.1404,13.4178,0],[76.14013,13.41447,0],[76.13986,13.41076,0],[76.13986,13.41076,0],[76.13979,13.41003,0],[76.13986,13.4094,0],[76.14001,13.40908,0],[76.14018,13.40898,0],[76.14082,13.40857,0],[76.14126,13.40822,0],[76.14141,13.4078,0],[76.14141,13.4078,0],[76.14136,13.40743,0],[76.14136,13.40743,0],[76.14136,13.40743,0],[76.14119,13.40719,0],[76.14119,13.40719,0],[76.14119,13.40719,0],[76.14103,13.40717,0],[76.14073,13.40713,0],[76.14073,13.40713,0],[76.14073,13.40713,0],[76.14053,13.40683,0],[76.14049,13.40669,0],[76.14044,13.40647,0],[76.14044,13.40647,0],[76.14044,13.40647,0],[76.14039,13.4059,0],[76.14024,13.40562,0],[76.14024,13.40562,0],[76.14001,13.40552,0],[76.14001,13.40552,0],[76.13975,13.4055,0],[76.13966,13.4055,0],[76.13894,13.4055,0],[76.1386,13.40541,0],[76.13829,13.40526,0],[76.13813,13.40468,0],[76.13791,13.40442,0],[76.13718,13.40433,0],[76.13624,13.40431,0],[76.1352,13.40418,0],[76.13477,13.40411,0],[76.13425,13.40403,0],[76.13343,13.40386,0],[76.13131,13.40313,0],[76.13112,13.40304,0],[76.13103,13.40299,0],[76.13081,13.40293,0],[76.13068,13.4029,0],[76.13048,13.40268,0],[76.13017,13.3998,0],[76.13011,13.39955,0],[76.13011,13.39955,0],[76.12998,13.39933,0],[76.12924,13.39925,0],[76.12924,13.39925,0],[76.12924,13.39925,0],[76.12885,13.39933,0],[76.1288,13.39959,0],[76.12879,13.39965,0],[76.12879,13.39965,0],[76.12851,13.39972,0],[76.12699,13.39969,0],[76.12452,13.40014,0],[76.12347,13.40031,0],[76.12223,13.40052,0],[76.1221,13.40052,0],[76.12136,13.40054,0],[76.12059,13.40044,0],[76.12031,13.4004,0],[76.11847,13.40022,0],[76.11536,13.39997,0],[76.11232,13.39953,0],[76.1119,13.39855,0],[76.11154,13.39731,0],[76.11154,13.39731,0],[76.11136,13.39662,0],[76.11136,13.39662,0],[76.11116,13.39614,0],[76.11116,13.39614,0],[76.11123,13.39585,0],[76.11128,13.3958,0],[76.1115,13.39557,0],[76.11159,13.39508,0],[76.11125,13.39478,0],[76.11089,13.39467,0],[76.10721,13.3934,0],[76.10034,13.39119,0],[76.09997,13.39112,0],[76.09978,13.39139,0],[76.09959,13.39182,0],[76.09936,13.39225,0],[76.09892,13.39244,0],[76.09874,13.39242,0],[76.09849,13.39239,0],[76.09486,13.39244,0],[76.09194,13.39247,0],[76.09166,13.39254,0],[76.09166,13.39254,0],[76.09111,13.39248,0],[76.0908,13.39213,0],[76.09063,13.39159,0],[76.0901,13.38995,0],[76.0901,13.38995,0],[76.08984,13.38929,0],[76.08977,13.38892,0],[76.08968,13.38843,0],[76.08967,13.38826,0],[76.08963,13.38782,0],[76.08963,13.38782,0],[76.08954,13.38726,0],[76.08952,13.38716,0],[76.08937,13.38602,0],[76.08879,13.38362,0],[76.08848,13.38205,0],[76.08825,13.3796,0],[76.08812,13.37826,0],[76.08813,13.37676,0],[76.08813,13.37553,0],[76.08813,13.37553,0],[76.08821,13.3744,0],[76.08828,13.37409,0],[76.08837,13.37372,0],[76.08844,13.37344,0],[76.08861,13.37281,0],[76.08908,13.37171,0],[76.08942,13.3709,0],[76.08953,13.37081,0],[76.08965,13.3707,0],[76.08985,13.37049,0],[76.08986,13.37047,0],[76.08986,13.37019,0],[76.08949,13.37004,0],[76.08949,13.37004,0],[76.0892,13.37012,0],[76.08914,13.37013,0],[76.08868,13.37029,0],[76.08841,13.37033,0],[76.08825,13.37036,0],[76.08355,13.37035,0],[76.08335,13.37037,0],[76.08301,13.3704,0],[76.08269,13.37064,0],[76.08239,13.37088,0],[76.0822,13.37103,0],[76.08155,13.37171,0],[76.08141,13.37183,0],[76.08094,13.37223,0],[76.08023,13.37271,0],[76.07987,13.37283,0],[76.07931,13.37302,0],[76.07814,13.37325,0],[76.07724,13.3735,0],[76.07627,13.37391,0],[76.07164,13.37529,0],[76.06854,13.37597,0],[76.06794,13.3761,0],[76.06711,13.37629,0],[76.06559,13.37664,0],[76.06109,13.37816,0],[76.05805,13.37933,0],[76.05747,13.37956,0],[76.05734,13.37958,0],[76.05719,13.3796,0],[76.0569,13.37947,0],[76.05642,13.37916,0],[76.05611,13.37897,0],[76.05539,13.37842,0],[76.0546,13.37815,0],[76.05423,13.37797,0],[76.05404,13.37792,0],[76.05393,13.3779,0],[76.05359,13.37784,0],[76.05359,13.37784,0],[76.05341,13.3778,0],[76.05322,13.37776,0],[76.05322,13.37776,0],[76.05273,13.37762,0],[76.05273,13.37762,0],[76.04745,13.37532,0],[76.04404,13.37375,0],[76.04297,13.37325,0],[76.04265,13.37304,0],[76.04239,13.37266,0],[76.04229,13.37248,0],[76.04168,13.37139,0],[76.03961,13.36744,0],[76.03961,13.36744,0],[76.0392,13.36667,0],[76.03892,13.36612,0],[76.03875,13.36586,0],[76.03878,13.36551,0],[76.03899,13.3653,0],[76.03927,13.36505,0],[76.03943,13.36462,0],[76.03943,13.36462,0],[76.03941,13.3641,0],[76.03921,13.36346,0],[76.03921,13.36346,0],[76.03905,13.36263,0],[76.03848,13.35972,0],[76.03848,13.35972,0],[76.03811,13.35788,0],[76.038,13.35715,0],[76.03794,13.35675,0],[76.03786,13.35629,0],[76.03781,13.35581,0],[76.0378,13.35572,0],[76.03724,13.35426,0],[76.03662,13.35267,0],[76.03642,13.35222,0],[76.03625,13.35193,0],[76.03605,13.35147,0],[76.03605,13.35145,0],[76.03596,13.3512,0],[76.03583,13.35077,0],[76.03528,13.3498,0],[76.03452,13.34845,0],[76.03428,13.34782,0],[76.03408,13.34729,0],[76.03338,13.34541,0],[76.03312,13.34494,0],[76.03304,13.34479,0],[76.03266,13.34461,0],[76.03266,13.34461,0],[76.03008,13.34447,0],[76.02979,13.34436,0],[76.02982,13.34383,0],[76.02987,13.34372,0],[76.02996,13.34349,0],[76.02996,13.34349,0],[76.03012,13.34342,0],[76.03032,13.34332,0],[76.03059,13.34296,0],[76.03064,13.34247,0],[76.03064,13.34206,0],[76.03068,13.34175,0],[76.03071,13.34166,0],[76.03075,13.3415,0],[76.03088,13.34136,0],[76.03097,13.34127,0],[76.03199,13.3403,0],[76.03218,13.34011,0],[76.03276,13.33948,0],[76.03402,13.3381,0],[76.03434,13.33762,0],[76.03553,13.33583,0],[76.03553,13.33583,0],[76.03565,13.33554,0],[76.03544,13.33528,0],[76.03382,13.33491,0],[76.03415,13.33158,0],[76.0341,13.33122,0],[76.03365,13.3311,0],[76.03331,13.33122,0],[76.0329,13.33138,0],[76.03216,13.33133,0],[76.03216,13.33133,0],[76.03168,13.33149,0],[76.03135,13.33169,0],[76.03135,13.33169,0],[76.03123,13.3318,0],[76.03111,13.33189,0],[76.03067,13.33203,0],[76.03067,13.33203,0],[76.02993,13.33209,0],[76.02993,13.33209,0],[76.02957,13.33185,0],[76.02908,13.33055,0],[76.02896,13.33012,0],[76.02814,13.3273,0],[76.02804,13.32696,0],[76.02802,13.32676,0],[76.02801,13.32662,0],[76.02794,13.32075,0],[76.02797,13.32046,0],[76.02828,13.32023,0],[76.02874,13.32028,0],[76.02874,13.32028,0],[76.02874,13.32028,0],[76.0291,13.32051,0],[76.02939,13.32079,0],[76.02943,13.3212,0],[76.0294,13.32139,0],[76.02936,13.32158,0],[76.02936,13.32159,0],[76.02936,13.32159,0],[76.02922,13.32197,0],[76.02922,13.32197,0],[76.02921,13.32233,0],[76.02958,13.3227,0],[76.02958,13.3227,0],[76.02995,13.32283,0],[76.03045,13.32279,0],[76.03045,13.32279,0],[76.03087,13.32278,0],[76.03087,13.32278,0],[76.03102,13.32277,0],[76.03116,13.32276,0],[76.03116,13.32276,0],[76.03144,13.32263,0],[76.03156,13.32238,0],[76.03163,13.32204,0],[76.03179,13.32175,0],[76.03186,13.32132,0],[76.03198,13.321,0],[76.03207,13.32076,0],[76.03212,13.32064,0],[76.03217,13.32056,0],[76.03241,13.32025,0],[76.03287,13.31989,0],[76.03297,13.31982,0],[76.03342,13.31962,0],[76.03342,13.31962,0],[76.03342,13.31962,0],[76.0338,13.31953,0],[76.0338,13.31953,0],[76.0342,13.31953,0],[76.03429,13.31953,0],[76.03429,13.31953,0],[76.03466,13.31962,0],[76.03505,13.31964,0],[76.0354,13.31966,0],[76.03576,13.31963,0],[76.03596,13.31962,0],[76.03634,13.31957,0],[76.03673,13.3193,0],[76.03722,13.31919,0],[76.03761,13.31921,0],[76.03779,13.31922,0],[76.03779,13.31922,0],[76.03824,13.31938,0],[76.03832,13.31945,0],[76.03853,13.31962,0],[76.0387,13.31981,0],[76.03891,13.32011,0],[76.03891,13.32011,0],[76.03919,13.32053,0],[76.03919,13.32053,0],[76.03919,13.32053,0],[76.03945,13.32089,0],[76.03945,13.32089,0],[76.03966,13.32118,0],[76.03975,13.32128,0],[76.03995,13.32146,0],[76.04021,13.32162,0],[76.04036,13.3217,0],[76.04067,13.3217,0],[76.04101,13.32169,0],[76.04107,13.32168,0],[76.04136,13.32164,0],[76.04136,13.32164,0],[76.04191,13.32162,0],[76.04191,13.32162,0],[76.0424,13.32162,0],[76.04269,13.32166,0],[76.04309,13.32181,0],[76.04309,13.32181,0],[76.04338,13.32201,0],[76.04357,13.32227,0],[76.04357,13.32227,0],[76.04384,13.3224,0],[76.044,13.32195,0],[76.04397,13.32147,0],[76.04397,13.32147,0],[76.04378,13.32123,0],[76.0437,13.32112,0],[76.04321,13.32047,0],[76.04304,13.32016,0],[76.04307,13.31983,0],[76.04324,13.31951,0],[76.04335,13.31924,0],[76.04337,13.31897,0],[76.04333,13.31869,0],[76.04307,13.31836,0],[76.04269,13.31806,0],[76.04218,13.31782,0],[76.04176,13.31769,0],[76.04129,13.31775,0],[76.04101,13.31803,0],[76.04086,13.31814,0],[76.04076,13.31821,0],[76.04058,13.31834,0],[76.04049,13.3184,0],[76.04036,13.31854,0],[76.04029,13.31862,0],[76.04003,13.31877,0],[76.03985,13.31881,0],[76.03976,13.31884,0],[76.03945,13.31872,0],[76.03928,13.31841,0],[76.03927,13.31814,0],[76.03904,13.3178,0],[76.03904,13.3178,0],[76.03904,13.3178,0],[76.03878,13.31764,0],[76.03877,13.31764,0],[76.03845,13.31762,0],[76.03845,13.31762,0],[76.03825,13.31743,0],[76.0384,13.31716,0],[76.0384,13.31716,0],[76.03863,13.31699,0],[76.03863,13.31699,0],[76.03894,13.3169,0],[76.03901,13.31688,0],[76.03909,13.31681,0],[76.03934,13.3166,0],[76.03947,13.31655,0],[76.03961,13.31651,0],[76.03983,13.31634,0],[76.03983,13.31634,0],[76.03993,13.31596,0],[76.0399,13.31545,0],[76.0399,13.31545,0],[76.03964,13.31516,0],[76.03952,13.31487,0],[76.03953,13.31445,0],[76.03969,13.31403,0],[76.03969,13.31403,0],[76.0398,13.31364,0],[76.0398,13.31364,0],[76.03989,13.31324,0],[76.04,13.31286,0],[76.04,13.31286,0],[76.0403,13.31236,0],[76.04044,13.31162,0],[76.04044,13.31162,0],[76.04045,13.31152,0],[76.04055,13.31095,0],[76.04059,13.31067,0],[76.04059,13.31067,0],[76.04067,13.3103,0],[76.04067,13.3103,0],[76.04077,13.31006,0],[76.04084,13.30987,0],[76.04087,13.30967,0],[76.04091,13.30947,0],[76.04093,13.30937,0],[76.04103,13.30903,0],[76.04083,13.30836,0],[76.04083,13.30836,0],[76.0404,13.30807,0],[76.03988,13.30797,0],[76.03953,13.30809,0],[76.03901,13.30831,0],[76.03858,13.30837,0],[76.03858,13.30837,0],[76.03858,13.30837,0],[76.03825,13.30835,0],[76.03825,13.30835,0],[76.03825,13.30835,0],[76.03802,13.30815,0],[76.03798,13.30796,0],[76.03793,13.30776,0],[76.03793,13.3073,0],[76.03793,13.3073,0],[76.03796,13.30689,0],[76.03807,13.30655,0],[76.03842,13.30628,0],[76.03843,13.30627,0],[76.03922,13.30529,0],[76.03922,13.30528,0],[76.03941,13.30495,0],[76.0394,13.30448,0],[76.03932,13.30415,0],[76.03932,13.30415,0],[76.03912,13.30386,0],[76.03875,13.30384,0],[76.03851,13.30396,0],[76.03848,13.30397,0],[76.03812,13.30405,0],[76.03812,13.30405,0],[76.03812,13.30405,0],[76.0376,13.30403,0],[76.03734,13.30392,0],[76.03711,13.3037,0],[76.03711,13.3037,0],[76.03711,13.3037,0],[76.03686,13.3033,0],[76.0369,13.30295,0],[76.0369,13.30295,0],[76.0369,13.30295,0],[76.03714,13.3027,0],[76.03749,13.30256,0],[76.0375,13.30256,0],[76.03775,13.30246,0],[76.03785,13.30226,0],[76.03788,13.3022,0],[76.03788,13.3022,0],[76.03793,13.30193,0],[76.0378,13.30167,0],[76.03772,13.30125,0],[76.0377,13.30092,0],[76.0377,13.30092,0],[76.03761,13.30081,0],[76.03751,13.30071,0],[76.0373,13.30041,0],[76.0373,13.30041,0],[76.0373,13.30041,0],[76.037,13.30016,0],[76.037,13.30016,0],[76.0369,13.30007,0],[76.03672,13.29992,0],[76.03649,13.29967,0],[76.03647,13.29933,0],[76.0368,13.29917,0],[76.03719,13.29913,0],[76.03739,13.29912,0],[76.03762,13.29911,0],[76.03795,13.29908,0],[76.03836,13.2987,0],[76.0385,13.29843,0],[76.0385,13.29796,0],[76.0385,13.29757,0],[76.03823,13.29684,0],[76.0382,13.2964,0],[76.03816,13.29577,0],[76.03823,13.29457,0],[76.03809,13.29414,0],[76.03803,13.29397,0],[76.03806,13.29392,0],[76.03824,13.29364,0],[76.03824,13.29364,0],[76.03835,13.29353,0],[76.03844,13.29344,0],[76.03844,13.29344,0],[76.03873,13.29349,0],[76.03885,13.29351,0],[76.03908,13.2936,0],[76.03919,13.29364,0],[76.03928,13.29362,0],[76.03928,13.29362,0],[76.03967,13.29351,0],[76.03997,13.29344,0],[76.03997,13.29344,0],[76.04014,13.29308,0],[76.04014,13.29308,0],[76.04038,13.29231,0],[76.04043,13.29186,0],[76.04045,13.29164,0],[76.0404,13.29135,0],[76.04032,13.29091,0],[76.03998,13.29045,0],[76.03994,13.29038,0],[76.03964,13.28991,0],[76.03964,13.28969,0],[76.03964,13.28965,0],[76.03964,13.28965,0],[76.03964,13.28938,0],[76.03971,13.28911,0],[76.04025,13.28772,0],[76.04025,13.28772,0],[76.04038,13.2872,0],[76.04094,13.28492,0],[76.04098,13.2847,0],[76.04107,13.28419,0],[76.04107,13.28419,0],[76.04108,13.28362,0],[76.04108,13.28346,0],[76.04114,13.28286,0],[76.04097,13.28206,0],[76.04002,13.28019,0],[76.03991,13.28,0],[76.0399,13.27999,0],[76.03962,13.27953,0],[76.03921,13.27879,0],[76.03935,13.27839,0],[76.03986,13.27826,0],[76.04037,13.27819,0],[76.04037,13.27819,0],[76.04054,13.27823,0],[76.04071,13.27826,0],[76.04105,13.27826,0],[76.04159,13.27826,0],[76.04185,13.27826,0],[76.04221,13.27826,0],[76.04261,13.27846,0],[76.04286,13.27858,0],[76.04289,13.2786,0],[76.04326,13.27886,0],[76.04357,13.2785,0],[76.04357,13.27849,0],[76.04357,13.27813,0],[76.04352,13.27796,0],[76.0435,13.27786,0],[76.04346,13.27762,0],[76.04343,13.27747,0],[76.04343,13.277,0],[76.04343,13.2766,0],[76.04348,13.2765,0],[76.04357,13.27633,0],[76.04364,13.27567,0],[76.04384,13.27507,0],[76.04453,13.27494,0],[76.04489,13.27471,0],[76.04507,13.2746,0],[76.0454,13.27433,0],[76.04548,13.27427,0],[76.04548,13.27381,0],[76.0454,13.27367,0],[76.04528,13.27347,0],[76.04514,13.27337,0],[76.04494,13.27321,0],[76.04471,13.27305,0],[76.04446,13.27287,0],[76.04431,13.27261,0],[76.04419,13.27241,0],[76.04407,13.2719,0],[76.04405,13.27181,0],[76.04307,13.26974,0],[76.04297,13.26959,0],[76.0428,13.26934,0],[76.0428,13.26934,0],[76.04268,13.26888,0],[76.04266,13.26881,0],[76.04273,13.26821,0],[76.04267,13.26787,0],[76.04266,13.26781,0],[76.04246,13.26741,0],[76.04225,13.26714,0],[76.04219,13.26688,0],[76.04198,13.26661,0],[76.04205,13.26629,0],[76.04205,13.26628,0],[76.04217,13.26621,0],[76.04239,13.26608,0],[76.04266,13.26575,0],[76.04287,13.26555,0],[76.04287,13.26555,0],[76.04289,13.26547,0],[76.04294,13.26528,0],[76.04273,13.26514,0],[76.04253,13.26501,0],[76.04209,13.26491,0],[76.04209,13.26491,0],[76.04165,13.26488,0],[76.0413,13.26488,0],[76.04128,13.26489,0],[76.04103,13.26501,0],[76.04094,13.26506,0],[76.04076,13.26514,0],[76.04058,13.26514,0],[76.04049,13.26514,0],[76.04022,13.26494,0],[76.04012,13.26472,0],[76.04008,13.26461,0],[76.04007,13.26455,0],[76.04001,13.26428,0],[76.04022,13.26413,0],[76.04049,13.26394,0],[76.0408,13.26383,0],[76.04103,13.26375,0],[76.04124,13.26355,0],[76.04139,13.26343,0],[76.04158,13.26328,0],[76.04159,13.26313,0],[76.04165,13.26261,0],[76.04165,13.26188,0],[76.04165,13.26188,0],[76.04116,13.26134,0],[76.04111,13.26128,0],[76.04083,13.26122,0],[76.04065,13.26101,0],[76.04036,13.26068,0],[76.03995,13.25995,0],[76.03979,13.25964,0],[76.03968,13.25942,0],[76.03956,13.25874,0],[76.0401,13.25833,0],[76.04072,13.25815,0],[76.0413,13.25811,0],[76.04164,13.25788,0],[76.04192,13.25752,0],[76.0427,13.2568,0],[76.04349,13.25626,0],[76.04413,13.25599,0],[76.04441,13.25581,0],[76.04455,13.25554,0],[76.04459,13.25518,0],[76.04528,13.25491,0],[76.04598,13.25464,0],[76.04611,13.25433,0],[76.04625,13.25392,0],[76.04646,13.25365,0],[76.04678,13.25352,0],[76.04734,13.25329,0],[76.04948,13.25274,0],[76.04971,13.25199,0],[76.05052,13.25177,0],[76.05199,13.25123,0],[76.05374,13.25064,0],[76.05478,13.25046,0],[76.05533,13.25026,0],[76.05606,13.25002,0],[76.05663,13.24975,0],[76.05713,13.24952,0],[76.05762,13.24927,0],[76.05811,13.24905,0],[76.05867,13.24887,0],[76.05904,13.24875,0],[76.05936,13.24887,0],[76.05944,13.24922,0],[76.05947,13.2499,0],[76.05948,13.25051,0],[76.05971,13.25106,0],[76.05971,13.25169,0],[76.05961,13.25295,0],[76.05957,13.25434,0],[76.05956,13.25615,0],[76.05945,13.25696,0],[76.0594,13.25723,0],[76.05912,13.25788,0],[76.05857,13.25858,0],[76.05746,13.26056,0],[76.05663,13.26214,0],[76.0558,13.26407,0],[76.0555,13.26506,0],[76.05541,13.26556,0],[76.05536,13.26601,0],[76.05527,13.26673,0],[76.05545,13.26894,0],[76.05549,13.26961,0],[76.05531,13.27196,0],[76.05537,13.27223,0],[76.05556,13.2725,0],[76.05579,13.27299,0],[76.05606,13.27335,0],[76.05648,13.27372,0],[76.0579,13.27435,0],[76.05887,13.2748,0],[76.05993,13.27534,0],[76.06062,13.27566,0],[76.06122,13.27588,0],[76.06173,13.27611,0],[76.06258,13.27656,0],[76.06336,13.27701,0],[76.06355,13.27737,0],[76.06391,13.27778,0],[76.06442,13.27837,0],[76.06474,13.27859,0],[76.06506,13.27877,0],[76.06599,13.27913,0],[76.06686,13.27959,0],[76.06737,13.27995,0],[76.0679,13.28053,0],[76.0684,13.28085,0],[76.06905,13.28116,0],[76.06964,13.28144,0],[76.07029,13.28216,0],[76.07121,13.2832,0],[76.07282,13.28504,0],[76.07319,13.28549,0],[76.07346,13.28608,0],[76.07367,13.28653,0],[76.07399,13.28674,0],[76.07491,13.28676,0],[76.07671,13.28672,0],[76.07846,13.28667,0],[76.07961,13.28663,0],[76.08035,13.28658,0],[76.08081,13.2865,0],[76.08123,13.2865,0],[76.08226,13.28636,0],[76.08323,13.28632,0],[76.08388,13.28641,0],[76.08457,13.28641,0],[76.08507,13.2865,0],[76.08623,13.28673,0],[76.08696,13.28704,0],[76.08726,13.28713,0],[76.08747,13.28686,0],[76.08761,13.28664,0],[76.08853,13.28475,0],[76.08904,13.28349,0],[76.08966,13.28209,0],[76.09031,13.28101,0],[76.09063,13.28015,0],[76.09091,13.27903,0],[76.09119,13.27777,0],[76.09137,13.27623,0],[76.09149,13.27551,0],[76.09163,13.27484,0],[76.09177,13.27425,0],[76.09186,13.27349,0],[76.09205,13.27281,0],[76.09219,13.27218,0],[76.09278,13.27205,0],[76.09472,13.27155,0],[76.09767,13.27115,0],[76.09792,13.27079,0],[76.09792,13.27047,0],[76.09836,13.27034,0],[76.0988,13.27034,0],[76.09894,13.27061,0],[76.09931,13.27084,0],[76.10179,13.27278,0],[76.10207,13.27305,0],[76.10216,13.27359,0],[76.1022,13.27413,0],[76.10234,13.27503,0],[76.10257,13.27553,0],[76.10289,13.27571,0],[76.10378,13.27579,0],[76.10563,13.27589,0],[76.10734,13.2758,0],[76.10909,13.27571,0],[76.1096,13.27571,0],[76.10999,13.27549,0],[76.1102,13.2749,0],[76.11043,13.27049,0],[76.11074,13.26733,0],[76.11078,13.26535,0],[76.11097,13.26332,0],[76.11137,13.25684,0],[76.11151,13.25467,0],[76.11172,13.25138,0],[76.11206,13.25,0],[76.11268,13.24777,0],[76.11299,13.24658,0],[76.11327,13.245,0],[76.11344,13.24418,0],[76.11366,13.2424,0],[76.11394,13.241,0],[76.11419,13.2398,0],[76.11429,13.23908,0],[76.11449,13.23765,0],[76.11464,13.23659,0],[76.1148,13.2358,0],[76.11502,13.23479,0],[76.11512,13.23418,0],[76.11551,13.23217,0],[76.11573,13.23102,0],[76.11584,13.23014,0],[76.11604,13.22915,0],[76.11624,13.228,0],[76.11637,13.2272,0],[76.11661,13.22611,0],[76.11677,13.22529,0],[76.11689,13.2243,0],[76.11706,13.22351,0],[76.11719,13.22286,0],[76.11726,13.22237,0],[76.11737,13.2217,0],[76.11748,13.22129,0],[76.11761,13.22095,0],[76.11774,13.22052,0],[76.11785,13.21974,0],[76.11795,13.21914,0],[76.118,13.21866,0],[76.11809,13.21822,0],[76.11817,13.21793,0],[76.11829,13.21769,0],[76.11841,13.21745,0],[76.11847,13.21715,0],[76.11849,13.21682,0],[76.11858,13.21621,0],[76.11873,13.21567,0],[76.1189,13.21493,0],[76.11906,13.21434,0],[76.11913,13.21395,0],[76.11917,13.21367,0],[76.11922,13.21318,0],[76.11931,13.21252,0],[76.11939,13.21191,0],[76.11945,13.21124,0],[76.1195,13.21079,0],[76.11956,13.21044,0],[76.11962,13.21017,0],[76.11981,13.20959,0],[76.11985,13.20932,0],[76.11986,13.20902,0],[76.11988,13.20827,0],[76.1199,13.20752,0],[76.11988,13.20695,0],[76.11988,13.20657,0],[76.12029,13.20629,0],[76.12065,13.2063,0],[76.12108,13.20636,0],[76.12141,13.20638,0],[76.12182,13.20641,0],[76.12223,13.20642,0],[76.12259,13.20647,0],[76.12311,13.20649,0],[76.12378,13.20655,0],[76.12447,13.20659,0],[76.1251,13.2066,0],[76.12572,13.20663,0],[76.12601,13.20668,0],[76.12641,13.20677,0],[76.12705,13.20683,0],[76.12768,13.20694,0],[76.12838,13.20707,0],[76.12915,13.20728,0],[76.12961,13.20748,0],[76.13022,13.20775,0],[76.13082,13.20798,0],[76.1312,13.20808,0],[76.13173,13.20824,0],[76.13219,13.20843,0],[76.13265,13.2086,0],[76.13314,13.20874,0],[76.13356,13.20886,0],[76.13404,13.20902,0],[76.13477,13.2093,0],[76.13528,13.20949,0],[76.13562,13.20957,0],[76.136,13.20966,0],[76.13661,13.20986,0],[76.13735,13.21015,0],[76.13783,13.21036,0],[76.13825,13.21046,0],[76.13886,13.21066,0],[76.13967,13.21097,0],[76.14026,13.21116,0],[76.14076,13.21129,0],[76.14146,13.2115,0],[76.14204,13.21175,0],[76.14266,13.21207,0],[76.14317,13.21229,0],[76.14373,13.21251,0],[76.14434,13.21273,0],[76.14487,13.21297,0],[76.14553,13.21337,0],[76.146,13.21348,0],[76.14627,13.21325,0],[76.14647,13.21298,0],[76.1469,13.21255,0],[76.14734,13.2121,0],[76.14777,13.21171,0],[76.14819,13.21126,0],[76.14878,13.21076,0],[76.14916,13.21042,0],[76.14941,13.21011,0],[76.14972,13.20963,0],[76.15001,13.20913,0],[76.15025,13.20874,0],[76.15048,13.20838,0],[76.15071,13.20806,0],[76.15097,13.20756,0],[76.15118,13.20711,0],[76.15136,13.20664,0],[76.1515,13.20608,0],[76.15158,13.20571,0],[76.15166,13.20534,0],[76.15167,13.20505,0],[76.15159,13.20478,0],[76.15146,13.20448,0],[76.15115,13.20404,0],[76.15079,13.20338,0],[76.15074,13.20298,0],[76.15079,13.20261,0],[76.15088,13.2021,0],[76.15103,13.20144,0],[76.15112,13.20109,0],[76.15123,13.20079,0],[76.1514,13.20024,0],[76.15153,13.19973,0],[76.15163,13.19907,0],[76.15167,13.19875,0],[76.15168,13.19813,0],[76.15159,13.19751,0],[76.15147,13.197,0],[76.15126,13.1963,0],[76.15095,13.19564,0],[76.15068,13.19517,0],[76.15043,13.19486,0],[76.1501,13.19463,0],[76.14977,13.19452,0],[76.14892,13.19426,0],[76.14803,13.19398,0],[76.14668,13.19358,0],[76.14556,13.19322,0],[76.14458,13.19297,0],[76.14397,13.19273,0],[76.14335,13.19246,0],[76.14241,13.19213,0],[76.1418,13.19193,0],[76.14131,13.19174,0],[76.14101,13.19153,0],[76.14077,13.19125,0],[76.14066,13.19095,0],[76.14064,13.19062,0],[76.14064,13.19027,0],[76.14065,13.18971,0],[76.14075,13.189,0],[76.14082,13.18838,0],[76.14083,13.18792,0],[76.14078,13.18708,0],[76.14079,13.18644,0],[76.1408,13.18606,0],[76.14083,13.1857,0],[76.14091,13.18541,0],[76.1411,13.18487,0],[76.14125,13.18448,0],[76.14141,13.18402,0],[76.14151,13.18367,0],[76.14191,13.18257,0],[76.14203,13.18203,0],[76.14217,13.1813,0],[76.14222,13.18096,0],[76.14232,13.18019,0],[76.14244,13.17932,0],[76.14249,13.17859,0],[76.14251,13.17825,0],[76.1426,13.17754,0],[76.14275,13.17732,0],[76.14303,13.17716,0],[76.14335,13.17715,0],[76.14369,13.17723,0],[76.14397,13.17729,0],[76.1444,13.17737,0],[76.14484,13.17738,0],[76.14522,13.17716,0],[76.14539,13.17681,0],[76.14554,13.1763,0],[76.14573,13.17569,0],[76.14596,13.175,0],[76.14613,13.1744,0],[76.14631,13.17386,0],[76.14646,13.17326,0],[76.14659,13.17262,0],[76.14667,13.17228,0],[76.1469,13.17145,0],[76.14704,13.17085,0],[76.14732,13.17005,0],[76.14743,13.16965,0],[76.14767,13.1689,0],[76.14786,13.16839,0],[76.148,13.16776,0],[76.14825,13.16757,0],[76.14841,13.168,0],[76.14855,13.16832,0],[76.14872,13.16866,0],[76.14889,13.16898,0],[76.14917,13.1695,0],[76.14952,13.17009,0],[76.14986,13.17064,0],[76.15019,13.17116,0],[76.15053,13.17174,0],[76.15079,13.17228,0],[76.15097,13.1728,0],[76.15121,13.17339,0],[76.15149,13.17384,0],[76.15183,13.17435,0],[76.15216,13.17493,0],[76.15254,13.1756,0],[76.15291,13.17619,0],[76.15316,13.17637,0],[76.15354,13.17638,0],[76.15396,13.17624,0],[76.15446,13.176,0],[76.15487,13.17581,0],[76.15519,13.17549,0],[76.15546,13.17502,0],[76.1558,13.17422,0],[76.15616,13.17355,0],[76.15642,13.17301,0],[76.15666,13.17254,0],[76.15687,13.17206,0],[76.15721,13.17154,0],[76.15739,13.17126,0],[76.1574,13.17094,0],[76.15715,13.17065,0],[76.15705,13.17027,0],[76.1572,13.17,0],[76.15733,13.16977,0],[76.15733,13.16947,0],[76.15721,13.16914,0],[76.15715,13.16886,0],[76.15711,13.16846,0],[76.15692,13.16806,0],[76.1566,13.16776,0],[76.15633,13.16736,0],[76.15607,13.16691,0],[76.15608,13.16654,0],[76.15627,13.16629,0],[76.15656,13.16598,0],[76.15702,13.16562,0],[76.15701,13.16476,0],[76.15707,13.16347,0],[76.15709,13.16301,0],[76.15799,13.16071,0],[76.15864,13.15983,0],[76.15937,13.15903,0],[76.16051,13.15864,0],[76.16197,13.15848,0],[76.16393,13.15864,0],[76.16563,13.15864,0],[76.16726,13.1588,0],[76.16978,13.1575,0],[76.17007,13.15728,0],[76.17029,13.157,0],[76.17065,13.15645,0],[76.17128,13.15571,0],[76.17159,13.15517,0],[76.17182,13.15448,0],[76.17194,13.154,0],[76.17204,13.1534,0],[76.17203,13.15295,0],[76.17196,13.15256,0],[76.17181,13.15195,0],[76.17162,13.15122,0],[76.17142,13.15076,0],[76.17116,13.1498,0],[76.17093,13.1492,0],[76.17072,13.14851,0],[76.17053,13.14777,0],[76.17045,13.14737,0],[76.17022,13.14652,0],[76.17008,13.14596,0],[76.16997,13.1454,0],[76.16991,13.14491,0],[76.16975,13.1444,0],[76.16961,13.14397,0],[76.16942,13.14321,0],[76.16927,13.14253,0],[76.16919,13.14205,0],[76.16911,13.14148,0],[76.16898,13.14083,0],[76.16894,13.14031,0],[76.16895,13.13973,0],[76.16898,13.13938,0],[76.16903,13.13837,0],[76.16912,13.13778,0],[76.16915,13.137,0],[76.16915,13.1364,0],[76.16916,13.13584,0],[76.16919,13.13551,0],[76.16925,13.13463,0],[76.1693,13.13378,0],[76.16933,13.13298,0],[76.16929,13.13233,0],[76.16917,13.13186,0],[76.16914,13.13147,0],[76.16926,13.13121,0],[76.16951,13.13091,0],[76.16992,13.1308,0],[76.17024,13.13081,0],[76.17114,13.13093,0],[76.17188,13.131,0],[76.17279,13.13103,0],[76.17393,13.13114,0],[76.17496,13.13123,0],[76.17587,13.13134,0],[76.17663,13.13146,0],[76.17807,13.13164,0],[76.17889,13.13178,0],[76.17941,13.13185,0],[76.18007,13.13194,0],[76.18102,13.13208,0],[76.18229,13.13218,0],[76.18325,13.13231,0],[76.18414,13.1325,0],[76.18475,13.1327,0],[76.18582,13.13303,0],[76.18672,13.13322,0],[76.18752,13.13334,0],[76.18831,13.13349,0],[76.18981,13.13376,0],[76.19072,13.1339,0],[76.1913,13.13406,0],[76.19167,13.13419,0],[76.19177,13.13443,0],[76.19183,13.13486,0],[76.19201,13.13808,0],[76.19208,13.13871,0],[76.19212,13.13961,0],[76.19202,13.14013,0],[76.19172,13.14045,0],[76.19123,13.1407,0],[76.19084,13.14089,0],[76.19061,13.14109,0],[76.19043,13.14137,0],[76.19037,13.14165,0],[76.1904,13.14203,0],[76.19046,13.14265,0],[76.19071,13.14445,0],[76.19079,13.14576,0],[76.19083,13.14603,0],[76.19095,13.14732,0],[76.19104,13.14849,0],[76.19106,13.14938,0],[76.19116,13.14979,0],[76.19137,13.15001,0],[76.1916,13.15016,0],[76.19196,13.15031,0],[76.1924,13.15044,0],[76.19291,13.1506,0],[76.19355,13.15079,0],[76.19435,13.15102,0],[76.19556,13.15123,0],[76.19628,13.15131,0],[76.19687,13.1514,0],[76.19729,13.15145,0],[76.19762,13.15151,0],[76.19811,13.15151,0],[76.19845,13.15147,0],[76.19886,13.15133,0],[76.19912,13.1512,0],[76.19934,13.15103,0],[76.1996,13.15083,0],[76.19995,13.1505,0],[76.20023,13.15024,0],[76.20045,13.15011,0],[76.20079,13.14994,0],[76.20132,13.1498,0],[76.20188,13.14975,0],[76.2025,13.14972,0],[76.20321,13.14974,0],[76.20449,13.14975,0],[76.20525,13.14981,0],[76.20578,13.14981,0],[76.20637,13.1499,0],[76.20697,13.15005,0],[76.2076,13.15019,0],[76.20822,13.15029,0],[76.20877,13.15045,0],[76.20918,13.15057,0],[76.20957,13.15062,0],[76.21003,13.15056,0],[76.21027,13.15025,0],[76.21068,13.1494,0],[76.21096,13.14891,0],[76.21125,13.14848,0],[76.21158,13.14806,0],[76.21201,13.14742,0],[76.21246,13.14691,0],[76.21281,13.14659,0],[76.2132,13.14629,0],[76.21363,13.14596,0],[76.21416,13.14555,0],[76.21436,13.14529,0],[76.21451,13.14502,0],[76.21462,13.14474,0],[76.21475,13.1444,0],[76.21495,13.14389,0],[76.21511,13.14328,0],[76.21522,13.14273,0],[76.21539,13.14181,0],[76.21552,13.14129,0],[76.21569,13.14082,0],[76.21589,13.14005,0],[76.21602,13.13962,0],[76.21613,13.13901,0],[76.21619,13.13848,0],[76.21627,13.13792,0],[76.21641,13.1372,0],[76.21661,13.13662,0],[76.21675,13.13626,0],[76.21696,13.13551,0],[76.21714,13.13492,0],[76.21737,13.13438,0],[76.21764,13.13403,0],[76.21802,13.13381,0],[76.21841,13.13368,0],[76.21895,13.13353,0],[76.22019,13.13319,0],[76.22106,13.13296,0],[76.22165,13.13284,0],[76.22219,13.13272,0],[76.22346,13.13239,0],[76.22426,13.13217,0],[76.2247,13.13198,0],[76.2254,13.13178,0],[76.22664,13.13144,0],[76.2276,13.13119,0],[76.22826,13.13108,0],[76.22893,13.1309,0],[76.23006,13.13058,0],[76.23068,13.1304,0],[76.23134,13.13019,0],[76.23194,13.13004,0],[76.2327,13.12992,0],[76.2338,13.12968,0],[76.23447,13.12954,0],[76.23525,13.12943,0],[76.23579,13.12934,0],[76.23635,13.12923,0],[76.23755,13.12906,0],[76.23828,13.12892,0],[76.23881,13.12884,0],[76.23936,13.12877,0],[76.24002,13.12868,0],[76.24126,13.12843,0],[76.24191,13.1283,0],[76.24251,13.12818,0],[76.24323,13.12808,0],[76.24458,13.12781,0],[76.24529,13.12769,0],[76.24574,13.12766,0],[76.24628,13.1276,0],[76.24699,13.12743,0],[76.24809,13.12723,0],[76.24872,13.12713,0],[76.24942,13.12699,0],[76.24994,13.12686,0],[76.25042,13.12667,0],[76.25108,13.12648,0],[76.25192,13.12631,0],[76.25252,13.12612,0],[76.25332,13.12605,0],[76.25396,13.12602,0],[76.25466,13.12602,0],[76.25515,13.12594,0],[76.25605,13.12577,0],[76.26151,13.12511,0],[76.26399,13.12468,0],[76.26586,13.12432,0],[76.26781,13.12392,0],[76.26835,13.12365,0],[76.26875,13.12323,0],[76.26905,13.12274,0],[76.26982,13.12097,0],[76.27015,13.1195,0],[76.27019,13.11894,0],[76.27007,13.11808,0],[76.26967,13.11631,0],[76.26937,13.11458,0],[76.26937,13.11356,0],[76.26947,13.11268,0],[76.26969,13.11201,0],[76.27003,13.10838,0],[76.27017,13.10771,0],[76.27066,13.10717,0],[76.27156,13.10678,0],[76.27332,13.10617,0],[76.27496,13.10565,0],[76.27696,13.1047,0],[76.28025,13.10354,0],[76.28189,13.10295,0],[76.28393,13.10201,0],[76.28456,13.10171,0],[76.28493,13.10138,0],[76.2853,13.10037,0],[76.28568,13.09918,0],[76.28635,13.09806,0],[76.28848,13.09353,0],[76.28895,13.09223,0],[76.29154,13.08734,0],[76.29227,13.0859,0],[76.29443,13.08134,0],[76.2965,13.0781,0],[76.297,13.07754,0],[76.2974,13.07748,0],[76.29794,13.07751,0],[76.29891,13.07768,0],[76.30062,13.07843,0],[76.30281,13.07912,0],[76.30458,13.07962,0],[76.30635,13.07994,0],[76.30789,13.08021,0],[76.3102,13.08042,0],[76.31286,13.08088,0],[76.31347,13.08111,0],[76.31379,13.08156,0],[76.31417,13.08211,0],[76.31515,13.08307,0],[76.31732,13.08483,0],[76.31802,13.08519,0],[76.31834,13.08547,0],[76.31844,13.08579,0],[76.31844,13.08611,0],[76.31844,13.08689,0],[76.31853,13.08885,0],[76.31862,13.08985,0],[76.31872,13.09059,0],[76.3189,13.091,0],[76.31918,13.09118,0],[76.31946,13.09118,0],[76.31993,13.09113,0],[76.32326,13.09061,0],[76.32502,13.09013,0],[76.33127,13.08812,0],[76.33416,13.08684,0],[76.33607,13.0862,0],[76.33906,13.08497,0],[76.33995,13.08474,0],[76.34032,13.08474,0],[76.34074,13.08497,0],[76.34128,13.08545,0],[76.3421,13.08645,0],[76.34298,13.08772,0],[76.34387,13.08919,0],[76.34435,13.09026,0],[76.34496,13.09046,0],[76.34605,13.08999,0],[76.34748,13.08972,0],[76.34966,13.08972,0],[76.35256,13.09029,0],[76.35426,13.09096,0],[76.35535,13.09142,0],[76.35645,13.09169,0],[76.35733,13.09196,0],[76.35842,13.09202,0],[76.36013,13.09196,0],[76.36142,13.09223,0],[76.3621,13.09249,0],[76.36244,13.09323,0],[76.36278,13.09456,0],[76.36306,13.09583,0],[76.36343,13.09746,0],[76.3637,13.09853,0],[76.36384,13.09973,0],[76.36343,13.10153,0],[76.36241,13.10514,0],[76.36173,13.10767,0],[76.36142,13.11011,0],[76.36101,13.11311,0],[76.36067,13.11505,0],[76.3606,13.11598,0],[76.36101,13.11658,0],[76.3619,13.11731,0],[76.36306,13.11818,0],[76.3653,13.11932,0],[76.36701,13.12018,0],[76.36715,13.12058,0],[76.36715,13.12112,0],[76.36684,13.12148,0],[76.36704,13.12329,0],[76.36711,13.12642,0],[76.36732,13.12776,0],[76.36793,13.12809,0],[76.36882,13.12796,0],[76.36929,13.12822,0],[76.36933,13.12859,0],[76.36947,13.12993,0],[76.36961,13.13042,0],[76.37033,13.1307,0],[76.37263,13.13105,0],[76.3741,13.1313,0],[76.37432,13.13151,0],[76.37424,13.13242,0],[76.37446,13.13284,0],[76.37496,13.13305,0],[76.37719,13.1339,0],[76.37841,13.13418,0],[76.37906,13.13432,0],[76.37927,13.13474,0],[76.37913,13.13559,0],[76.37877,13.1372,0],[76.37848,13.13889,0],[76.37827,13.14022,0],[76.37827,13.14107,0],[76.37834,13.14156,0],[76.37884,13.14184,0],[76.37943,13.14216,0],[76.38057,13.14293,0],[76.38127,13.14361,0],[76.38162,13.14507,0],[76.38171,13.14695,0],[76.38181,13.14894,0],[76.38171,13.14937,0],[76.38179,13.14965,0],[76.38212,13.14946,0],[76.38313,13.14916,0],[76.38429,13.14903,0],[76.38562,13.14886,0],[76.38932,13.14892,0],[76.39442,13.14909,0],[76.39803,13.14919,0],[76.40115,13.14954,0],[76.40423,13.14997,0],[76.40545,13.15028,0],[76.40589,13.15055,0],[76.40633,13.15074,0],[76.40712,13.15089,0],[76.40787,13.15095,0],[76.40828,13.15117,0],[76.4084,13.15147,0],[76.40883,13.15201,0],[76.40999,13.15358,0],[76.41131,13.15533,0],[76.41226,13.15666,0],[76.41289,13.15807,0],[76.41327,13.1597,0],[76.41339,13.16099,0],[76.41336,13.16154,0],[76.41347,13.16193,0],[76.41391,13.16199,0],[76.41451,13.16208,0],[76.41548,13.16221,0],[76.41674,13.16248,0],[76.41983,13.16277,0],[76.42143,13.16302,0],[76.42262,13.1632,0],[76.42372,13.16345,0],[76.42466,13.16382,0],[76.42526,13.16431,0],[76.4259,13.16512,0],[76.42631,13.16569,0],[76.4265,13.16616,0],[76.42665,13.16653,0],[76.42687,13.16681,0],[76.42737,13.16742,0],[76.42872,13.16979,0],[76.42938,13.17099,0],[76.42904,13.17139,0],[76.42877,13.1725,0],[76.4286,13.17407,0],[76.42852,13.17488,0],[76.42837,13.17573,0],[76.42787,13.17702,0],[76.42738,13.1782,0],[76.42704,13.17934,0],[76.42654,13.18108,0],[76.42628,13.18133,0],[76.42579,13.18137,0],[76.42545,13.18129,0],[76.42519,13.18137,0],[76.42507,13.18163,0],[76.4248,13.18174,0],[76.42447,13.18177,0],[76.42397,13.18183,0],[76.42364,13.18181,0],[76.42329,13.18184,0],[76.42242,13.18236,0],[76.42173,13.18271,0],[76.42127,13.18307,0],[76.42072,13.18335,0],[76.41967,13.18361,0],[76.41763,13.18423,0],[76.41616,13.18456,0],[76.41518,13.185,0],[76.41487,13.18555,0],[76.41459,13.1866,0],[76.41421,13.18763,0],[76.41398,13.18852,0],[76.41371,13.189,0],[76.41337,13.18944,0],[76.41288,13.1897,0],[76.41179,13.18991,0],[76.41059,13.19024,0],[76.40971,13.19057,0],[76.40895,13.19068,0],[76.40863,13.1907,0],[76.40705,13.19066,0],[76.40505,13.19047,0],[76.40463,13.19036,0],[76.40324,13.18998,0],[76.40066,13.18907,0],[76.39941,13.1887,0],[76.39821,13.18844,0],[76.39545,13.18832,0],[76.39476,13.18839,0],[76.39462,13.18906,0],[76.39447,13.18954,0],[76.39413,13.1899,0],[76.39401,13.19046,0],[76.39395,13.19125,0],[76.39439,13.19505,0],[76.39428,13.19546,0],[76.39398,13.19568,0],[76.39342,13.19579,0],[76.38924,13.19609,0],[76.38781,13.1962,0],[76.38374,13.19656,0],[76.38245,13.1966,0],[76.38087,13.19666,0],[76.38005,13.19658,0],[76.37915,13.19649,0],[76.37855,13.19645,0],[76.37813,13.19656,0],[76.37783,13.19667,0],[76.37662,13.19722,0],[76.37518,13.19751,0],[76.37367,13.19776,0],[76.37154,13.19814,0],[76.3712,13.1986,0],[76.37048,13.20084,0],[76.36996,13.20458,0],[76.36992,13.20595,0],[76.36994,13.2072,0],[76.36995,13.20765,0],[76.37021,13.2092,0],[76.37054,13.20994,0],[76.37112,13.21042,0],[76.37328,13.21136,0],[76.37675,13.21333,0],[76.37739,13.21407,0],[76.3795,13.21849,0],[76.38033,13.21975,0],[76.38048,13.22004,0],[76.38037,13.22036,0],[76.38003,13.2207,0],[76.37984,13.22133,0],[76.37988,13.22196,0],[76.38021,13.22321,0],[76.38041,13.2256,0],[76.38048,13.22799,0],[76.38044,13.2287,0],[76.3801,13.22906,0],[76.37923,13.22939,0],[76.37479,13.23017,0],[76.37216,13.2305,0],[76.37189,13.23054,0],[76.36764,13.23124,0],[76.36572,13.2315,0],[76.36511,13.23179,0],[76.36504,13.23223,0],[76.36501,13.23258,0],[76.36462,13.23782,0],[76.36446,13.24048,0],[76.36439,13.24111,0],[76.36416,13.24155,0],[76.36367,13.24217,0],[76.3631,13.24317,0],[76.36287,13.24387,0],[76.36268,13.24505,0],[76.36241,13.2463,0],[76.36234,13.24667,0],[76.36203,13.24689,0],[76.36121,13.24678,0],[76.35989,13.2467,0],[76.35807,13.24658,0],[76.3572,13.24651,0],[76.35671,13.24667,0],[76.35667,13.24724,0],[76.35671,13.24781,0],[76.35741,13.24997,0],[76.35754,13.25071,0],[76.35764,13.25134,0],[76.35782,13.25245,0],[76.3579,13.25307,0],[76.35804,13.25384,0],[76.35836,13.25509,0],[76.35924,13.25814,0],[76.35961,13.2595,0],[76.35749,13.26122,0],[76.35665,13.26178,0],[76.35599,13.26247,0],[76.3559,13.26273,0],[76.35608,13.26307,0],[76.35636,13.26341,0],[76.35648,13.26367,0],[76.35653,13.26402,0],[76.35654,13.26431,0],[76.35654,13.26465,0],[76.35649,13.26525,0],[76.35651,13.26583,0],[76.35655,13.26621,0],[76.35667,13.26677,0],[76.35686,13.26732,0],[76.35693,13.26758,0],[76.3569,13.26803,0],[76.35689,13.26865,0],[76.35699,13.26932,0],[76.35703,13.26962,0],[76.35714,13.27042,0],[76.35742,13.27149,0],[76.35749,13.27176,0],[76.35765,13.27239,0],[76.35788,13.27351,0],[76.358,13.27392,0],[76.35811,13.27448,0],[76.35823,13.27488,0],[76.35825,13.27536,0],[76.35809,13.27587,0],[76.35783,13.27623,0],[76.35763,13.27659,0],[76.35756,13.27691,0],[76.35754,13.27735,0],[76.35754,13.27809,0],[76.3576,13.27927,0],[76.35755,13.2802,0],[76.3576,13.28097,0],[76.35758,13.28169,0],[76.35763,13.28246,0],[76.3577,13.2831,0],[76.35804,13.28549,0],[76.35806,13.28583,0],[76.35794,13.28611,0],[76.35699,13.28702,0],[76.35664,13.28742,0],[76.35674,13.28777,0],[76.35672,13.28804,0],[76.35658,13.28827,0],[76.35636,13.28845,0],[76.356,13.28864,0],[76.35556,13.28891,0],[76.35529,13.2892,0],[76.35495,13.28968,0],[76.35439,13.29026,0],[76.35388,13.29076,0],[76.35301,13.29143,0],[76.35164,13.29251,0],[76.35104,13.29302,0],[76.35082,13.29332,0],[76.35066,13.2936,0],[76.34987,13.29542,0],[76.3495,13.29641,0],[76.34901,13.29793,0],[76.34882,13.2987,0],[76.34864,13.29942,0],[76.34859,13.30026,0],[76.34862,13.30086,0],[76.34873,13.30244,0],[76.34885,13.3034,0],[76.34898,13.30435,0],[76.34904,13.30535,0],[76.34918,13.30627,0],[76.3493,13.30712,0],[76.34938,13.30803,0],[76.34946,13.30847,0],[76.34953,13.30924,0],[76.3496,13.30991,0],[76.3496,13.31023,0],[76.34976,13.31304,0],[76.34985,13.31412,0],[76.34989,13.3154,0],[76.34991,13.31603,0],[76.35,13.31645,0],[76.35019,13.31697,0],[76.35067,13.31835,0],[76.35094,13.31913,0],[76.35106,13.31962,0],[76.3512,13.32027,0],[76.35134,13.32073,0],[76.35159,13.3215,0],[76.35179,13.32246,0],[76.35201,13.32321,0],[76.35225,13.32429,0],[76.35253,13.32533,0],[76.35268,13.32608,0],[76.35296,13.32747,0],[76.35315,13.3287,0],[76.35326,13.32937,0],[76.35326,13.3298,0],[76.35317,13.33025,0],[76.35303,13.33061,0],[76.35281,13.33099,0],[76.35252,13.33131,0],[76.3522,13.33162,0],[76.35134,13.33246,0],[76.35077,13.33311,0],[76.35027,13.33406,0],[76.35001,13.3345,0],[76.34956,13.3354,0],[76.34916,13.33654,0],[76.34896,13.33725,0],[76.34873,13.33808,0],[76.34861,13.33858,0],[76.34843,13.33933,0],[76.34823,13.34044,0],[76.34779,13.34345,0],[76.34768,13.34408,0],[76.34764,13.34439,0],[76.34741,13.34653,0],[76.34727,13.34949,0],[76.34725,13.35064,0],[76.34732,13.35322,0],[76.34737,13.35485,0],[76.34738,13.35552,0],[76.34751,13.35629,0],[76.34787,13.3583,0],[76.34804,13.35872,0],[76.34834,13.35892,0],[76.3486,13.35896,0],[76.34985,13.35935,0],[76.3517,13.35986,0],[76.35344,13.36033,0],[76.35468,13.36064,0],[76.35534,13.36082,0],[76.35591,13.36087,0],[76.35714,13.36108,0],[76.35802,13.36129,0],[76.35991,13.36181,0],[76.36157,13.3622,0],[76.3621,13.3623,0],[76.3625,13.36235,0],[76.3631,13.36234,0],[76.36373,13.36235,0],[76.36411,13.36239,0],[76.36466,13.36251,0],[76.36494,13.36259,0],[76.36821,13.36285,0],[76.37123,13.36311,0],[76.37186,13.36315,0],[76.37289,13.36323,0],[76.37341,13.36324,0],[76.37556,13.36312,0],[76.37864,13.36295,0],[76.38102,13.36289,0],[76.38216,13.36298,0],[76.38246,13.3631,0],[76.38276,13.36356,0],[76.38326,13.36441,0],[76.38422,13.36599,0],[76.38429,13.36624,0],[76.38413,13.36651,0],[76.3839,13.36672,0],[76.38363,13.36693,0],[76.3834,13.36711,0],[76.38308,13.36753,0],[76.38292,13.36779,0],[76.38287,13.36808,0],[76.38283,13.36857,0],[76.3829,13.36946,0],[76.38297,13.36986,0],[76.38326,13.37057,0],[76.38347,13.37097,0],[76.3838,13.37117,0],[76.38415,13.37106,0],[76.38492,13.37079,0],[76.38554,13.37039,0],[76.38672,13.36972,0],[76.38719,13.37046,0],[76.38766,13.37122,0],[76.38852,13.37245,0],[76.38921,13.37342,0],[76.38957,13.37394,0],[76.39041,13.37505,0],[76.39096,13.37574,0],[76.39187,13.3769,0],[76.39259,13.37765,0],[76.39322,13.37824,0],[76.39326,13.37893,0],[76.39326,13.37975,0],[76.39325,13.38353,0],[76.3931,13.38685,0],[76.39297,13.38752,0],[76.39281,13.38883,0],[76.39268,13.38924,0],[76.3924,13.39018,0],[76.39183,13.39163,0],[76.39154,13.3924,0],[76.39114,13.3933,0],[76.39048,13.39459,0],[76.39042,13.39492,0],[76.39098,13.39537,0],[76.39162,13.3957,0],[76.39248,13.39619,0],[76.39317,13.39673,0],[76.39602,13.39903,0],[76.39761,13.40074,0],[76.3978,13.40096,0],[76.39782,13.40123,0],[76.39784,13.4018,0],[76.39785,13.4033,0],[76.3978,13.40397,0],[76.39767,13.40439,0],[76.39733,13.40495,0],[76.39719,13.40534,0],[76.39724,13.40577,0],[76.39742,13.40632,0],[76.39769,13.40688,0],[76.39801,13.40804,0],[76.39829,13.409,0],[76.39886,13.41093,0],[76.39918,13.4123,0],[76.3996,13.41456,0],[76.40008,13.41651,0],[76.40051,13.41827,0],[76.40076,13.41937,0],[76.40103,13.42033,0],[76.40136,13.42125,0],[76.40168,13.42176,0],[76.40194,13.42202,0],[76.40219,13.4224,0],[76.40273,13.42299,0],[76.40328,13.4235,0],[76.40385,13.42408,0],[76.40443,13.4245,0],[76.40475,13.42479,0],[76.40525,13.42512,0],[76.40533,13.42566,0],[76.40533,13.42626,0],[76.40526,13.42834,0],[76.40578,13.42881,0],[76.4064,13.42931,0],[76.4071,13.42997,0],[76.4075,13.43043,0],[76.40771,13.43067,0],[76.40832,13.43156,0],[76.40864,13.43225,0],[76.40878,13.4328,0],[76.40891,13.43316,0],[76.40912,13.43349,0],[76.40977,13.43425,0],[76.4101,13.43476,0],[76.41042,13.43514,0],[76.41334,13.43858,0],[76.41493,13.44064,0],[76.41711,13.44306,0],[76.41866,13.44482,0],[76.4201,13.44644,0],[76.42064,13.44729,0],[76.41805,13.44919,0],[76.4168,13.45004,0],[76.41209,13.45354,0],[76.41071,13.45456,0],[76.40965,13.45547,0],[76.40871,13.45667,0],[76.40809,13.45761,0],[76.408,13.45794,0],[76.40802,13.45826,0],[76.40802,13.45883,0],[76.4081,13.45926,0],[76.40827,13.46005,0],[76.4084,13.46072,0],[76.40865,13.46144,0],[76.40912,13.46266,0],[76.41,13.46601,0],[76.41028,13.46706,0],[76.41063,13.46804,0],[76.41079,13.46869,0],[76.41121,13.47045,0],[76.41146,13.47107,0],[76.4119,13.47227,0],[76.41201,13.47285,0],[76.4121,13.47383,0],[76.41221,13.47463,0],[76.41227,13.47499,0],[76.41243,13.47552,0],[76.41267,13.47604,0],[76.41288,13.47626,0],[76.41336,13.47668,0],[76.41402,13.47703,0],[76.41486,13.47739,0],[76.41567,13.47763,0],[76.41592,13.47788,0],[76.41559,13.47805,0],[76.41511,13.47819,0],[76.41385,13.47882,0],[76.41016,13.48112,0],[76.40941,13.48158,0],[76.40923,13.48183,0],[76.40788,13.48526,0],[76.40723,13.4869,0],[76.40674,13.48816,0],[76.40629,13.48927,0],[76.40594,13.4894,0],[76.40521,13.48935,0],[76.40414,13.48924,0],[76.40317,13.48922,0],[76.40211,13.48938,0],[76.40111,13.4896,0],[76.40011,13.48994,0],[76.39873,13.49065,0],[76.39808,13.49115,0],[76.3976,13.49164,0],[76.39651,13.49306,0],[76.39624,13.49363,0],[76.39606,13.49419,0],[76.39606,13.49463,0],[76.39623,13.49537,0],[76.39655,13.4971,0],[76.39695,13.49997,0],[76.39745,13.50126,0],[76.3975,13.50199,0],[76.39758,13.50259,0],[76.39768,13.5029,0],[76.39787,13.50317,0],[76.39814,13.50337,0],[76.39841,13.50384,0],[76.39854,13.5043,0],[76.39869,13.50475,0],[76.39894,13.50487,0],[76.39936,13.50492,0],[76.39984,13.50493,0],[76.40056,13.505,0],[76.40127,13.50503,0],[76.40154,13.50504,0],[76.40235,13.50506,0],[76.40358,13.50504,0],[76.40462,13.50505,0],[76.40511,13.50502,0],[76.406,13.50487,0],[76.40774,13.50461,0],[76.40867,13.50446,0],[76.40916,13.50441,0],[76.4096,13.5045,0],[76.40992,13.50467,0],[76.41014,13.5051,0],[76.41054,13.50574,0],[76.41076,13.50619,0],[76.41097,13.50649,0],[76.41117,13.50669,0],[76.41142,13.50678,0],[76.41214,13.50695,0],[76.41293,13.50712,0],[76.41364,13.50736,0],[76.41502,13.50774,0],[76.4156,13.50792,0],[76.41595,13.508,0],[76.41617,13.50816,0],[76.41631,13.50845,0],[76.41648,13.5088,0],[76.41692,13.51003,0],[76.41718,13.5107,0],[76.41739,13.51138,0],[76.41763,13.51214,0],[76.41778,13.5127,0],[76.41808,13.5133,0],[76.41904,13.51548,0],[76.41936,13.51617,0],[76.42002,13.5174,0],[76.42052,13.51831,0],[76.42079,13.51871,0],[76.42106,13.5191,0],[76.42255,13.52042,0],[76.42483,13.52227,0],[76.42564,13.52289,0],[76.42688,13.52361,0],[76.42772,13.52418,0],[76.42798,13.52444,0],[76.42764,13.52447,0],[76.42595,13.52446,0],[76.42381,13.52455,0],[76.42233,13.52457,0],[76.41993,13.52454,0],[76.41891,13.52455,0],[76.41771,13.52457,0],[76.41625,13.52449,0],[76.41521,13.52447,0],[76.41299,13.52454,0],[76.41173,13.52457,0],[76.41026,13.52465,0],[76.40907,13.52473,0],[76.40783,13.52482,0],[76.4071,13.5249,0],[76.40517,13.52511,0],[76.40385,13.52517,0],[76.40205,13.52532,0],[76.40155,13.52542,0],[76.40114,13.52555,0],[76.40033,13.52607,0],[76.39938,13.52671,0],[76.39889,13.52715,0],[76.39875,13.5274,0],[76.3986,13.52778,0],[76.39815,13.52943,0],[76.39808,13.52971,0],[76.39782,13.53058,0],[76.3973,13.53228,0],[76.39707,13.53319,0],[76.39679,13.53464,0],[76.3967,13.53495,0],[76.39639,13.53497,0],[76.39609,13.53489,0],[76.39558,13.53472,0],[76.39393,13.53426,0],[76.3924,13.53384,0],[76.39094,13.53342,0],[76.39011,13.53316,0],[76.38946,13.53296,0],[76.38902,13.53295,0],[76.38875,13.53308,0],[76.38853,13.53323,0]]]},"properties":{"RANGE":"ARASIKERE"}},
{"type":"Feature","geometry":{"type":"Polygon","coordinates":[[[76.16289,12.81777,0],[76.16257,12.81924,0],[76.16236,12.8205,0],[76.16231,12.82093,0],[76.16218,12.8214,0],[76.16199,12.82174,0],[76.16179,12.82198,0],[76.1615,12.82229,0],[76.16093,12.8227,0],[76.15995,12.82352,0],[76.15947,12.82397,0],[76.15898,12.82441,0],[76.15858,12.82483,0],[76.15817,12.82527,0],[76.15782,12.8256,0],[76.15747,12.82608,0],[76.15719,12.82656,0],[76.1569,12.82721,0],[76.15657,12.82838,0],[76.15645,12.82891,0],[76.15627,12.82978,0],[76.15609,12.8305,0],[76.15586,12.83108,0],[76.1556,12.83146,0],[76.15535,12.83172,0],[76.15507,12.83143,0],[76.15504,12.82999,0],[76.15513,12.82839,0],[76.15525,12.82739,0],[76.15545,12.82678,0],[76.1558,12.82593,0],[76.15605,12.8248,0],[76.15612,12.82387,0],[76.15605,12.82297,0],[76.15589,12.82224,0],[76.15517,12.82095,0],[76.15437,12.81969,0],[76.15354,12.81864,0],[76.15256,12.81779,0],[76.15189,12.81737,0],[76.15091,12.81685,0],[76.15003,12.81656,0],[76.14959,12.81651,0],[76.14884,12.81669,0],[76.14824,12.81693,0],[76.14768,12.81722,0],[76.14687,12.8177,0],[76.14629,12.81809,0],[76.1458,12.81839,0],[76.14538,12.81854,0],[76.14506,12.81859,0],[76.14467,12.81861,0],[76.14422,12.81866,0],[76.14315,12.81863,0],[76.1425,12.81861,0],[76.1416,12.8186,0],[76.1409,12.8186,0],[76.14023,12.81856,0],[76.13858,12.81836,0],[76.13781,12.81825,0],[76.1373,12.81815,0],[76.13651,12.81812,0],[76.13591,12.81808,0],[76.13524,12.81805,0],[76.1347,12.81801,0],[76.13373,12.81809,0],[76.13313,12.81812,0],[76.13257,12.81812,0],[76.13187,12.81815,0],[76.13064,12.81812,0],[76.12906,12.81788,0],[76.12804,12.81786,0],[76.12744,12.81783,0],[76.12685,12.81774,0],[76.12613,12.81764,0],[76.12557,12.81741,0],[76.12464,12.81699,0],[76.12332,12.81626,0],[76.12256,12.81578,0],[76.12191,12.8155,0],[76.12134,12.81543,0],[76.1209,12.81545,0],[76.12047,12.81554,0],[76.11998,12.81571,0],[76.11902,12.8163,0],[76.11856,12.81652,0],[76.11815,12.81663,0],[76.11759,12.81668,0],[76.11694,12.81668,0],[76.11635,12.81668,0],[76.1158,12.81674,0],[76.11531,12.81691,0],[76.11485,12.81724,0],[76.1145,12.81767,0],[76.11431,12.81801,0],[76.11401,12.81899,0],[76.1139,12.81959,0],[76.11379,12.82012,0],[76.11358,12.82074,0],[76.11337,12.82126,0],[76.11312,12.82172,0],[76.11272,12.82242,0],[76.11238,12.82287,0],[76.11191,12.82347,0],[76.11152,12.82393,0],[76.1111,12.82433,0],[76.11059,12.82479,0],[76.11033,12.82498,0],[76.11005,12.8251,0],[76.10976,12.82517,0],[76.10934,12.82521,0],[76.10876,12.82516,0],[76.1082,12.82482,0],[76.10778,12.82437,0],[76.10748,12.82397,0],[76.10722,12.8234,0],[76.10706,12.82271,0],[76.10692,12.82163,0],[76.10682,12.82054,0],[76.1068,12.81975,0],[76.10663,12.81888,0],[76.10651,12.81838,0],[76.10623,12.81788,0],[76.10575,12.81734,0],[76.105,12.81668,0],[76.10465,12.81636,0],[76.10421,12.81594,0],[76.1033,12.81525,0],[76.10235,12.8146,0],[76.10198,12.8144,0],[76.10144,12.81426,0],[76.10068,12.81419,0],[76.1001,12.81417,0],[76.09917,12.81424,0],[76.09761,12.8143,0],[76.09677,12.81443,0],[76.09613,12.8145,0],[76.09562,12.81453,0],[76.09503,12.81448,0],[76.09415,12.81438,0],[76.09345,12.81431,0],[76.09295,12.81427,0],[76.09248,12.81431,0],[76.09141,12.81461,0],[76.09018,12.81495,0],[76.08879,12.81522,0],[76.08825,12.81532,0],[76.08786,12.81534,0],[76.08709,12.81523,0],[76.08617,12.8149,0],[76.08487,12.81435,0],[76.08402,12.81388,0],[76.08366,12.81366,0],[76.08338,12.8136,0],[76.08301,12.81364,0],[76.08268,12.81371,0],[76.08156,12.81418,0],[76.08073,12.81454,0],[76.07932,12.815,0],[76.07757,12.81564,0],[76.07658,12.81587,0],[76.0759,12.81605,0],[76.07483,12.81616,0],[76.07319,12.81606,0],[76.0724,12.81594,0],[76.07144,12.81575,0],[76.07024,12.81543,0],[76.0691,12.81517,0],[76.06771,12.81504,0],[76.06627,12.81511,0],[76.06392,12.81547,0],[76.06281,12.81558,0],[76.06247,12.81569,0],[76.06218,12.81578,0],[76.06155,12.81618,0],[76.06086,12.81657,0],[76.05931,12.81792,0],[76.05861,12.81861,0],[76.05771,12.81919,0],[76.05676,12.81997,0],[76.0555,12.82106,0],[76.0549,12.82157,0],[76.05441,12.82209,0],[76.05395,12.82257,0],[76.05358,12.82281,0],[76.05324,12.82293,0],[76.05289,12.823,0],[76.05237,12.82298,0],[76.05168,12.82286,0],[76.05098,12.8227,0],[76.05065,12.8225,0],[76.05047,12.82215,0],[76.05042,12.82179,0],[76.05044,12.82118,0],[76.05053,12.82033,0],[76.05056,12.81973,0],[76.05056,12.81927,0],[76.05048,12.81889,0],[76.05023,12.81838,0],[76.04993,12.8179,0],[76.04955,12.81748,0],[76.04899,12.8171,0],[76.04839,12.81686,0],[76.04788,12.81676,0],[76.04746,12.81669,0],[76.04674,12.81662,0],[76.04598,12.81659,0],[76.04537,12.81655,0],[76.04472,12.81654,0],[76.04414,12.81648,0],[76.0434,12.81643,0],[76.04281,12.81638,0],[76.04219,12.81632,0],[76.04147,12.81624,0],[76.04091,12.81615,0],[76.04049,12.81611,0],[76.04005,12.81597,0],[76.03958,12.81581,0],[76.03908,12.81559,0],[76.03864,12.81533,0],[76.03828,12.81509,0],[76.03789,12.81488,0],[76.03708,12.81437,0],[76.03661,12.81404,0],[76.03629,12.81377,0],[76.03598,12.81351,0],[76.03573,12.81321,0],[76.03545,12.81273,0],[76.03502,12.81202,0],[76.03456,12.81151,0],[76.03409,12.81097,0],[76.03389,12.81078,0],[76.03365,12.81068,0],[76.03316,12.81053,0],[76.03265,12.81041,0],[76.03209,12.81029,0],[76.03096,12.8101,0],[76.03015,12.80994,0],[76.02933,12.80983,0],[76.02871,12.80967,0],[76.02821,12.80957,0],[76.0277,12.8095,0],[76.02696,12.80936,0],[76.02626,12.8092,0],[76.02501,12.8089,0],[76.02436,12.80869,0],[76.02383,12.80848,0],[76.02338,12.80826,0],[76.02306,12.80808,0],[76.02271,12.80774,0],[76.02245,12.80743,0],[76.02222,12.80705,0],[76.02205,12.80664,0],[76.02161,12.80542,0],[76.02131,12.80485,0],[76.02101,12.80456,0],[76.02059,12.80432,0],[76.02021,12.80416,0],[76.01957,12.80399,0],[76.01917,12.80387,0],[76.01831,12.80383,0],[76.01713,12.8038,0],[76.01654,12.80375,0],[76.01582,12.80368,0],[76.0151,12.80358,0],[76.0141,12.80333,0],[76.01269,12.80299,0],[76.0116,12.80277,0],[76.01095,12.80256,0],[76.01043,12.80241,0],[76.00957,12.80225,0],[76.00825,12.80196,0],[76.00732,12.80163,0],[76.006,12.80129,0],[76.00539,12.80111,0],[76.00479,12.80099,0],[76.00406,12.8009,0],[76.00344,12.80078,0],[76.00272,12.80068,0],[76.002,12.80059,0],[76.00132,12.80055,0],[76.00093,12.80055,0],[76.0004,12.8006,0],[76,12.80067,0],[75.99933,12.80047,0],[75.99845,12.80027,0],[75.99766,12.80027,0],[75.99668,12.80023,0],[75.99587,12.8001,0],[75.99527,12.8001,0],[75.9947,12.80006,0],[75.99421,12.80024,0],[75.99391,12.80035,0],[75.99316,12.80072,0],[75.99274,12.80098,0],[75.99263,12.80131,0],[75.99252,12.80168,0],[75.99244,12.80194,0],[75.99229,12.80223,0],[75.9918,12.80286,0],[75.99099,12.80362,0],[75.99027,12.80447,0],[75.98989,12.80483,0],[75.98948,12.80513,0],[75.98899,12.80531,0],[75.98842,12.80535,0],[75.98793,12.80524,0],[75.98752,12.80513,0],[75.98646,12.80487,0],[75.98492,12.80457,0],[75.98332,12.80433,0],[75.98106,12.80395,0],[75.97871,12.80353,0],[75.97819,12.80343,0],[75.97575,12.80276,0],[75.97503,12.80269,0],[75.97413,12.80265,0],[75.97347,12.80285,0],[75.97301,12.80326,0],[75.97196,12.80355,0],[75.97018,12.80392,0],[75.97013,12.80393,0],[75.97027,12.80353,0],[75.96835,12.79784,0],[75.96819,12.79725,0],[75.96812,12.79692,0],[75.96819,12.79646,0],[75.96819,12.796,0],[75.96841,12.79494,0],[75.96887,12.79299,0],[75.96899,12.79271,0],[75.9694,12.79175,0],[75.97017,12.7896,0],[75.97066,12.78824,0],[75.97093,12.78772,0],[75.97094,12.7877,0],[75.97158,12.78646,0],[75.97198,12.78579,0],[75.97207,12.78559,0],[75.97227,12.78509,0],[75.97232,12.78482,0],[75.97239,12.78448,0],[75.97227,12.78366,0],[75.9722,12.78335,0],[75.97218,12.78324,0],[75.97217,12.78323,0],[75.97203,12.78288,0],[75.97203,12.78287,0],[75.9719,12.78275,0],[75.97177,12.78263,0],[75.97162,12.78251,0],[75.97141,12.78235,0],[75.97054,12.78217,0],[75.97053,12.78217,0],[75.97041,12.78215,0],[75.97004,12.78211,0],[75.9698,12.78201,0],[75.96944,12.78186,0],[75.96922,12.78172,0],[75.96905,12.78162,0],[75.9687,12.78134,0],[75.96867,12.78131,0],[75.96836,12.78107,0],[75.96821,12.78096,0],[75.96815,12.78092,0],[75.96807,12.78085,0],[75.96788,12.78069,0],[75.96723,12.7806,0],[75.96722,12.7806,0],[75.96671,12.78069,0],[75.96665,12.78071,0],[75.96577,12.78105,0],[75.9654,12.78135,0],[75.96507,12.78158,0],[75.965,12.78163,0],[75.96462,12.78169,0],[75.96462,12.78169,0],[75.96401,12.78163,0],[75.96339,12.78156,0],[75.96339,12.78156,0],[75.9627,12.7816,0],[75.9623,12.78162,0],[75.9623,12.78162,0],[75.96093,12.78153,0],[75.95995,12.78142,0],[75.95975,12.78135,0],[75.95962,12.7813,0],[75.95921,12.78109,0],[75.95898,12.78092,0],[75.95853,12.7806,0],[75.95829,12.78024,0],[75.95828,12.78023,0],[75.95828,12.78022,0],[75.95828,12.78022,0],[75.95818,12.77997,0],[75.95788,12.77914,0],[75.95773,12.77829,0],[75.95752,12.77747,0],[75.95752,12.77747,0],[75.95751,12.77743,0],[75.9575,12.7774,0],[75.95708,12.7764,0],[75.95685,12.77597,0],[75.95673,12.77577,0],[75.95667,12.77566,0],[75.95654,12.77541,0],[75.95635,12.77506,0],[75.9562,12.77477,0],[75.95617,12.77374,0],[75.9562,12.77351,0],[75.95632,12.77255,0],[75.95631,12.77201,0],[75.9563,12.77155,0],[75.95624,12.77021,0],[75.95622,12.76928,0],[75.9562,12.76901,0],[75.95616,12.76864,0],[75.95604,12.76828,0],[75.95589,12.76788,0],[75.95575,12.76768,0],[75.9557,12.76761,0],[75.95558,12.76754,0],[75.95558,12.76754,0],[75.95539,12.76742,0],[75.95516,12.76738,0],[75.95516,12.76738,0],[75.95473,12.7673,0],[75.95244,12.76657,0],[75.95167,12.76615,0],[75.95105,12.76581,0],[75.95043,12.76544,0],[75.94937,12.76482,0],[75.94916,12.7647,0],[75.94905,12.76463,0],[75.94855,12.76424,0],[75.94855,12.76424,0],[75.9479,12.76429,0],[75.94778,12.76429,0],[75.94765,12.76438,0],[75.94666,12.76505,0],[75.94574,12.76553,0],[75.9456,12.7656,0],[75.9456,12.7656,0],[75.94458,12.76587,0],[75.94402,12.76599,0],[75.94321,12.76617,0],[75.94296,12.76622,0],[75.94296,12.76622,0],[75.94255,12.76631,0],[75.94165,12.76658,0],[75.94165,12.76658,0],[75.94132,12.76657,0],[75.94081,12.76655,0],[75.93997,12.76652,0],[75.93895,12.76652,0],[75.93895,12.76652,0],[75.93876,12.7665,0],[75.93796,12.76642,0],[75.93796,12.76642,0],[75.93767,12.76638,0],[75.93676,12.76622,0],[75.93664,12.76614,0],[75.93649,12.76604,0],[75.93616,12.76578,0],[75.93616,12.76578,0],[75.93614,12.76577,0],[75.93503,12.76421,0],[75.93459,12.7637,0],[75.93455,12.76365,0],[75.9341,12.76312,0],[75.9341,12.76312,0],[75.9341,12.76311,0],[75.93407,12.76285,0],[75.93407,12.76283,0],[75.93407,12.76282,0],[75.93433,12.76239,0],[75.93507,12.76157,0],[75.9355,12.7609,0],[75.93553,12.76044,0],[75.93555,12.76028,0],[75.93558,12.76009,0],[75.9357,12.75961,0],[75.93595,12.75912,0],[75.93616,12.75883,0],[75.93617,12.75882,0],[75.93617,12.75881,0],[75.9362,12.75846,0],[75.9362,12.75844,0],[75.9362,12.75812,0],[75.93621,12.75811,0],[75.93626,12.75786,0],[75.9362,12.75748,0],[75.93596,12.75722,0],[75.93595,12.75721,0],[75.93594,12.7572,0],[75.93578,12.75696,0],[75.93577,12.75693,0],[75.93564,12.75653,0],[75.93543,12.75626,0],[75.93543,12.75591,0],[75.93577,12.75568,0],[75.93602,12.75559,0],[75.93645,12.7552,0],[75.93745,12.7545,0],[75.93767,12.7541,0],[75.93771,12.75403,0],[75.93773,12.75395,0],[75.93773,12.75395,0],[75.93781,12.75348,0],[75.93774,12.75318,0],[75.93777,12.75275,0],[75.93777,12.75236,0],[75.93792,12.75175,0],[75.93793,12.75169,0],[75.93822,12.7509,0],[75.938,12.75001,0],[75.938,12.75001,0],[75.93824,12.74915,0],[75.93825,12.74911,0],[75.93834,12.74879,0],[75.93833,12.74877,0],[75.93827,12.74851,0],[75.93822,12.74813,0],[75.93818,12.74783,0],[75.93785,12.74645,0],[75.93733,12.74442,0],[75.93665,12.7421,0],[75.93623,12.74067,0],[75.93604,12.74,0],[75.93555,12.73803,0],[75.93503,12.73634,0],[75.93502,12.73633,0],[75.93475,12.73506,0],[75.93475,12.73505,0],[75.93482,12.73469,0],[75.93482,12.73469,0],[75.93507,12.73435,0],[75.93507,12.73434,0],[75.93522,12.73387,0],[75.93522,12.73358,0],[75.93522,12.73332,0],[75.93525,12.73295,0],[75.93525,12.73295,0],[75.93525,12.7329,0],[75.93525,12.73289,0],[75.93526,12.73249,0],[75.93526,12.73247,0],[75.93527,12.73246,0],[75.93537,12.73216,0],[75.93538,12.73213,0],[75.93555,12.73171,0],[75.93587,12.73104,0],[75.93624,12.73072,0],[75.9369,12.73014,0],[75.9372,12.72972,0],[75.93737,12.72948,0],[75.93771,12.72917,0],[75.93859,12.72836,0],[75.93921,12.72734,0],[75.93928,12.72723,0],[75.93983,12.72627,0],[75.94023,12.72579,0],[75.94036,12.72554,0],[75.94063,12.72502,0],[75.94114,12.7233,0],[75.9412,12.72311,0],[75.94125,12.72296,0],[75.9416,12.72188,0],[75.94179,12.72121,0],[75.94204,12.72036,0],[75.94216,12.71992,0],[75.94279,12.71873,0],[75.94298,12.7185,0],[75.94298,12.7185,0],[75.94336,12.71801,0],[75.94362,12.71776,0],[75.94386,12.71753,0],[75.94425,12.71731,0],[75.94425,12.71731,0],[75.945,12.71689,0],[75.94638,12.7166,0],[75.94743,12.71651,0],[75.94822,12.71644,0],[75.9486,12.71642,0],[75.94946,12.71638,0],[75.95013,12.71629,0],[75.9505,12.71624,0],[75.95116,12.71611,0],[75.9518,12.71578,0],[75.95214,12.7156,0],[75.9528,12.71528,0],[75.95371,12.71483,0],[75.95421,12.71454,0],[75.95451,12.71438,0],[75.95686,12.71341,0],[75.95723,12.71326,0],[75.95997,12.71235,0],[75.96004,12.7123,0],[75.9603,12.71215,0],[75.96051,12.71186,0],[75.96051,12.71186,0],[75.96089,12.71154,0],[75.96294,12.7106,0],[75.96355,12.71033,0],[75.96435,12.71008,0],[75.96435,12.71009,0],[75.96468,12.71015,0],[75.9651,12.71025,0],[75.96539,12.71022,0],[75.96576,12.71018,0],[75.96609,12.70986,0],[75.96614,12.70948,0],[75.96614,12.70948,0],[75.96605,12.70937,0],[75.96586,12.70912,0],[75.96535,12.70883,0],[75.96514,12.7087,0],[75.96488,12.70849,0],[75.96488,12.70838,0],[75.96488,12.70812,0],[75.96488,12.70771,0],[75.96482,12.70745,0],[75.96471,12.70703,0],[75.96436,12.70623,0],[75.96416,12.70602,0],[75.96384,12.70568,0],[75.96347,12.70526,0],[75.96347,12.70526,0],[75.96347,12.70525,0],[75.96364,12.70491,0],[75.96446,12.70407,0],[75.9649,12.70328,0],[75.9652,12.70271,0],[75.96543,12.70216,0],[75.96551,12.70185,0],[75.96556,12.70164,0],[75.96566,12.70068,0],[75.96555,12.7003,0],[75.96555,12.7003,0],[75.9655,12.7001,0],[75.96504,12.69926,0],[75.96459,12.69885,0],[75.96459,12.69885,0],[75.96399,12.69836,0],[75.96377,12.69822,0],[75.9637,12.69817,0],[75.96362,12.69807,0],[75.96352,12.69793,0],[75.96329,12.69722,0],[75.96293,12.69622,0],[75.96247,12.69526,0],[75.96211,12.69456,0],[75.96185,12.69407,0],[75.96194,12.69351,0],[75.96194,12.6935,0],[75.962,12.69341,0],[75.96225,12.69304,0],[75.96228,12.69296,0],[75.96239,12.69266,0],[75.96239,12.69265,0],[75.96239,12.69265,0],[75.96223,12.69222,0],[75.96212,12.69202,0],[75.96207,12.69193,0],[75.962,12.6918,0],[75.96191,12.69164,0],[75.96173,12.69133,0],[75.96171,12.6913,0],[75.96156,12.69109,0],[75.96144,12.69093,0],[75.96099,12.69051,0],[75.96082,12.69035,0],[75.96072,12.69025,0],[75.9604,12.69003,0],[75.95994,12.68964,0],[75.95986,12.68948,0],[75.95978,12.68932,0],[75.95975,12.68914,0],[75.95971,12.68887,0],[75.95967,12.6884,0],[75.95965,12.68819,0],[75.95972,12.68742,0],[75.95985,12.68691,0],[75.96003,12.68628,0],[75.96006,12.68618,0],[75.96029,12.68551,0],[75.96035,12.68505,0],[75.96036,12.68499,0],[75.96036,12.68479,0],[75.96036,12.68479,0],[75.96036,12.68464,0],[75.96039,12.68431,0],[75.96039,12.6843,0],[75.96046,12.68406,0],[75.96046,12.68406,0],[75.96047,12.68405,0],[75.96066,12.68384,0],[75.96069,12.68379,0],[75.96082,12.68361,0],[75.96091,12.68336,0],[75.96091,12.68307,0],[75.96092,12.68289,0],[75.96092,12.68268,0],[75.96077,12.68244,0],[75.96075,12.68242,0],[75.96071,12.68234,0],[75.96049,12.68191,0],[75.95958,12.68101,0],[75.95925,12.68053,0],[75.95887,12.67999,0],[75.95842,12.67945,0],[75.95812,12.67909,0],[75.95783,12.67886,0],[75.95783,12.67886,0],[75.95744,12.67854,0],[75.95645,12.67754,0],[75.9563,12.6773,0],[75.95605,12.6769,0],[75.95571,12.6763,0],[75.95543,12.67605,0],[75.95543,12.67605,0],[75.95525,12.67579,0],[75.95493,12.67556,0],[75.95493,12.67556,0],[75.9546,12.6756,0],[75.95348,12.67595,0],[75.95185,12.67613,0],[75.95185,12.67613,0],[75.95105,12.67625,0],[75.95093,12.67626,0],[75.95,12.67633,0],[75.94939,12.6764,0],[75.94922,12.67642,0],[75.94875,12.67644,0],[75.94839,12.67653,0],[75.94812,12.67665,0],[75.94802,12.67669,0],[75.94791,12.67674,0],[75.94776,12.67679,0],[75.94733,12.67691,0],[75.94733,12.67691,0],[75.94717,12.67695,0],[75.94711,12.67696,0],[75.94668,12.67705,0],[75.94645,12.67701,0],[75.94599,12.67695,0],[75.94524,12.67663,0],[75.94455,12.67637,0],[75.94419,12.67635,0],[75.94399,12.67633,0],[75.94399,12.67633,0],[75.94381,12.67628,0],[75.94343,12.67617,0],[75.94241,12.67585,0],[75.94129,12.67545,0],[75.94128,12.67544,0],[75.94128,12.67544,0],[75.94118,12.67537,0],[75.94093,12.67519,0],[75.94067,12.67499,0],[75.94067,12.67498,0],[75.9406,12.67468,0],[75.9406,12.67467,0],[75.9406,12.67466,0],[75.94077,12.67445,0],[75.9407,12.67416,0],[75.94067,12.67374,0],[75.94074,12.67353,0],[75.9408,12.67339,0],[75.94085,12.67327,0],[75.94096,12.67303,0],[75.94152,12.67268,0],[75.94164,12.67257,0],[75.94191,12.67229,0],[75.94215,12.67194,0],[75.94218,12.67191,0],[75.9422,12.67183,0],[75.94231,12.67149,0],[75.94232,12.67139,0],[75.94234,12.67123,0],[75.94241,12.67082,0],[75.94241,12.67081,0],[75.9425,12.67046,0],[75.9425,12.67043,0],[75.94262,12.67028,0],[75.94267,12.67021,0],[75.94273,12.67017,0],[75.94293,12.67004,0],[75.94334,12.67,0],[75.94375,12.66997,0],[75.94387,12.66962,0],[75.94387,12.66962,0],[75.94387,12.66962,0],[75.94375,12.6693,0],[75.94374,12.66929,0],[75.94356,12.66902,0],[75.94356,12.66902,0],[75.94356,12.66901,0],[75.94361,12.66871,0],[75.9439,12.66868,0],[75.9442,12.66868,0],[75.94464,12.66843,0],[75.9444,12.66804,0],[75.94414,12.66778,0],[75.94423,12.66743,0],[75.94462,12.6673,0],[75.94463,12.6673,0],[75.94463,12.6673,0],[75.94476,12.6673,0],[75.94492,12.6673,0],[75.94504,12.66736,0],[75.94528,12.66749,0],[75.94528,12.66749,0],[75.94605,12.6673,0],[75.94633,12.66701,0],[75.94635,12.66693,0],[75.9464,12.66672,0],[75.94655,12.66651,0],[75.94656,12.6665,0],[75.9467,12.66651,0],[75.94686,12.66653,0],[75.94719,12.6666,0],[75.94719,12.6666,0],[75.94719,12.66659,0],[75.94743,12.66643,0],[75.94743,12.66643,0],[75.94743,12.66643,0],[75.94735,12.66618,0],[75.94741,12.66591,0],[75.94742,12.66586,0],[75.94752,12.66572,0],[75.94765,12.66553,0],[75.94793,12.66541,0],[75.94806,12.66536,0],[75.94806,12.66535,0],[75.94829,12.66496,0],[75.94829,12.66455,0],[75.94828,12.66454,0],[75.94819,12.66419,0],[75.94819,12.66419,0],[75.94819,12.66418,0],[75.94835,12.66387,0],[75.94835,12.66386,0],[75.94868,12.66358,0],[75.94868,12.66357,0],[75.94877,12.66343,0],[75.9489,12.66322,0],[75.9489,12.66322,0],[75.9489,12.66322,0],[75.94881,12.66292,0],[75.94871,12.66275,0],[75.94871,12.66275,0],[75.94865,12.66266,0],[75.94837,12.66257,0],[75.94813,12.6625,0],[75.94805,12.66247,0],[75.94754,12.66233,0],[75.94728,12.66222,0],[75.94728,12.66222,0],[75.94695,12.66208,0],[75.94635,12.66162,0],[75.94623,12.66153,0],[75.94584,12.66108,0],[75.94562,12.6608,0],[75.94547,12.66063,0],[75.94501,12.66011,0],[75.94468,12.65971,0],[75.94428,12.65923,0],[75.94386,12.6585,0],[75.94386,12.65849,0],[75.94385,12.65847,0],[75.9435,12.65787,0],[75.94298,12.657,0],[75.94294,12.65694,0],[75.94264,12.65614,0],[75.94233,12.65532,0],[75.94222,12.65504,0],[75.94191,12.65449,0],[75.94187,12.65441,0],[75.94171,12.65413,0],[75.94167,12.65404,0],[75.94167,12.65404,0],[75.94167,12.65404,0],[75.94167,12.65404,0],[75.94139,12.65335,0],[75.94116,12.65303,0],[75.9411,12.65292,0],[75.94102,12.6528,0],[75.94065,12.65253,0],[75.94051,12.65242,0],[75.94033,12.65227,0],[75.94021,12.65216,0],[75.94001,12.65191,0],[75.93985,12.65171,0],[75.93982,12.65156,0],[75.93975,12.65129,0],[75.93973,12.65117,0],[75.93969,12.65084,0],[75.93964,12.65054,0],[75.93962,12.65039,0],[75.9396,12.6501,0],[75.93955,12.64941,0],[75.93953,12.64911,0],[75.93943,12.64843,0],[75.93933,12.64707,0],[75.93933,12.64707,0],[75.93919,12.64513,0],[75.93914,12.64443,0],[75.93913,12.64423,0],[75.939,12.64333,0],[75.93893,12.64317,0],[75.9388,12.64285,0],[75.93869,12.64264,0],[75.93865,12.64257,0],[75.93852,12.64225,0],[75.93868,12.64203,0],[75.93868,12.64203,0],[75.93895,12.64216,0],[75.93947,12.64216,0],[75.93977,12.64219,0],[75.93977,12.64219,0],[75.93999,12.64206,0],[75.94022,12.64183,0],[75.94023,12.64182,0],[75.9406,12.64173,0],[75.94061,12.64173,0],[75.94093,12.64176,0],[75.94103,12.64161,0],[75.94187,12.64042,0],[75.94296,12.63856,0],[75.94368,12.63731,0],[75.94392,12.63681,0],[75.94415,12.63633,0],[75.94422,12.63618,0],[75.94427,12.63605,0],[75.94439,12.63578,0],[75.94444,12.63558,0],[75.94448,12.6354,0],[75.94435,12.63514,0],[75.94419,12.63494,0],[75.94406,12.63478,0],[75.94398,12.63465,0],[75.94389,12.63449,0],[75.94331,12.63371,0],[75.94331,12.63371,0],[75.94318,12.63353,0],[75.94236,12.63237,0],[75.94128,12.63154,0],[75.94128,12.63153,0],[75.94128,12.63153,0],[75.93982,12.63061,0],[75.93965,12.63049,0],[75.93884,12.6299,0],[75.93844,12.62963,0],[75.93753,12.629,0],[75.9373,12.62881,0],[75.93715,12.62853,0],[75.93715,12.62853,0],[75.93715,12.62853,0],[75.93749,12.62827,0],[75.93749,12.62826,0],[75.93789,12.62797,0],[75.93796,12.62792,0],[75.93874,12.62727,0],[75.9395,12.62698,0],[75.94084,12.62685,0],[75.94199,12.62695,0],[75.94199,12.62695,0],[75.94357,12.62744,0],[75.94403,12.62765,0],[75.94405,12.62766,0],[75.94438,12.62785,0],[75.94471,12.62802,0],[75.94471,12.62802,0],[75.94499,12.62811,0],[75.9453,12.628,0],[75.9453,12.628,0],[75.94602,12.62747,0],[75.94624,12.62726,0],[75.94624,12.62726,0],[75.94624,12.62726,0],[75.94627,12.62701,0],[75.94625,12.62689,0],[75.94622,12.62667,0],[75.94622,12.62667,0],[75.94622,12.62667,0],[75.9464,12.62633,0],[75.94658,12.62622,0],[75.94666,12.62617,0],[75.9483,12.62524,0],[75.94949,12.62447,0],[75.94953,12.62445,0],[75.95001,12.62418,0],[75.95009,12.62411,0],[75.95027,12.62396,0],[75.95037,12.62383,0],[75.95051,12.62364,0],[75.95072,12.62302,0],[75.95082,12.6224,0],[75.95078,12.62187,0],[75.95075,12.62159,0],[75.95052,12.62066,0],[75.95042,12.62029,0],[75.95033,12.61995,0],[75.95015,12.61968,0],[75.95015,12.61968,0],[75.94994,12.61937,0],[75.94951,12.61889,0],[75.94937,12.61844,0],[75.94932,12.61828,0],[75.94932,12.61776,0],[75.9493,12.61701,0],[75.94927,12.61624,0],[75.94914,12.61579,0],[75.94899,12.61541,0],[75.94894,12.6153,0],[75.94872,12.61476,0],[75.94862,12.61447,0],[75.94846,12.61395,0],[75.9481,12.61331,0],[75.94807,12.61328,0],[75.94762,12.61283,0],[75.94762,12.61283,0],[75.94745,12.61271,0],[75.94734,12.61263,0],[75.94727,12.61258,0],[75.94727,12.61258,0],[75.94682,12.61228,0],[75.94647,12.61203,0],[75.94631,12.61191,0],[75.94566,12.61178,0],[75.94464,12.61158,0],[75.94363,12.61136,0],[75.94328,12.61123,0],[75.94283,12.61107,0],[75.94247,12.61074,0],[75.94244,12.61071,0],[75.94241,12.61065,0],[75.94215,12.61016,0],[75.94221,12.60971,0],[75.9422,12.6096,0],[75.94218,12.60946,0],[75.94193,12.60913,0],[75.9415,12.60884,0],[75.9412,12.60873,0],[75.94089,12.6086,0],[75.94062,12.60838,0],[75.9405,12.60828,0],[75.94027,12.60786,0],[75.94025,12.60764,0],[75.9402,12.60719,0],[75.9403,12.60698,0],[75.94044,12.6067,0],[75.94057,12.60619,0],[75.94067,12.6058,0],[75.94075,12.60546,0],[75.94075,12.60546,0],[75.94093,12.60474,0],[75.94109,12.60435,0],[75.94126,12.60397,0],[75.94202,12.60275,0],[75.94286,12.60177,0],[75.94342,12.60132,0],[75.94342,12.60132,0],[75.94357,12.60119,0],[75.94408,12.60094,0],[75.94443,12.60078,0],[75.94476,12.60063,0],[75.94521,12.60042,0],[75.94554,12.60004,0],[75.9456,12.59966,0],[75.94561,12.59962,0],[75.94563,12.59957,0],[75.94587,12.59888,0],[75.94627,12.59824,0],[75.94669,12.59772,0],[75.94678,12.59761,0],[75.94684,12.59755,0],[75.94724,12.5972,0],[75.94764,12.59702,0],[75.94776,12.59697,0],[75.94816,12.59675,0],[75.94829,12.59649,0],[75.94833,12.59643,0],[75.94845,12.59623,0],[75.94878,12.59564,0],[75.94893,12.59537,0],[75.94911,12.59504,0],[75.94952,12.59443,0],[75.94952,12.59442,0],[75.94993,12.59337,0],[75.95008,12.59321,0],[75.95018,12.5931,0],[75.9502,12.59283,0],[75.95021,12.59271,0],[75.95031,12.59197,0],[75.95036,12.59181,0],[75.95048,12.59146,0],[75.95086,12.59052,0],[75.95086,12.59052,0],[75.95123,12.58982,0],[75.95173,12.58844,0],[75.95192,12.58775,0],[75.95209,12.58715,0],[75.9522,12.58678,0],[75.95234,12.58633,0],[75.95267,12.58556,0],[75.95279,12.58535,0],[75.95306,12.58489,0],[75.95332,12.58441,0],[75.95332,12.58441,0],[75.95349,12.58389,0],[75.95359,12.58318,0],[75.95382,12.58206,0],[75.95385,12.58188,0],[75.95395,12.58119,0],[75.95423,12.5805,0],[75.95449,12.57995,0],[75.95472,12.57938,0],[75.95493,12.57886,0],[75.95538,12.57783,0],[75.95546,12.5776,0],[75.95571,12.57684,0],[75.9558,12.57647,0],[75.95598,12.57578,0],[75.95606,12.5755,0],[75.95618,12.57505,0],[75.95618,12.57505,0],[75.95639,12.57409,0],[75.95656,12.57372,0],[75.95675,12.57332,0],[75.95687,12.57303,0],[75.95702,12.57271,0],[75.9573,12.57227,0],[75.95737,12.57216,0],[75.95742,12.57205,0],[75.95764,12.57155,0],[75.95815,12.57089,0],[75.95823,12.57078,0],[75.95866,12.56991,0],[75.95895,12.56911,0],[75.9593,12.56809,0],[75.95992,12.56678,0],[75.96015,12.56629,0],[75.96049,12.56559,0],[75.96083,12.56486,0],[75.96083,12.56486,0],[75.96098,12.56456,0],[75.96153,12.56363,0],[75.9619,12.56302,0],[75.96274,12.56181,0],[75.96296,12.56141,0],[75.96323,12.56094,0],[75.96329,12.56084,0],[75.96336,12.56072,0],[75.96349,12.56046,0],[75.96349,12.56014,0],[75.96381,12.55984,0],[75.96496,12.55962,0],[75.96496,12.55962,0],[75.96546,12.55953,0],[75.96601,12.55946,0],[75.96615,12.55944,0],[75.9662,12.55944,0],[75.96729,12.55944,0],[75.96859,12.55952,0],[75.96879,12.55952,0],[75.96987,12.55952,0],[75.97059,12.55967,0],[75.97102,12.55975,0],[75.97135,12.55984,0],[75.97197,12.56001,0],[75.97227,12.56011,0],[75.97236,12.56014,0],[75.97246,12.56017,0],[75.97266,12.56024,0],[75.97324,12.56024,0],[75.97363,12.56031,0],[75.97364,12.56032,0],[75.97364,12.56032,0],[75.97397,12.56057,0],[75.97397,12.56058,0],[75.97398,12.56065,0],[75.97401,12.56093,0],[75.97401,12.56093,0],[75.97411,12.56162,0],[75.97411,12.56162,0],[75.97411,12.56162,0],[75.97444,12.5618,0],[75.9747,12.56186,0],[75.97523,12.56197,0],[75.97569,12.56206,0],[75.97612,12.56223,0],[75.97607,12.56264,0],[75.97587,12.56291,0],[75.97581,12.56299,0],[75.97483,12.56447,0],[75.9746,12.56504,0],[75.97428,12.56587,0],[75.97394,12.56691,0],[75.97392,12.56696,0],[75.97359,12.56796,0],[75.97304,12.56908,0],[75.97231,12.57014,0],[75.97166,12.57139,0],[75.97116,12.57245,0],[75.97101,12.57271,0],[75.97052,12.57353,0],[75.97022,12.57408,0],[75.96989,12.57466,0],[75.96989,12.57468,0],[75.96978,12.57521,0],[75.96993,12.57546,0],[75.97025,12.57549,0],[75.97025,12.57549,0],[75.97212,12.57569,0],[75.97283,12.57564,0],[75.97389,12.57556,0],[75.97413,12.57547,0],[75.97431,12.5754,0],[75.97464,12.57528,0],[75.97533,12.57502,0],[75.97601,12.57466,0],[75.97606,12.57463,0],[75.97608,12.57463,0],[75.9771,12.57438,0],[75.97711,12.57438,0],[75.97771,12.57439,0],[75.97797,12.57427,0],[75.97804,12.57423,0],[75.97839,12.57403,0],[75.9787,12.57385,0],[75.97877,12.5738,0],[75.97994,12.57298,0],[75.98047,12.57266,0],[75.98072,12.57257,0],[75.98106,12.57244,0],[75.98182,12.57228,0],[75.98182,12.57228,0],[75.98226,12.57222,0],[75.9826,12.57218,0],[75.9826,12.57218,0],[75.98331,12.5722,0],[75.98428,12.57222,0],[75.98453,12.57228,0],[75.98528,12.57246,0],[75.9856,12.57246,0],[75.9856,12.57246,0],[75.98583,12.57243,0],[75.98606,12.5724,0],[75.98721,12.57246,0],[75.9878,12.57249,0],[75.9878,12.57249,0],[75.9882,12.57257,0],[75.98849,12.57262,0],[75.98917,12.57275,0],[75.9894,12.57295,0],[75.98943,12.57327,0],[75.98921,12.57372,0],[75.98904,12.57407,0],[75.98895,12.57433,0],[75.98881,12.57468,0],[75.98868,12.57529,0],[75.98867,12.57557,0],[75.98865,12.5761,0],[75.98869,12.57676,0],[75.98871,12.57703,0],[75.98875,12.57827,0],[75.98866,12.57904,0],[75.98863,12.57923,0],[75.98859,12.57952,0],[75.98857,12.57976,0],[75.98856,12.57988,0],[75.98869,12.58023,0],[75.98891,12.58042,0],[75.98909,12.5805,0],[75.98928,12.58059,0],[75.98964,12.58084,0],[75.98976,12.58097,0],[75.98976,12.58097,0],[75.9899,12.5811,0],[75.99,12.58142,0],[75.99013,12.58174,0],[75.99039,12.58213,0],[75.99045,12.58227,0],[75.99052,12.58242,0],[75.99078,12.58271,0],[75.99102,12.58298,0],[75.99139,12.5834,0],[75.99171,12.58366,0],[75.99207,12.58392,0],[75.99209,12.58394,0],[75.99241,12.58431,0],[75.99241,12.58431,0],[75.99242,12.58431,0],[75.99286,12.5845,0],[75.99286,12.5845,0],[75.99286,12.5845,0],[75.99319,12.58447,0],[75.99358,12.58436,0],[75.99368,12.58434,0],[75.99467,12.58395,0],[75.99522,12.58376,0],[75.99595,12.5836,0],[75.99619,12.58358,0],[75.9964,12.58357,0],[75.99641,12.58357,0],[75.99652,12.5835,0],[75.9967,12.58338,0],[75.99711,12.58327,0],[75.99767,12.58327,0],[75.99791,12.58311,0],[75.99791,12.58311,0],[75.99791,12.5831,0],[75.99796,12.58282,0],[75.99796,12.58282,0],[75.99796,12.58281,0],[75.99789,12.5827,0],[75.9978,12.58254,0],[75.9978,12.58254,0],[75.9977,12.58211,0],[75.9978,12.58186,0],[75.99786,12.58169,0],[75.99791,12.58154,0],[75.998,12.58127,0],[75.99814,12.581,0],[75.99816,12.58095,0],[75.99829,12.58057,0],[75.99829,12.58028,0],[75.99816,12.58002,0],[75.99806,12.5797,0],[75.99809,12.57942,0],[75.9981,12.57928,0],[75.9982,12.57893,0],[75.99835,12.57879,0],[75.99846,12.5787,0],[75.99851,12.57859,0],[75.99863,12.57838,0],[75.99876,12.57831,0],[75.99892,12.57822,0],[75.99921,12.57809,0],[76,12.57777,0],[76,12.57777,0],[76.00031,12.57776,0],[76.00073,12.57761,0],[76.00084,12.57731,0],[76.00089,12.57717,0],[76.00117,12.57689,0],[76.00118,12.57689,0],[76.00143,12.57643,0],[76.00147,12.57621,0],[76.0015,12.57604,0],[76.0015,12.57604,0],[76.00153,12.57573,0],[76.00166,12.5753,0],[76.00205,12.57453,0],[76.0022,12.57437,0],[76.00229,12.57427,0],[76.00249,12.574,0],[76.00267,12.57387,0],[76.00308,12.57357,0],[76.00381,12.57319,0],[76.00483,12.57269,0],[76.0056,12.57253,0],[76.00655,12.57246,0],[76.00688,12.57249,0],[76.00712,12.57251,0],[76.00742,12.57245,0],[76.00759,12.57226,0],[76.00784,12.57198,0],[76.00802,12.57181,0],[76.00816,12.57169,0],[76.0085,12.57142,0],[76.00883,12.57115,0],[76.00988,12.57018,0],[76.01018,12.56986,0],[76.01035,12.56967,0],[76.01037,12.56966,0],[76.01068,12.56942,0],[76.01128,12.56943,0],[76.01155,12.5699,0],[76.01155,12.56991,0],[76.01178,12.57041,0],[76.01205,12.57096,0],[76.01205,12.57096,0],[76.01205,12.57096,0],[76.01234,12.5711,0],[76.01234,12.5711,0],[76.01265,12.5711,0],[76.01265,12.5711,0],[76.01292,12.571,0],[76.01307,12.57078,0],[76.01311,12.57069,0],[76.01322,12.57044,0],[76.0134,12.56996,0],[76.01357,12.56961,0],[76.01369,12.5694,0],[76.01382,12.56918,0],[76.01399,12.56884,0],[76.01411,12.56853,0],[76.01427,12.56821,0],[76.01437,12.56812,0],[76.01447,12.56803,0],[76.0147,12.56787,0],[76.0147,12.56787,0],[76.0148,12.56786,0],[76.015,12.56784,0],[76.01526,12.56795,0],[76.01529,12.56796,0],[76.01566,12.56822,0],[76.01584,12.56841,0],[76.01594,12.56851,0],[76.01609,12.56862,0],[76.01609,12.56862,0],[76.01643,12.56888,0],[76.01674,12.56912,0],[76.0168,12.56916,0],[76.0168,12.56916,0],[76.01755,12.56936,0],[76.01755,12.56936,0],[76.01817,12.56947,0],[76.01849,12.56948,0],[76.01909,12.56942,0],[76.01909,12.56942,0],[76.01936,12.56972,0],[76.01936,12.56973,0],[76.02093,12.57184,0],[76.02131,12.57281,0],[76.02151,12.57331,0],[76.022,12.57469,0],[76.022,12.5752,0],[76.02201,12.57522,0],[76.02219,12.57546,0],[76.02237,12.5756,0],[76.02251,12.57571,0],[76.02284,12.57578,0],[76.02373,12.57563,0],[76.02373,12.57563,0],[76.02395,12.57559,0],[76.02395,12.57559,0],[76.02611,12.5754,0],[76.02697,12.57495,0],[76.02721,12.57482,0],[76.0278,12.57438,0],[76.02781,12.57437,0],[76.02781,12.57437,0],[76.02813,12.57419,0],[76.02845,12.57399,0],[76.02865,12.57387,0],[76.02898,12.57348,0],[76.02898,12.57348,0],[76.02969,12.57342,0],[76.03012,12.57361,0],[76.03028,12.57368,0],[76.03133,12.57387,0],[76.03142,12.57402,0],[76.03152,12.57419,0],[76.03168,12.57437,0],[76.03191,12.57464,0],[76.03217,12.57483,0],[76.03217,12.57483,0],[76.03263,12.57477,0],[76.03289,12.57458,0],[76.03313,12.57451,0],[76.03403,12.57429,0],[76.03436,12.57378,0],[76.03448,12.57333,0],[76.03465,12.57302,0],[76.03475,12.57282,0],[76.03521,12.57244,0],[76.03592,12.57231,0],[76.03593,12.57231,0],[76.03687,12.57243,0],[76.03687,12.57243,0],[76.03742,12.57276,0],[76.03788,12.57308,0],[76.0379,12.57312,0],[76.03821,12.57366,0],[76.03846,12.57414,0],[76.03886,12.57436,0],[76.03896,12.57441,0],[76.03938,12.57462,0],[76.04034,12.57482,0],[76.04088,12.57494,0],[76.04453,12.57584,0],[76.04562,12.57605,0],[76.04613,12.576,0],[76.04613,12.576,0],[76.04617,12.57587,0],[76.04626,12.57562,0],[76.04633,12.57518,0],[76.04652,12.57395,0],[76.04718,12.57037,0],[76.04739,12.56946,0],[76.04757,12.56871,0],[76.04771,12.56826,0],[76.04775,12.56809,0],[76.04783,12.56772,0],[76.04783,12.56771,0],[76.04783,12.56745,0],[76.04784,12.5673,0],[76.04786,12.56666,0],[76.0479,12.56589,0],[76.04797,12.56542,0],[76.04803,12.56506,0],[76.04881,12.565,0],[76.04924,12.56481,0],[76.0495,12.56401,0],[76.04963,12.56365,0],[76.0499,12.56292,0],[76.0499,12.56139,0],[76.04977,12.56049,0],[76.04968,12.5603,0],[76.04918,12.55921,0],[76.04905,12.55831,0],[76.04901,12.55787,0],[76.04899,12.55767,0],[76.04945,12.5571,0],[76.05004,12.55687,0],[76.05029,12.55678,0],[76.05039,12.55669,0],[76.05081,12.55627,0],[76.05101,12.55563,0],[76.05105,12.55518,0],[76.05108,12.55492,0],[76.05106,12.55475,0],[76.05101,12.55416,0],[76.0516,12.55345,0],[76.05193,12.55307,0],[76.05241,12.55284,0],[76.05281,12.55266,0],[76.05287,12.55265,0],[76.05359,12.55259,0],[76.05359,12.55259,0],[76.05476,12.55266,0],[76.05587,12.55298,0],[76.0562,12.55362,0],[76.05688,12.55434,0],[76.05756,12.55464,0],[76.05757,12.55464,0],[76.05835,12.55471,0],[76.05959,12.55471,0],[76.0606,12.55462,0],[76.06096,12.55458,0],[76.06147,12.55458,0],[76.06259,12.55459,0],[76.06347,12.55455,0],[76.06451,12.55494,0],[76.06549,12.55526,0],[76.06569,12.55539,0],[76.06569,12.55539,0],[76.06618,12.55572,0],[76.06647,12.5559,0],[76.06705,12.5561,0],[76.06705,12.5561,0],[76.06717,12.55608,0],[76.0677,12.55603,0],[76.06859,12.55544,0],[76.06915,12.55507,0],[76.06955,12.55488,0],[76.06992,12.55469,0],[76.07003,12.55454,0],[76.07019,12.55431,0],[76.07058,12.55392,0],[76.07065,12.55341,0],[76.07039,12.55085,0],[76.07013,12.54919,0],[76.07015,12.54892,0],[76.07015,12.54892,0],[76.07019,12.54829,0],[76.07026,12.54797,0],[76.07036,12.5479,0],[76.07059,12.54772,0],[76.0713,12.54772,0],[76.07202,12.54791,0],[76.07267,12.5481,0],[76.07313,12.54842,0],[76.07355,12.54842,0],[76.07355,12.54842,0],[76.07356,12.54842,0],[76.0737,12.54787,0],[76.0737,12.54786,0],[76.07372,12.54762,0],[76.07375,12.54731,0],[76.07381,12.54667,0],[76.07384,12.54665,0],[76.07414,12.54641,0],[76.07466,12.54647,0],[76.07466,12.54647,0],[76.07538,12.54628,0],[76.07633,12.54595,0],[76.07633,12.54595,0],[76.07754,12.54552,0],[76.07805,12.54516,0],[76.07819,12.54507,0],[76.07949,12.54392,0],[76.08008,12.54372,0],[76.08041,12.5436,0],[76.08107,12.54334,0],[76.08107,12.54334,0],[76.08138,12.54322,0],[76.08138,12.54322,0],[76.08203,12.54312,0],[76.08223,12.54309,0],[76.08223,12.54309,0],[76.0826,12.54316,0],[76.08289,12.54322,0],[76.08324,12.54338,0],[76.08324,12.54338,0],[76.08324,12.54338,0],[76.08353,12.54265,0],[76.0839,12.54243,0],[76.08439,12.54213,0],[76.08494,12.54206,0],[76.08553,12.54198,0],[76.08553,12.54198,0],[76.0865,12.5421,0],[76.08691,12.54262,0],[76.08716,12.54294,0],[76.08716,12.54422,0],[76.08735,12.54463,0],[76.08774,12.54454,0],[76.08806,12.54429,0],[76.08834,12.54407,0],[76.08839,12.54403,0],[76.08898,12.54352,0],[76.08944,12.54326,0],[76.08944,12.54326,0],[76.08944,12.54326,0],[76.08977,12.5432,0],[76.08977,12.5432,0],[76.09003,12.54339,0],[76.09016,12.54371,0],[76.09018,12.54391,0],[76.09022,12.54416,0],[76.09022,12.54416,0],[76.09038,12.54441,0],[76.09061,12.54404,0],[76.09061,12.54403,0],[76.09074,12.543,0],[76.09075,12.54298,0],[76.09078,12.54232,0],[76.09055,12.54192,0],[76.0899,12.54166,0],[76.08983,12.54162,0],[76.08918,12.54128,0],[76.08851,12.54116,0],[76.08846,12.54115,0],[76.08846,12.54115,0],[76.0882,12.54102,0],[76.08794,12.54089,0],[76.08789,12.54068,0],[76.08788,12.54064,0],[76.08775,12.54019,0],[76.0869,12.53692,0],[76.08685,12.53649,0],[76.08684,12.53641,0],[76.08723,12.53646,0],[76.08736,12.53648,0],[76.08736,12.53648,0],[76.08758,12.53653,0],[76.08814,12.53667,0],[76.08925,12.53705,0],[76.08977,12.53699,0],[76.08984,12.53685,0],[76.0899,12.53673,0],[76.09034,12.53618,0],[76.09055,12.5359,0],[76.09063,12.53563,0],[76.09082,12.53501,0],[76.09094,12.53463,0],[76.09101,12.53443,0],[76.09127,12.53424,0],[76.0916,12.53419,0],[76.09167,12.53418,0],[76.09167,12.53417,0],[76.09264,12.53386,0],[76.09287,12.53332,0],[76.09287,12.53331,0],[76.0929,12.53326,0],[76.09326,12.53255,0],[76.09359,12.5321,0],[76.09359,12.5321,0],[76.09431,12.53204,0],[76.09431,12.53204,0],[76.09455,12.53211,0],[76.09496,12.53223,0],[76.09569,12.53231,0],[76.09607,12.53236,0],[76.09666,12.5321,0],[76.09666,12.5321,0],[76.09671,12.53203,0],[76.09705,12.53159,0],[76.09835,12.53082,0],[76.09854,12.53057,0],[76.09875,12.53031,0],[76.09875,12.52994,0],[76.09875,12.52935,0],[76.09873,12.52918,0],[76.09868,12.52878,0],[76.09843,12.52815,0],[76.09843,12.52812,0],[76.09837,12.52785,0],[76.09837,12.52784,0],[76.09837,12.52784,0],[76.09876,12.52766,0],[76.09917,12.52756,0],[76.09938,12.52729,0],[76.09938,12.52722,0],[76.0994,12.52697,0],[76.09966,12.5268,0],[76.09966,12.5268,0],[76.09966,12.5268,0],[76.10002,12.5268,0],[76.10002,12.5268,0],[76.10043,12.52681,0],[76.10117,12.52681,0],[76.10179,12.52692,0],[76.10195,12.52715,0],[76.10196,12.52716,0],[76.10195,12.52731,0],[76.10194,12.52746,0],[76.10194,12.52747,0],[76.10208,12.5277,0],[76.10302,12.52771,0],[76.10329,12.52771,0],[76.10361,12.52762,0],[76.10363,12.52736,0],[76.10354,12.52705,0],[76.10343,12.52659,0],[76.10326,12.52629,0],[76.103,12.52605,0],[76.10299,12.52605,0],[76.10212,12.52552,0],[76.1021,12.52551,0],[76.10186,12.52539,0],[76.10143,12.52512,0],[76.10143,12.52512,0],[76.10143,12.52511,0],[76.10142,12.52475,0],[76.10142,12.52473,0],[76.10151,12.52455,0],[76.10162,12.52431,0],[76.1019,12.52371,0],[76.10225,12.52298,0],[76.10249,12.52241,0],[76.10255,12.52228,0],[76.10273,12.52179,0],[76.10274,12.52176,0],[76.10274,12.52176,0],[76.10299,12.52151,0],[76.10299,12.52151,0],[76.10299,12.52151,0],[76.10342,12.52148,0],[76.10399,12.5216,0],[76.10399,12.5216,0],[76.10399,12.5216,0],[76.10436,12.52151,0],[76.10458,12.52116,0],[76.10461,12.52103,0],[76.10465,12.52086,0],[76.10465,12.52086,0],[76.10466,12.52077,0],[76.10471,12.52053,0],[76.10471,12.52051,0],[76.10483,12.51986,0],[76.10484,12.51981,0],[76.10487,12.51945,0],[76.10488,12.51943,0],[76.10493,12.51888,0],[76.10493,12.51886,0],[76.10502,12.5184,0],[76.10503,12.51839,0],[76.10504,12.51837,0],[76.10525,12.51797,0],[76.10525,12.51797,0],[76.10556,12.51758,0],[76.10556,12.51758,0],[76.10556,12.51758,0],[76.10569,12.51727,0],[76.10569,12.51726,0],[76.10572,12.51713,0],[76.10577,12.51687,0],[76.10578,12.51683,0],[76.10585,12.51645,0],[76.10586,12.51643,0],[76.10587,12.51642,0],[76.10609,12.51607,0],[76.10643,12.51579,0],[76.10644,12.51579,0],[76.10654,12.51575,0],[76.10689,12.51561,0],[76.10712,12.51555,0],[76.10725,12.51551,0],[76.10796,12.5154,0],[76.10843,12.51534,0],[76.10897,12.51527,0],[76.10936,12.51522,0],[76.10959,12.51504,0],[76.10959,12.51503,0],[76.10966,12.51478,0],[76.10966,12.51478,0],[76.10966,12.51453,0],[76.10966,12.51445,0],[76.10966,12.51414,0],[76.10976,12.51381,0],[76.10976,12.51381,0],[76.10976,12.51381,0],[76.11018,12.51364,0],[76.11055,12.51362,0],[76.11078,12.51345,0],[76.11092,12.51321,0],[76.11092,12.51319,0],[76.11124,12.51265,0],[76.11125,12.51264,0],[76.1115,12.51229,0],[76.11186,12.51204,0],[76.11256,12.51176,0],[76.11338,12.51158,0],[76.11419,12.51141,0],[76.1144,12.5114,0],[76.11472,12.51139,0],[76.11515,12.51158,0],[76.1155,12.51172,0],[76.1155,12.51173,0],[76.11593,12.51226,0],[76.11584,12.51274,0],[76.11572,12.51306,0],[76.1156,12.51338,0],[76.11553,12.51355,0],[76.11533,12.51403,0],[76.11529,12.51451,0],[76.11546,12.515,0],[76.11566,12.51517,0],[76.11576,12.51524,0],[76.11601,12.51538,0],[76.11623,12.5155,0],[76.11633,12.51552,0],[76.11668,12.51561,0],[76.11752,12.51582,0],[76.11835,12.51605,0],[76.11874,12.51622,0],[76.11906,12.51636,0],[76.11927,12.51656,0],[76.11943,12.5167,0],[76.11951,12.51719,0],[76.11951,12.5177,0],[76.11946,12.51817,0],[76.11939,12.51885,0],[76.11938,12.51914,0],[76.11938,12.51941,0],[76.11934,12.52035,0],[76.11932,12.5207,0],[76.11925,12.52111,0],[76.11914,12.52176,0],[76.11898,12.52206,0],[76.11874,12.52253,0],[76.11855,12.52284,0],[76.11848,12.52294,0],[76.11834,12.52313,0],[76.11797,12.52359,0],[76.11732,12.52425,0],[76.11591,12.52609,0],[76.11591,12.5261,0],[76.11576,12.52646,0],[76.11613,12.52708,0],[76.11648,12.52735,0],[76.11681,12.52753,0],[76.11705,12.52755,0],[76.11737,12.52758,0],[76.11805,12.52755,0],[76.11805,12.52755,0],[76.11821,12.52752,0],[76.11863,12.52744,0],[76.11912,12.52716,0],[76.11917,12.52713,0],[76.11948,12.52697,0],[76.11982,12.52694,0],[76.12012,12.52692,0],[76.12012,12.52692,0],[76.12035,12.52696,0],[76.12087,12.52704,0],[76.12177,12.52709,0],[76.1254,12.52704,0],[76.1254,12.52704,0],[76.12549,12.52704,0],[76.13025,12.52701,0],[76.13432,12.52715,0],[76.13432,12.52715,0],[76.13479,12.52728,0],[76.1349,12.52772,0],[76.13506,12.53002,0],[76.13531,12.53282,0],[76.13573,12.53573,0],[76.13588,12.53599,0],[76.13588,12.53599,0],[76.13588,12.53599,0],[76.13622,12.53615,0],[76.13623,12.53616,0],[76.13712,12.53649,0],[76.13769,12.53674,0],[76.13771,12.53675,0],[76.13824,12.53688,0],[76.13824,12.53688,0],[76.13873,12.53691,0],[76.13873,12.53691,0],[76.13976,12.53671,0],[76.14041,12.53647,0],[76.14061,12.53634,0],[76.14091,12.53615,0],[76.1411,12.53598,0],[76.1411,12.53598,0],[76.14133,12.53578,0],[76.14201,12.53545,0],[76.1422,12.53536,0],[76.14247,12.53523,0],[76.1427,12.53515,0],[76.1427,12.53515,0],[76.14293,12.53508,0],[76.14293,12.53508,0],[76.14344,12.53503,0],[76.14396,12.53514,0],[76.14411,12.53548,0],[76.14372,12.54047,0],[76.14375,12.54128,0],[76.14378,12.54159,0],[76.14385,12.54282,0],[76.14388,12.54328,0],[76.14404,12.54359,0],[76.14479,12.54368,0],[76.14479,12.54368,0],[76.14662,12.54391,0],[76.14908,12.54417,0],[76.15068,12.54432,0],[76.1508,12.54434,0],[76.15149,12.54441,0],[76.15149,12.54441,0],[76.15183,12.54462,0],[76.15183,12.54462,0],[76.15202,12.54485,0],[76.15212,12.54488,0],[76.1526,12.54499,0],[76.1526,12.54499,0],[76.15261,12.54499,0],[76.15282,12.54538,0],[76.15276,12.5457,0],[76.15149,12.54729,0],[76.15138,12.54748,0],[76.15128,12.54766,0],[76.15126,12.54793,0],[76.15126,12.54836,0],[76.15132,12.54881,0],[76.15135,12.54914,0],[76.15166,12.55012,0],[76.1519,12.55121,0],[76.15204,12.55184,0],[76.15234,12.55297,0],[76.15239,12.55315,0],[76.15298,12.55559,0],[76.15304,12.55578,0],[76.15313,12.55602,0],[76.1533,12.55643,0],[76.15364,12.55694,0],[76.15374,12.5571,0],[76.15471,12.55843,0],[76.15659,12.56097,0],[76.157,12.56125,0],[76.15709,12.56125,0],[76.15731,12.56125,0],[76.15747,12.56125,0],[76.1576,12.56125,0],[76.15786,12.56133,0],[76.15807,12.56161,0],[76.15788,12.56199,0],[76.15458,12.56332,0],[76.15366,12.56376,0],[76.15336,12.56376,0],[76.15311,12.56361,0],[76.15302,12.56354,0],[76.15289,12.56345,0],[76.15265,12.56335,0],[76.15244,12.56335,0],[76.15233,12.56335,0],[76.15233,12.56335,0],[76.1521,12.56345,0],[76.1518,12.56358,0],[76.14997,12.56444,0],[76.14909,12.56485,0],[76.14881,12.56512,0],[76.14931,12.56772,0],[76.14969,12.57005,0],[76.14977,12.57053,0],[76.14991,12.57268,0],[76.15002,12.57298,0],[76.15008,12.57307,0],[76.1503,12.57338,0],[76.15165,12.57509,0],[76.15215,12.57572,0],[76.15267,12.57631,0],[76.15269,12.57635,0],[76.15285,12.57666,0],[76.15285,12.57667,0],[76.15286,12.57668,0],[76.15304,12.57719,0],[76.15305,12.57754,0],[76.15314,12.57796,0],[76.15315,12.57797,0],[76.15331,12.57839,0],[76.15331,12.5784,0],[76.15332,12.5784,0],[76.15375,12.5785,0],[76.15376,12.5785,0],[76.15376,12.5785,0],[76.15441,12.57839,0],[76.15446,12.57838,0],[76.15523,12.57814,0],[76.15595,12.57791,0],[76.15723,12.57748,0],[76.15736,12.57744,0],[76.15774,12.57736,0],[76.15816,12.57736,0],[76.15816,12.57736,0],[76.15877,12.57747,0],[76.16118,12.57791,0],[76.16248,12.57815,0],[76.16635,12.57917,0],[76.16703,12.57936,0],[76.16737,12.5794,0],[76.16749,12.5794,0],[76.16803,12.57938,0],[76.16846,12.57933,0],[76.16846,12.57933,0],[76.16848,12.57933,0],[76.16901,12.57924,0],[76.16955,12.57904,0],[76.16993,12.57889,0],[76.17167,12.57782,0],[76.17195,12.57765,0],[76.17458,12.57649,0],[76.17596,12.57595,0],[76.17747,12.57535,0],[76.18193,12.57414,0],[76.18193,12.57414,0],[76.18307,12.57384,0],[76.18307,12.57384,0],[76.18346,12.57388,0],[76.18346,12.57388,0],[76.18346,12.57389,0],[76.18364,12.57422,0],[76.18365,12.57424,0],[76.18373,12.57438,0],[76.18387,12.57462,0],[76.184,12.57484,0],[76.18418,12.57533,0],[76.18432,12.57576,0],[76.18458,12.576,0],[76.18661,12.57551,0],[76.18662,12.57551,0],[76.18677,12.57548,0],[76.18816,12.57521,0],[76.18853,12.57518,0],[76.18869,12.57517,0],[76.18869,12.57517,0],[76.18914,12.5752,0],[76.19003,12.57526,0],[76.19079,12.57552,0],[76.19204,12.57593,0],[76.19295,12.5761,0],[76.19388,12.57626,0],[76.19546,12.57653,0],[76.19614,12.57672,0],[76.19638,12.57695,0],[76.19608,12.57955,0],[76.19607,12.57964,0],[76.19592,12.5806,0],[76.1958,12.58089,0],[76.19572,12.58109,0],[76.19548,12.58148,0],[76.19527,12.58182,0],[76.19502,12.58214,0],[76.19485,12.58236,0],[76.19335,12.5846,0],[76.19296,12.58511,0],[76.19295,12.58511,0],[76.1927,12.58554,0],[76.19302,12.58594,0],[76.19316,12.58624,0],[76.19325,12.58668,0],[76.19327,12.58713,0],[76.19318,12.58766,0],[76.19298,12.58811,0],[76.19291,12.58844,0],[76.19287,12.58867,0],[76.19287,12.5893,0],[76.19279,12.58969,0],[76.19278,12.59018,0],[76.19295,12.59058,0],[76.19302,12.59096,0],[76.19314,12.59113,0],[76.1933,12.59135,0],[76.19343,12.59221,0],[76.19347,12.5925,0],[76.19357,12.59276,0],[76.19366,12.593,0],[76.19392,12.59345,0],[76.19398,12.59356,0],[76.19423,12.59391,0],[76.19423,12.59391,0],[76.19466,12.59505,0],[76.19472,12.59562,0],[76.19491,12.59656,0],[76.19478,12.59743,0],[76.19459,12.59806,0],[76.19402,12.59881,0],[76.1937,12.59931,0],[76.19293,12.60069,0],[76.19229,12.60225,0],[76.19203,12.60319,0],[76.19159,12.60501,0],[76.1913,12.60673,0],[76.19111,12.60817,0],[76.19085,12.60923,0],[76.1904,12.61029,0],[76.18976,12.61117,0],[76.189,12.61167,0],[76.18843,12.61216,0],[76.18794,12.61231,0],[76.18763,12.61263,0],[76.18742,12.61233,0],[76.18747,12.61198,0],[76.18737,12.61137,0],[76.18716,12.61102,0],[76.18696,12.61081,0],[76.18665,12.61086,0],[76.18634,12.61107,0],[76.18618,12.61132,0],[76.18561,12.61172,0],[76.1852,12.61198,0],[76.18468,12.61228,0],[76.18442,12.61253,0],[76.18406,12.61274,0],[76.1837,12.61289,0],[76.18329,12.61284,0],[76.18287,12.61279,0],[76.18246,12.61274,0],[76.1822,12.61253,0],[76.18215,12.61228,0],[76.18225,12.61187,0],[76.18256,12.61139,0],[76.18303,12.61147,0],[76.18355,12.61157,0],[76.1837,12.61132,0],[76.1835,12.61106,0],[76.18287,12.61091,0],[76.18267,12.61066,0],[76.18262,12.6103,0],[76.18251,12.60985,0],[76.18241,12.60939,0],[76.18215,12.60888,0],[76.18195,12.60812,0],[76.18179,12.60767,0],[76.18159,12.60736,0],[76.18102,12.60711,0],[76.17962,12.60716,0],[76.17877,12.60728,0],[76.17851,12.60739,0],[76.1783,12.60764,0],[76.1783,12.6081,0],[76.1783,12.6086,0],[76.1783,12.60916,0],[76.17804,12.60956,0],[76.17773,12.60972,0],[76.17717,12.60977,0],[76.17706,12.61017,0],[76.17701,12.61068,0],[76.17691,12.61114,0],[76.1767,12.61154,0],[76.17639,12.61179,0],[76.17608,12.6122,0],[76.17587,12.61255,0],[76.17587,12.61306,0],[76.17592,12.61413,0],[76.17602,12.61509,0],[76.17602,12.61575,0],[76.17605,12.61714,0],[76.17615,12.618,0],[76.17607,12.61838,0],[76.17594,12.61881,0],[76.17558,12.61902,0],[76.17496,12.61917,0],[76.17362,12.61947,0],[76.173,12.61972,0],[76.17253,12.62003,0],[76.17217,12.62043,0],[76.17207,12.62084,0],[76.17207,12.62119,0],[76.17196,12.6216,0],[76.17176,12.6218,0],[76.17108,12.622,0],[76.17031,12.62216,0],[76.17005,12.62231,0],[76.16962,12.62227,0],[76.1693,12.62269,0],[76.16951,12.6235,0],[76.16966,12.62446,0],[76.16981,12.62527,0],[76.16992,12.62608,0],[76.16981,12.62659,0],[76.16966,12.62745,0],[76.16955,12.62796,0],[76.16961,12.62871,0],[76.1696,12.62948,0],[76.16971,12.63014,0],[76.16996,12.63075,0],[76.17012,12.63176,0],[76.17045,12.6329,0],[76.17061,12.63331,0],[76.17076,12.63356,0],[76.171,12.63402,0],[76.17102,12.63463,0],[76.17027,12.63468,0],[76.16983,12.63462,0],[76.16939,12.63462,0],[76.16883,12.63467,0],[76.16844,12.63452,0],[76.16792,12.63417,0],[76.16735,12.63406,0],[76.16694,12.63407,0],[76.16653,12.63381,0],[76.16616,12.63381,0],[76.16523,12.63376,0],[76.16467,12.63376,0],[76.16348,12.63376,0],[76.16306,12.63386,0],[76.1627,12.63401,0],[76.16296,12.63437,0],[76.16311,12.63477,0],[76.16311,12.63528,0],[76.16306,12.63573,0],[76.16275,12.63614,0],[76.16254,12.63644,0],[76.16223,12.63685,0],[76.162,12.63733,0],[76.1619,12.63784,0],[76.162,12.6389,0],[76.16205,12.64017,0],[76.1622,12.64118,0],[76.1621,12.64199,0],[76.16194,12.6424,0],[76.16138,12.64311,0],[76.16091,12.64361,0],[76.16055,12.64422,0],[76.16019,12.64483,0],[76.15993,12.64539,0],[76.15977,12.64595,0],[76.15964,12.64749,0],[76.15964,12.64805,0],[76.15964,12.64845,0],[76.15985,12.64883,0],[76.16031,12.64906,0],[76.16078,12.64906,0],[76.16326,12.64927,0],[76.16512,12.64927,0],[76.16569,12.64932,0],[76.16625,12.64958,0],[76.1662,12.65021,0],[76.16651,12.65059,0],[76.1678,12.6511,0],[76.16845,12.65173,0],[76.16855,12.65224,0],[76.1685,12.65269,0],[76.16835,12.65295,0],[76.16772,12.6534,0],[76.1669,12.65376,0],[76.16612,12.65421,0],[76.16571,12.65437,0],[76.16566,12.65467,0],[76.16566,12.65507,0],[76.16596,12.6569,0],[76.16591,12.65771,0],[76.16576,12.65827,0],[76.16405,12.6607,0],[76.16382,12.66108,0],[76.16366,12.66169,0],[76.16366,12.6623,0],[76.16335,12.6629,0],[76.16304,12.66361,0],[76.16278,12.66387,0],[76.16273,12.66442,0],[76.16278,12.66503,0],[76.16314,12.66605,0],[76.16355,12.66706,0],[76.16391,12.66873,0],[76.16402,12.6696,0],[76.16407,12.6702,0],[76.16393,12.67373,0],[76.16347,12.67611,0],[76.16279,12.67808,0],[76.16197,12.67977,0],[76.16105,12.68132,0],[76.1607,12.68191,0],[76.15956,12.68333,0],[76.15847,12.68454,0],[76.15795,12.6851,0],[76.15764,12.68541,0],[76.15744,12.68561,0],[76.15749,12.68586,0],[76.15764,12.68637,0],[76.15806,12.68779,0],[76.15831,12.68855,0],[76.15831,12.68913,0],[76.15798,12.68969,0],[76.15751,12.6904,0],[76.15736,12.69095,0],[76.1572,12.69177,0],[76.1572,12.69319,0],[76.15725,12.69537,0],[76.15725,12.69643,0],[76.15725,12.6981,0],[76.15711,12.69985,0],[76.15691,12.70097,0],[76.1567,12.70152,0],[76.15639,12.70203,0],[76.15603,12.70233,0],[76.15598,12.70274,0],[76.15613,12.70335,0],[76.15623,12.70467,0],[76.15608,12.70558,0],[76.15564,12.70685,0],[76.15807,12.7067,0],[76.1617,12.70699,0],[76.16171,12.70743,0],[76.16173,12.70791,0],[76.16178,12.70822,0],[76.16184,12.70856,0],[76.16188,12.7089,0],[76.1619,12.70916,0],[76.16193,12.70946,0],[76.16197,12.70985,0],[76.162,12.71015,0],[76.16203,12.71047,0],[76.16207,12.71087,0],[76.1621,12.71119,0],[76.16212,12.7115,0],[76.16213,12.71179,0],[76.16211,12.71211,0],[76.16205,12.71249,0],[76.15939,12.71284,0],[76.15977,12.71296,0],[76.16049,12.71306,0],[76.1609,12.71331,0],[76.16111,12.71387,0],[76.16121,12.71468,0],[76.16142,12.71585,0],[76.1615,12.71643,0],[76.16144,12.71668,0],[76.16106,12.71668,0],[76.16056,12.71673,0],[76.16041,12.71699,0],[76.16036,12.71739,0],[76.1602,12.7177,0],[76.15999,12.718,0],[76.15943,12.7184,0],[76.1588,12.71876,0],[76.15798,12.71899,0],[76.15772,12.71932,0],[76.15767,12.71977,0],[76.15777,12.72144,0],[76.15787,12.72322,0],[76.15777,12.72388,0],[76.15787,12.72449,0],[76.15836,12.72776,0],[76.15951,12.73023,0],[76.16027,12.73186,0],[76.16156,12.7344,0],[76.16179,12.73463,0],[76.16205,12.73483,0],[76.16262,12.73473,0],[76.1635,12.73458,0],[76.16391,12.73453,0],[76.16443,12.73463,0],[76.16453,12.73498,0],[76.16474,12.7362,0],[76.16453,12.73716,0],[76.16453,12.73792,0],[76.16458,12.73879,0],[76.16494,12.74005,0],[76.16546,12.74112,0],[76.16608,12.74203,0],[76.1661,12.74241,0],[76.16584,12.74307,0],[76.16554,12.7439,0],[76.16532,12.7451,0],[76.16527,12.74667,0],[76.16532,12.74778,0],[76.16506,12.7488,0],[76.16475,12.74915,0],[76.16435,12.74949,0],[76.16408,12.74971,0],[76.16351,12.75003,0],[76.16343,12.75037,0],[76.1628,12.75069,0],[76.16233,12.75084,0],[76.16168,12.75096,0],[76.16112,12.75103,0],[76.16069,12.75117,0],[76.1604,12.75129,0],[76.16008,12.75158,0],[76.15971,12.7521,0],[76.15948,12.75242,0],[76.15929,12.75292,0],[76.15906,12.7535,0],[76.15892,12.75415,0],[76.15869,12.75524,0],[76.15853,12.75596,0],[76.15842,12.7565,0],[76.15835,12.75684,0],[76.15839,12.75722,0],[76.15886,12.75753,0],[76.15942,12.75767,0],[76.16077,12.75799,0],[76.1623,12.75832,0],[76.16341,12.75858,0],[76.16455,12.7588,0],[76.1653,12.75888,0],[76.16592,12.75885,0],[76.16702,12.75893,0],[76.1679,12.75907,0],[76.16827,12.75918,0],[76.16871,12.75942,0],[76.16909,12.75976,0],[76.1695,12.76029,0],[76.1698,12.76074,0],[76.17004,12.76122,0],[76.17039,12.76181,0],[76.17067,12.76241,0],[76.17095,12.76317,0],[76.17132,12.76426,0],[76.17151,12.76514,0],[76.17163,12.7659,0],[76.17174,12.76648,0],[76.17174,12.76693,0],[76.17159,12.76729,0],[76.17133,12.7676,0],[76.17089,12.76793,0],[76.16957,12.76869,0],[76.16843,12.76921,0],[76.1674,12.76974,0],[76.16627,12.77021,0],[76.16497,12.77083,0],[76.16416,12.77126,0],[76.16376,12.7715,0],[76.1634,12.77188,0],[76.16328,12.77221,0],[76.1633,12.77266,0],[76.16328,12.77374,0],[76.16331,12.77488,0],[76.16338,12.77542,0],[76.16347,12.77621,0],[76.16354,12.77702,0],[76.16349,12.77788,0],[76.16347,12.77857,0],[76.16355,12.77951,0],[76.16361,12.78025,0],[76.16369,12.78094,0],[76.16392,12.7819,0],[76.16408,12.78264,0],[76.16429,12.78328,0],[76.1645,12.78378,0],[76.16471,12.78405,0],[76.16492,12.78427,0],[76.16522,12.78443,0],[76.16553,12.78457,0],[76.16611,12.7847,0],[76.16708,12.78503,0],[76.16892,12.78554,0],[76.17017,12.78592,0],[76.17159,12.78632,0],[76.17261,12.78651,0],[76.17308,12.78662,0],[76.17335,12.78684,0],[76.1735,12.78731,0],[76.17352,12.78802,0],[76.17348,12.78935,0],[76.17341,12.79183,0],[76.17334,12.79376,0],[76.17324,12.79618,0],[76.17329,12.7979,0],[76.17328,12.79894,0],[76.17324,12.79963,0],[76.17324,12.80001,0],[76.17312,12.80033,0],[76.1728,12.80056,0],[76.17247,12.80065,0],[76.17211,12.80074,0],[76.17175,12.80079,0],[76.17113,12.80087,0],[76.16987,12.80113,0],[76.1683,12.8015,0],[76.16769,12.80167,0],[76.16734,12.80182,0],[76.16709,12.80212,0],[76.16691,12.80272,0],[76.16677,12.80342,0],[76.16651,12.80548,0],[76.16631,12.80677,0],[76.1662,12.8076,0],[76.16603,12.80832,0],[76.16541,12.81012,0],[76.16478,12.81182,0],[76.16428,12.81303,0],[76.1637,12.81466,0],[76.16354,12.81528,0],[76.16321,12.81669,0],[76.16289,12.81777,0]]]},"properties":{"RANGE":"ARKALGUD"}},
{"type":"Feature","geometry":{"type":"Polygon","coordinates":[[[76.08747,13.28686,0],[76.08726,13.28713,0],[76.08696,13.28704,0],[76.08623,13.28673,0],[76.08507,13.2865,0],[76.08457,13.28641,0],[76.08388,13.28641,0],[76.08323,13.28632,0],[76.08226,13.28636,0],[76.08123,13.2865,0],[76.08081,13.2865,0],[76.08035,13.28658,0],[76.07961,13.28663,0],[76.07846,13.28667,0],[76.07671,13.28672,0],[76.07491,13.28676,0],[76.07399,13.28674,0],[76.07367,13.28653,0],[76.07346,13.28608,0],[76.07319,13.28549,0],[76.07282,13.28504,0],[76.07121,13.2832,0],[76.07029,13.28216,0],[76.06964,13.28144,0],[76.06905,13.28116,0],[76.0684,13.28085,0],[76.0679,13.28053,0],[76.06737,13.27995,0],[76.06686,13.27959,0],[76.06599,13.27913,0],[76.06506,13.27877,0],[76.06474,13.27859,0],[76.06442,13.27837,0],[76.06391,13.27778,0],[76.06355,13.27737,0],[76.06336,13.27701,0],[76.06258,13.27656,0],[76.06173,13.27611,0],[76.06122,13.27588,0],[76.06062,13.27566,0],[76.05993,13.27534,0],[76.05887,13.2748,0],[76.0579,13.27435,0],[76.05648,13.27372,0],[76.05606,13.27335,0],[76.05579,13.27299,0],[76.05556,13.2725,0],[76.05537,13.27223,0],[76.05531,13.27196,0],[76.05549,13.26961,0],[76.05545,13.26894,0],[76.05527,13.26673,0],[76.05536,13.26601,0],[76.05541,13.26556,0],[76.0555,13.26506,0],[76.0558,13.26407,0],[76.05663,13.26214,0],[76.05746,13.26056,0],[76.05857,13.25858,0],[76.05912,13.25788,0],[76.0594,13.25723,0],[76.05945,13.25696,0],[76.05956,13.25615,0],[76.05957,13.25434,0],[76.05961,13.25295,0],[76.05971,13.25169,0],[76.05971,13.25106,0],[76.05948,13.25051,0],[76.05947,13.2499,0],[76.05944,13.24922,0],[76.05936,13.24887,0],[76.05904,13.24875,0],[76.05867,13.24887,0],[76.05811,13.24905,0],[76.05762,13.24927,0],[76.05713,13.24952,0],[76.05663,13.24975,0],[76.05606,13.25002,0],[76.05533,13.25026,0],[76.05478,13.25046,0],[76.05374,13.25064,0],[76.05199,13.25123,0],[76.05052,13.25177,0],[76.04971,13.25199,0],[76.04948,13.25274,0],[76.04734,13.25329,0],[76.04678,13.25352,0],[76.04646,13.25365,0],[76.04625,13.25392,0],[76.04611,13.25433,0],[76.04598,13.25464,0],[76.04528,13.25491,0],[76.04459,13.25518,0],[76.04455,13.25554,0],[76.04441,13.25581,0],[76.04413,13.25599,0],[76.04349,13.25626,0],[76.0427,13.2568,0],[76.04192,13.25752,0],[76.04164,13.25788,0],[76.0413,13.25811,0],[76.04072,13.25815,0],[76.0401,13.25833,0],[76.03956,13.25874,0],[76.03961,13.25808,0],[76.03961,13.25767,0],[76.03961,13.25728,0],[76.03933,13.25652,0],[76.03927,13.25635,0],[76.03914,13.25582,0],[76.03928,13.25495,0],[76.03932,13.25487,0],[76.03948,13.25455,0],[76.03956,13.25427,0],[76.03962,13.25402,0],[76.03962,13.25395,0],[76.03962,13.25322,0],[76.03921,13.25276,0],[76.03921,13.25276,0],[76.03901,13.25182,0],[76.0394,13.25118,0],[76.03962,13.25031,0],[76.0397,13.25002,0],[76.0397,13.25002,0],[76.03966,13.24965,0],[76.0396,13.24953,0],[76.03948,13.2493,0],[76.03944,13.24922,0],[76.03934,13.24904,0],[76.03925,13.24888,0],[76.03919,13.24878,0],[76.03899,13.2486,0],[76.03878,13.24843,0],[76.03858,13.24827,0],[76.03836,13.2481,0],[76.03829,13.24804,0],[76.03801,13.24774,0],[76.03801,13.24774,0],[76.03768,13.2475,0],[76.03733,13.24746,0],[76.03657,13.24753,0],[76.03654,13.24753,0],[76.03566,13.2477,0],[76.03493,13.24789,0],[76.03441,13.24801,0],[76.03415,13.24806,0],[76.0337,13.24814,0],[76.03297,13.24823,0],[76.03268,13.24825,0],[76.03241,13.24827,0],[76.03181,13.24831,0],[76.03156,13.24832,0],[76.03107,13.24832,0],[76.03086,13.24832,0],[76.03077,13.24833,0],[76.03006,13.24842,0],[76.02895,13.2486,0],[76.02834,13.24868,0],[76.02807,13.24871,0],[76.02725,13.24884,0],[76.02644,13.24892,0],[76.02644,13.24892,0],[76.02643,13.24892,0],[76.02642,13.24892,0],[76.02521,13.24897,0],[76.02457,13.24901,0],[76.02426,13.24903,0],[76.02396,13.24906,0],[76.02341,13.2491,0],[76.02257,13.24918,0],[76.0215,13.24927,0],[76.02063,13.24939,0],[76.01976,13.24949,0],[76.01925,13.24955,0],[76.01911,13.24956,0],[76.01865,13.24962,0],[76.01841,13.24963,0],[76.01804,13.24967,0],[76.01769,13.2497,0],[76.01761,13.24975,0],[76.01745,13.24983,0],[76.01741,13.24986,0],[76.0172,13.25001,0],[76.0172,13.25001,0],[76.01758,13.25119,0],[76.01785,13.25179,0],[76.01785,13.25181,0],[76.018,13.25227,0],[76.01864,13.25309,0],[76.01878,13.25345,0],[76.019,13.25405,0],[76.01901,13.25409,0],[76.01915,13.25472,0],[76.01911,13.25528,0],[76.01908,13.25561,0],[76.01905,13.25574,0],[76.01896,13.25621,0],[76.01873,13.25665,0],[76.01854,13.25694,0],[76.01831,13.25728,0],[76.01791,13.25775,0],[76.01786,13.2578,0],[76.0174,13.25825,0],[76.01724,13.25838,0],[76.01698,13.25858,0],[76.01672,13.2591,0],[76.01666,13.25926,0],[76.01653,13.25959,0],[76.01624,13.26007,0],[76.01578,13.26018,0],[76.01518,13.25999,0],[76.01484,13.25988,0],[76.01417,13.25974,0],[76.01339,13.25958,0],[76.01149,13.25928,0],[76.00946,13.25905,0],[76.00791,13.25898,0],[76.00597,13.25894,0],[76.0053,13.25887,0],[76.00343,13.25867,0],[76.00211,13.25857,0],[76,13.25841,0],[76,13.25841,0],[75.99945,13.25856,0],[75.99908,13.25865,0],[75.99863,13.25868,0],[75.99784,13.25872,0],[75.9955,13.25865,0],[75.99431,13.2585,0],[75.99301,13.25804,0],[75.99191,13.25752,0],[75.99137,13.25738,0],[75.9911,13.25752,0],[75.9911,13.25752,0],[75.99097,13.25777,0],[75.9908,13.25819,0],[75.9908,13.25819,0],[75.9908,13.25819,0],[75.99061,13.2584,0],[75.99022,13.25837,0],[75.98976,13.25826,0],[75.98944,13.25831,0],[75.98944,13.25831,0],[75.98919,13.25859,0],[75.98909,13.25902,0],[75.98914,13.25942,0],[75.98932,13.25983,0],[75.98951,13.26027,0],[75.98961,13.26056,0],[75.98961,13.26056,0],[75.98956,13.26138,0],[75.98955,13.26138,0],[75.98946,13.26164,0],[75.98946,13.26164,0],[75.989,13.26193,0],[75.98852,13.26193,0],[75.98822,13.26183,0],[75.98783,13.26174,0],[75.9874,13.26163,0],[75.98712,13.26156,0],[75.987,13.26153,0],[75.98669,13.26163,0],[75.98651,13.26187,0],[75.98651,13.26187,0],[75.98651,13.26187,0],[75.98648,13.26228,0],[75.98648,13.26234,0],[75.98648,13.26254,0],[75.98647,13.26339,0],[75.98647,13.26339,0],[75.98626,13.26358,0],[75.98626,13.26358,0],[75.98603,13.2636,0],[75.98594,13.2636,0],[75.9855,13.2636,0],[75.98453,13.26358,0],[75.98314,13.26349,0],[75.98304,13.26348,0],[75.98265,13.26345,0],[75.98126,13.2632,0],[75.97975,13.26259,0],[75.97719,13.26164,0],[75.97548,13.26085,0],[75.97528,13.26076,0],[75.97365,13.2602,0],[75.97356,13.26016,0],[75.97328,13.26005,0],[75.9731,13.26008,0],[75.97293,13.2601,0],[75.97282,13.26014,0],[75.97256,13.26024,0],[75.97192,13.26046,0],[75.9716,13.26053,0],[75.9713,13.2606,0],[75.96987,13.2607,0],[75.96907,13.26076,0],[75.96865,13.26068,0],[75.96801,13.26044,0],[75.9674,13.26022,0],[75.9674,13.26022,0],[75.96655,13.2599,0],[75.96637,13.25981,0],[75.96603,13.25964,0],[75.96569,13.25956,0],[75.96539,13.25961,0],[75.96538,13.25961,0],[75.96492,13.25973,0],[75.96452,13.25988,0],[75.96413,13.26002,0],[75.9636,13.2601,0],[75.96298,13.2602,0],[75.96142,13.26035,0],[75.96103,13.26039,0],[75.95802,13.26031,0],[75.95663,13.26013,0],[75.95569,13.26,0],[75.95485,13.25976,0],[75.95352,13.25937,0],[75.95022,13.25871,0],[75.94894,13.25845,0],[75.94669,13.25818,0],[75.94363,13.25793,0],[75.94216,13.25776,0],[75.94173,13.25771,0],[75.94164,13.25769,0],[75.94076,13.25751,0],[75.94041,13.25735,0],[75.94027,13.25729,0],[75.93908,13.25634,0],[75.93859,13.25605,0],[75.9378,13.25557,0],[75.93731,13.25537,0],[75.93691,13.25523,0],[75.93652,13.25523,0],[75.93627,13.25528,0],[75.93583,13.25537,0],[75.93553,13.25549,0],[75.93548,13.25551,0],[75.9345,13.25574,0],[75.93357,13.25591,0],[75.93179,13.25602,0],[75.93136,13.25604,0],[75.92822,13.25617,0],[75.92548,13.25622,0],[75.92067,13.25635,0],[75.92054,13.25636,0],[75.92002,13.25642,0],[75.92002,13.25642,0],[75.91965,13.25669,0],[75.91939,13.2572,0],[75.91939,13.2572,0],[75.91863,13.25914,0],[75.91823,13.26017,0],[75.91823,13.26017,0],[75.91796,13.26078,0],[75.91751,13.26184,0],[75.91751,13.26184,0],[75.91723,13.26207,0],[75.91694,13.26205,0],[75.91694,13.26205,0],[75.91679,13.26199,0],[75.91663,13.26192,0],[75.91626,13.26179,0],[75.91581,13.26163,0],[75.91342,13.26061,0],[75.91276,13.26032,0],[75.91235,13.26022,0],[75.91226,13.2602,0],[75.91182,13.26024,0],[75.9111,13.26022,0],[75.91045,13.26011,0],[75.91025,13.26004,0],[75.91003,13.25996,0],[75.90984,13.25982,0],[75.90964,13.25967,0],[75.90914,13.25926,0],[75.90894,13.25909,0],[75.90858,13.25877,0],[75.90826,13.25856,0],[75.90803,13.25847,0],[75.90789,13.25841,0],[75.90756,13.25826,0],[75.90737,13.25818,0],[75.90712,13.25807,0],[75.90675,13.25797,0],[75.90645,13.25796,0],[75.90621,13.25795,0],[75.90586,13.25785,0],[75.90552,13.25766,0],[75.90552,13.25766,0],[75.90523,13.25739,0],[75.9048,13.25727,0],[75.90447,13.25769,0],[75.90401,13.25866,0],[75.9038,13.25911,0],[75.90306,13.2609,0],[75.90278,13.26158,0],[75.90227,13.2625,0],[75.90153,13.26383,0],[75.90075,13.26522,0],[75.90075,13.26522,0],[75.90075,13.26522,0],[75.90024,13.26533,0],[75.90024,13.26533,0],[75.89854,13.26528,0],[75.89836,13.26527,0],[75.89825,13.26525,0],[75.89824,13.26525,0],[75.89713,13.265,0],[75.89549,13.26467,0],[75.89454,13.26433,0],[75.8944,13.26429,0],[75.8926,13.26334,0],[75.89112,13.26247,0],[75.88998,13.2618,0],[75.88801,13.26071,0],[75.88767,13.26052,0],[75.88672,13.26,0],[75.88574,13.25978,0],[75.88455,13.25968,0],[75.88328,13.25964,0],[75.88249,13.25962,0],[75.88143,13.25969,0],[75.87948,13.25983,0],[75.87913,13.25979,0],[75.87864,13.25973,0],[75.87826,13.25955,0],[75.87817,13.25951,0],[75.87783,13.25932,0],[75.87771,13.2592,0],[75.87758,13.25907,0],[75.87758,13.25907,0],[75.87735,13.25875,0],[75.87721,13.2582,0],[75.87698,13.25693,0],[75.87688,13.2564,0],[75.87679,13.25536,0],[75.87672,13.25447,0],[75.8764,13.25242,0],[75.8763,13.25215,0],[75.8762,13.25188,0],[75.8762,13.25188,0],[75.87604,13.25172,0],[75.87593,13.25162,0],[75.87557,13.25142,0],[75.87527,13.25125,0],[75.87458,13.25074,0],[75.87412,13.2499,0],[75.87398,13.24908,0],[75.87365,13.24825,0],[75.87337,13.24773,0],[75.87337,13.24773,0],[75.87337,13.24773,0],[75.87287,13.24706,0],[75.87278,13.24697,0],[75.87223,13.2464,0],[75.87152,13.24576,0],[75.87082,13.24507,0],[75.87017,13.24448,0],[75.86928,13.24381,0],[75.86803,13.24301,0],[75.86759,13.24267,0],[75.86686,13.24209,0],[75.86624,13.24162,0],[75.86618,13.24158,0],[75.8661,13.2415,0],[75.86562,13.24106,0],[75.86469,13.24038,0],[75.86449,13.24021,0],[75.86412,13.23989,0],[75.8636,13.23948,0],[75.8636,13.23948,0],[75.86302,13.23908,0],[75.86302,13.23908,0],[75.86273,13.23886,0],[75.86273,13.23886,0],[75.86228,13.2389,0],[75.86219,13.23918,0],[75.86224,13.23953,0],[75.86224,13.23953,0],[75.8624,13.23982,0],[75.86294,13.24029,0],[75.86344,13.24061,0],[75.86384,13.24075,0],[75.86397,13.24106,0],[75.86397,13.24106,0],[75.86378,13.24131,0],[75.86339,13.24133,0],[75.86324,13.24132,0],[75.86278,13.2413,0],[75.86271,13.24131,0],[75.86243,13.24134,0],[75.86222,13.24148,0],[75.86208,13.24156,0],[75.86175,13.24187,0],[75.86162,13.242,0],[75.86153,13.24207,0],[75.86121,13.2423,0],[75.86101,13.24253,0],[75.86088,13.24282,0],[75.86086,13.24287,0],[75.86081,13.24302,0],[75.86071,13.24339,0],[75.86057,13.2442,0],[75.86052,13.24493,0],[75.86049,13.24602,0],[75.86051,13.24687,0],[75.86051,13.24687,0],[75.86059,13.24796,0],[75.8607,13.24894,0],[75.86071,13.24901,0],[75.86081,13.25003,0],[75.86081,13.25003,0],[75.86122,13.25084,0],[75.86126,13.25212,0],[75.86126,13.25212,0],[75.86116,13.25233,0],[75.86108,13.25248,0],[75.86108,13.25248,0],[75.86071,13.25271,0],[75.86071,13.25271,0],[75.86006,13.25284,0],[75.86006,13.25284,0],[75.85964,13.25282,0],[75.85923,13.25272,0],[75.85894,13.25259,0],[75.85852,13.25247,0],[75.85826,13.25252,0],[75.85819,13.25253,0],[75.85788,13.25272,0],[75.85774,13.25282,0],[75.85767,13.25287,0],[75.85748,13.25301,0],[75.85716,13.25325,0],[75.85682,13.2536,0],[75.8567,13.25372,0],[75.85665,13.25377,0],[75.85647,13.25395,0],[75.85647,13.25395,0],[75.85644,13.25426,0],[75.85666,13.25451,0],[75.85666,13.25451,0],[75.85684,13.25455,0],[75.85696,13.25457,0],[75.85739,13.25461,0],[75.85797,13.25471,0],[75.8585,13.25482,0],[75.85872,13.25494,0],[75.85881,13.25499,0],[75.85901,13.25525,0],[75.85914,13.25542,0],[75.85916,13.2556,0],[75.85921,13.25593,0],[75.85912,13.25667,0],[75.85911,13.25671,0],[75.85906,13.25703,0],[75.85874,13.25747,0],[75.85874,13.25747,0],[75.85874,13.25747,0],[75.85815,13.2577,0],[75.85771,13.25768,0],[75.85717,13.25757,0],[75.85703,13.25755,0],[75.85696,13.25755,0],[75.85657,13.25755,0],[75.85657,13.25755,0],[75.85627,13.2578,0],[75.85588,13.25804,0],[75.85588,13.25804,0],[75.85554,13.2581,0],[75.85539,13.2581,0],[75.85519,13.2581,0],[75.855,13.25806,0],[75.85483,13.25802,0],[75.85419,13.25787,0],[75.85366,13.25768,0],[75.85325,13.25751,0],[75.85311,13.25743,0],[75.85294,13.25734,0],[75.85285,13.25722,0],[75.85285,13.25722,0],[75.85275,13.25709,0],[75.85275,13.25709,0],[75.85268,13.25693,0],[75.85262,13.25679,0],[75.85246,13.25647,0],[75.85226,13.25642,0],[75.8522,13.2564,0],[75.8521,13.25638,0],[75.8517,13.2563,0],[75.851,13.25619,0],[75.851,13.25619,0],[75.85034,13.25617,0],[75.85016,13.25613,0],[75.84993,13.25608,0],[75.84964,13.256,0],[75.84943,13.25595,0],[75.84919,13.25585,0],[75.84884,13.25572,0],[75.84772,13.25506,0],[75.84702,13.25484,0],[75.84702,13.25483,0],[75.84631,13.25461,0],[75.84487,13.25408,0],[75.84442,13.25381,0],[75.84417,13.25355,0],[75.84417,13.25355,0],[75.84408,13.25331,0],[75.84406,13.25327,0],[75.84404,13.25322,0],[75.84393,13.25283,0],[75.84392,13.25265,0],[75.84391,13.25251,0],[75.84392,13.25235,0],[75.84393,13.25217,0],[75.84393,13.25217,0],[75.84397,13.25178,0],[75.84391,13.25141,0],[75.84391,13.25141,0],[75.84391,13.25141,0],[75.84355,13.25125,0],[75.84289,13.25117,0],[75.84142,13.25116,0],[75.84017,13.25117,0],[75.83897,13.25119,0],[75.83869,13.25118,0],[75.83791,13.25117,0],[75.83734,13.25124,0],[75.83734,13.25124,0],[75.8371,13.25145,0],[75.83708,13.25186,0],[75.83708,13.25186,0],[75.8371,13.25213,0],[75.83711,13.25233,0],[75.83712,13.25266,0],[75.83712,13.25287,0],[75.83712,13.25301,0],[75.83696,13.25326,0],[75.83646,13.25331,0],[75.83594,13.25326,0],[75.83467,13.25305,0],[75.83453,13.25305,0],[75.83332,13.25307,0],[75.83167,13.25289,0],[75.83104,13.25283,0],[75.83025,13.25283,0],[75.82953,13.25282,0],[75.82803,13.25267,0],[75.82655,13.25283,0],[75.82583,13.25305,0],[75.82539,13.25326,0],[75.82496,13.25348,0],[75.82463,13.25376,0],[75.82463,13.25376,0],[75.82451,13.25395,0],[75.82434,13.25421,0],[75.82415,13.25447,0],[75.82403,13.25463,0],[75.82403,13.25463,0],[75.82371,13.25502,0],[75.82364,13.25507,0],[75.8234,13.25525,0],[75.82303,13.25538,0],[75.82253,13.25555,0],[75.82247,13.25556,0],[75.82192,13.25572,0],[75.82094,13.25631,0],[75.82053,13.25668,0],[75.82013,13.25734,0],[75.82012,13.25735,0],[75.81966,13.25798,0],[75.81934,13.25817,0],[75.81882,13.25822,0],[75.81859,13.2582,0],[75.8182,13.25816,0],[75.81785,13.25813,0],[75.81774,13.25812,0],[75.81739,13.25785,0],[75.81738,13.25783,0],[75.81718,13.25752,0],[75.8168,13.25731,0],[75.8165,13.25719,0],[75.81586,13.25705,0],[75.8157,13.25703,0],[75.81529,13.25698,0],[75.81486,13.25688,0],[75.81476,13.25685,0],[75.81456,13.25679,0],[75.81415,13.25658,0],[75.81377,13.25628,0],[75.81325,13.25586,0],[75.813,13.25565,0],[75.81269,13.25541,0],[75.81209,13.25494,0],[75.81166,13.25468,0],[75.81108,13.25431,0],[75.81084,13.25415,0],[75.81028,13.25362,0],[75.81028,13.25362,0],[75.81024,13.25326,0],[75.81017,13.25273,0],[75.81015,13.25217,0],[75.81013,13.25158,0],[75.81013,13.25158,0],[75.81012,13.25151,0],[75.81003,13.25058,0],[75.80983,13.25002,0],[75.80983,13.24963,0],[75.80983,13.24934,0],[75.80983,13.24919,0],[75.80974,13.2488,0],[75.80974,13.2488,0],[75.80957,13.24832,0],[75.80956,13.24829,0],[75.80931,13.24748,0],[75.80931,13.24748,0],[75.80911,13.24702,0],[75.80901,13.24679,0],[75.80894,13.24667,0],[75.80876,13.24636,0],[75.80875,13.24629,0],[75.80872,13.24603,0],[75.80872,13.24603,0],[75.80874,13.24574,0],[75.80876,13.24568,0],[75.80883,13.24547,0],[75.80892,13.24538,0],[75.80909,13.24518,0],[75.80941,13.24487,0],[75.80993,13.24445,0],[75.81002,13.24432,0],[75.81014,13.24416,0],[75.8103,13.24364,0],[75.81039,13.24323,0],[75.81051,13.2427,0],[75.8106,13.24179,0],[75.81062,13.24165,0],[75.81065,13.24145,0],[75.81065,13.24145,0],[75.81079,13.24116,0],[75.81079,13.24116,0],[75.81086,13.24087,0],[75.81088,13.2406,0],[75.81089,13.24018,0],[75.81089,13.2399,0],[75.81089,13.2399,0],[75.8109,13.23869,0],[75.81091,13.23856,0],[75.81099,13.23784,0],[75.81109,13.23693,0],[75.81127,13.23605,0],[75.81153,13.23492,0],[75.81166,13.2344,0],[75.81188,13.23325,0],[75.81211,13.23262,0],[75.8122,13.23252,0],[75.81234,13.23234,0],[75.81245,13.23221,0],[75.8126,13.23205,0],[75.81286,13.23166,0],[75.81292,13.23158,0],[75.81297,13.2315,0],[75.81315,13.23124,0],[75.81315,13.23124,0],[75.81321,13.2311,0],[75.81322,13.2311,0],[75.81338,13.23077,0],[75.81348,13.23024,0],[75.81349,13.23019,0],[75.81349,13.22981,0],[75.81349,13.22981,0],[75.81336,13.22949,0],[75.81336,13.22949,0],[75.81336,13.22949,0],[75.81311,13.22939,0],[75.81311,13.22939,0],[75.81267,13.22945,0],[75.81255,13.22948,0],[75.81217,13.22956,0],[75.81191,13.22958,0],[75.81176,13.22958,0],[75.81176,13.22958,0],[75.81136,13.22952,0],[75.81136,13.22952,0],[75.81136,13.22952,0],[75.81114,13.22916,0],[75.81113,13.22907,0],[75.81108,13.22851,0],[75.81108,13.22851,0],[75.81104,13.22763,0],[75.811,13.22684,0],[75.811,13.22684,0],[75.81096,13.22596,0],[75.81091,13.22499,0],[75.81092,13.22376,0],[75.81092,13.22336,0],[75.81092,13.22289,0],[75.81088,13.22233,0],[75.8109,13.2219,0],[75.81091,13.22153,0],[75.81095,13.22137,0],[75.81103,13.22097,0],[75.81112,13.2204,0],[75.81114,13.22026,0],[75.8112,13.21981,0],[75.81121,13.21963,0],[75.81121,13.21963,0],[75.81116,13.21929,0],[75.81115,13.21921,0],[75.81112,13.21913,0],[75.81101,13.21889,0],[75.81101,13.21889,0],[75.81069,13.21847,0],[75.81003,13.21793,0],[75.80972,13.21767,0],[75.80946,13.21746,0],[75.80896,13.21697,0],[75.80828,13.2162,0],[75.808,13.21587,0],[75.80761,13.21539,0],[75.80744,13.21522,0],[75.80729,13.21507,0],[75.80706,13.21489,0],[75.80676,13.21478,0],[75.8064,13.21467,0],[75.80617,13.21467,0],[75.80601,13.21467,0],[75.80554,13.21475,0],[75.80514,13.21482,0],[75.80463,13.21493,0],[75.80443,13.21498,0],[75.80375,13.21504,0],[75.80306,13.21506,0],[75.80279,13.21506,0],[75.8019,13.21506,0],[75.80096,13.2151,0],[75.80079,13.21511,0],[75.80015,13.21515,0],[75.79998,13.2151,0],[75.79988,13.21506,0],[75.79965,13.21493,0],[75.79953,13.21486,0],[75.79919,13.21453,0],[75.79905,13.21437,0],[75.79874,13.21406,0],[75.79836,13.21368,0],[75.79833,13.21365,0],[75.79816,13.21356,0],[75.79803,13.21349,0],[75.79753,13.2134,0],[75.79732,13.21338,0],[75.79661,13.21331,0],[75.79561,13.21322,0],[75.79477,13.21311,0],[75.79446,13.21307,0],[75.79404,13.21304,0],[75.7935,13.213,0],[75.79313,13.213,0],[75.79293,13.213,0],[75.79206,13.21302,0],[75.79198,13.21303,0],[75.79153,13.21309,0],[75.79119,13.21317,0],[75.791,13.21321,0],[75.79083,13.21324,0],[75.79083,13.21324,0],[75.79048,13.21317,0],[75.79032,13.21309,0],[75.7901,13.21297,0],[75.78944,13.21253,0],[75.78923,13.21239,0],[75.78851,13.21188,0],[75.78787,13.2115,0],[75.78765,13.21144,0],[75.78744,13.21139,0],[75.7869,13.21132,0],[75.78684,13.21132,0],[75.78679,13.21131,0],[75.78627,13.21127,0],[75.78588,13.21118,0],[75.78559,13.21111,0],[75.785,13.21089,0],[75.78431,13.21055,0],[75.78345,13.21015,0],[75.78263,13.20979,0],[75.78227,13.20964,0],[75.78185,13.20944,0],[75.78161,13.20932,0],[75.78088,13.20901,0],[75.78072,13.20896,0],[75.78054,13.2089,0],[75.78014,13.20886,0],[75.77978,13.20912,0],[75.77974,13.20921,0],[75.77953,13.20968,0],[75.77909,13.21068,0],[75.77852,13.2118,0],[75.77851,13.21181,0],[75.77806,13.2126,0],[75.7775,13.21366,0],[75.77708,13.21426,0],[75.77677,13.21458,0],[75.77651,13.21475,0],[75.77615,13.21482,0],[75.77611,13.21481,0],[75.77576,13.21473,0],[75.77539,13.21467,0],[75.77539,13.21467,0],[75.77539,13.21467,0],[75.77526,13.21444,0],[75.77527,13.2143,0],[75.7753,13.21406,0],[75.77537,13.21352,0],[75.77547,13.21319,0],[75.77549,13.21285,0],[75.77546,13.21277,0],[75.7754,13.2126,0],[75.77503,13.21229,0],[75.77444,13.21198,0],[75.77418,13.21185,0],[75.77399,13.21175,0],[75.77337,13.21164,0],[75.77317,13.21166,0],[75.77303,13.21168,0],[75.77261,13.21188,0],[75.77246,13.21197,0],[75.77202,13.21221,0],[75.77164,13.21236,0],[75.77154,13.21237,0],[75.77107,13.2124,0],[75.7708,13.21237,0],[75.77061,13.21236,0],[75.77032,13.21222,0],[75.76977,13.21193,0],[75.76911,13.21157,0],[75.76838,13.21125,0],[75.7682,13.21118,0],[75.76799,13.2111,0],[75.76755,13.21088,0],[75.7671,13.21087,0],[75.7671,13.21087,0],[75.7671,13.21087,0],[75.76671,13.21114,0],[75.76671,13.21114,0],[75.76651,13.21136,0],[75.76644,13.21145,0],[75.76609,13.21187,0],[75.76581,13.2122,0],[75.76554,13.21239,0],[75.76542,13.21249,0],[75.7653,13.21256,0],[75.76503,13.21273,0],[75.76448,13.21282,0],[75.76368,13.213,0],[75.76352,13.21309,0],[75.76338,13.21317,0],[75.7633,13.21327,0],[75.76315,13.21344,0],[75.76295,13.21384,0],[75.76285,13.21424,0],[75.76283,13.21476,0],[75.76283,13.21476,0],[75.76285,13.21518,0],[75.76285,13.21525,0],[75.7627,13.2156,0],[75.7621,13.21585,0],[75.7621,13.21585,0],[75.76116,13.21594,0],[75.76012,13.21613,0],[75.75995,13.21613,0],[75.7595,13.21615,0],[75.75914,13.21615,0],[75.75886,13.21603,0],[75.75886,13.21603,0],[75.75885,13.21601,0],[75.75885,13.21601,0],[75.75861,13.21574,0],[75.7583,13.21512,0],[75.7582,13.21489,0],[75.75796,13.21435,0],[75.7577,13.21404,0],[75.7577,13.21404,0],[75.75758,13.21394,0],[75.75743,13.21382,0],[75.75679,13.21361,0],[75.75623,13.21347,0],[75.75597,13.21341,0],[75.75549,13.21318,0],[75.75513,13.21291,0],[75.75512,13.2129,0],[75.75421,13.21187,0],[75.7535,13.21082,0],[75.75307,13.21005,0],[75.75293,13.20979,0],[75.75239,13.20887,0],[75.75239,13.20887,0],[75.75231,13.2087,0],[75.75198,13.20798,0],[75.75198,13.20798,0],[75.75192,13.2075,0],[75.75186,13.20691,0],[75.75186,13.20691,0],[75.75186,13.20691,0],[75.75186,13.20638,0],[75.75186,13.20606,0],[75.75181,13.20586,0],[75.75177,13.20571,0],[75.75177,13.20571,0],[75.75163,13.20539,0],[75.75162,13.20538,0],[75.75141,13.20517,0],[75.75111,13.20503,0],[75.75072,13.20503,0],[75.75036,13.20505,0],[75.75008,13.20503,0],[75.75008,13.20503,0],[75.74937,13.20457,0],[75.74904,13.20487,0],[75.74902,13.20489,0],[75.74866,13.20539,0],[75.74837,13.20581,0],[75.74837,13.20581,0],[75.74837,13.20581,0],[75.74792,13.20598,0],[75.74792,13.20598,0],[75.74742,13.20594,0],[75.74719,13.20585,0],[75.74708,13.2058,0],[75.74662,13.20572,0],[75.74642,13.20569,0],[75.74622,13.20566,0],[75.74574,13.20572,0],[75.74562,13.20575,0],[75.74532,13.20582,0],[75.74509,13.20592,0],[75.7448,13.20605,0],[75.74452,13.20613,0],[75.7442,13.20615,0],[75.74395,13.20615,0],[75.74393,13.20615,0],[75.74385,13.20614,0],[75.74367,13.2061,0],[75.74343,13.20582,0],[75.74275,13.20468,0],[75.74134,13.20261,0],[75.74063,13.20145,0],[75.73985,13.20037,0],[75.73905,13.19908,0],[75.73831,13.19761,0],[75.73789,13.19681,0],[75.73745,13.19592,0],[75.73737,13.19575,0],[75.73737,13.19575,0],[75.7373,13.19559,0],[75.73676,13.19448,0],[75.7365,13.19388,0],[75.7364,13.19363,0],[75.73607,13.19288,0],[75.73607,13.19288,0],[75.73583,13.19186,0],[75.73544,13.1905,0],[75.73544,13.1905,0],[75.73508,13.18915,0],[75.73487,13.18847,0],[75.73456,13.18747,0],[75.73396,13.1861,0],[75.73369,13.18549,0],[75.73364,13.18537,0],[75.7332,13.18465,0],[75.7332,13.18465,0],[75.73239,13.18378,0],[75.73221,13.18367,0],[75.73191,13.18349,0],[75.73156,13.18339,0],[75.73127,13.18331,0],[75.73073,13.18308,0],[75.73063,13.18303,0],[75.7303,13.18275,0],[75.73008,13.18239,0],[75.72998,13.18184,0],[75.73,13.18143,0],[75.73,13.18136,0],[75.73011,13.18102,0],[75.73024,13.18057,0],[75.73047,13.18001,0],[75.73047,13.17944,0],[75.73042,13.1792,0],[75.73039,13.17906,0],[75.73039,13.17906,0],[75.73028,13.17866,0],[75.73021,13.1784,0],[75.73014,13.17743,0],[75.73007,13.17662,0],[75.73013,13.17555,0],[75.73019,13.175,0],[75.73039,13.17426,0],[75.73041,13.17418,0],[75.73082,13.17314,0],[75.73113,13.17215,0],[75.73129,13.17164,0],[75.73137,13.17109,0],[75.73138,13.1709,0],[75.73138,13.1709,0],[75.7314,13.17064,0],[75.73138,13.17007,0],[75.73104,13.16854,0],[75.73087,13.16716,0],[75.73084,13.16691,0],[75.73082,13.16679,0],[75.73074,13.16622,0],[75.73076,13.16528,0],[75.73078,13.16504,0],[75.7308,13.16475,0],[75.73092,13.16435,0],[75.73099,13.16415,0],[75.73116,13.1637,0],[75.73125,13.16346,0],[75.73135,13.16323,0],[75.73155,13.1628,0],[75.73171,13.16251,0],[75.73208,13.16187,0],[75.73275,13.16093,0],[75.73275,13.16093,0],[75.73343,13.16003,0],[75.73385,13.15968,0],[75.73469,13.15929,0],[75.73488,13.1592,0],[75.73501,13.15913,0],[75.73514,13.159,0],[75.7353,13.15884,0],[75.73546,13.15847,0],[75.73553,13.15711,0],[75.7354,13.15522,0],[75.73542,13.15438,0],[75.73552,13.15397,0],[75.73568,13.15372,0],[75.73618,13.15323,0],[75.73636,13.15301,0],[75.73734,13.15183,0],[75.73786,13.15135,0],[75.73852,13.15074,0],[75.73951,13.14988,0],[75.74031,13.14915,0],[75.74031,13.14915,0],[75.74055,13.14896,0],[75.74099,13.14859,0],[75.74099,13.14859,0],[75.74132,13.14841,0],[75.74141,13.14835,0],[75.74173,13.14832,0],[75.74187,13.14833,0],[75.742,13.14835,0],[75.74236,13.14843,0],[75.74294,13.14864,0],[75.74355,13.14886,0],[75.74355,13.14886,0],[75.74382,13.14896,0],[75.74425,13.14907,0],[75.74458,13.14916,0],[75.74477,13.14918,0],[75.74526,13.14924,0],[75.7456,13.14921,0],[75.7458,13.1492,0],[75.7463,13.14908,0],[75.7469,13.1485,0],[75.74759,13.14785,0],[75.74833,13.14715,0],[75.74878,13.14663,0],[75.74893,13.14647,0],[75.75,13.14576,0],[75.75,13.14576,0],[75.75,13.14576,0],[75.75065,13.14546,0],[75.75107,13.1453,0],[75.75147,13.14516,0],[75.75189,13.14497,0],[75.75225,13.14478,0],[75.75271,13.14445,0],[75.75269,13.14399,0],[75.75269,13.14399,0],[75.75247,13.14368,0],[75.75215,13.1432,0],[75.75162,13.14246,0],[75.75149,13.14201,0],[75.75149,13.14201,0],[75.75159,13.14161,0],[75.75159,13.14161,0],[75.75173,13.14138,0],[75.75204,13.14093,0],[75.75269,13.14025,0],[75.75287,13.14006,0],[75.75287,13.14006,0],[75.75331,13.13939,0],[75.75336,13.13929,0],[75.75352,13.13892,0],[75.75372,13.13822,0],[75.75376,13.13811,0],[75.754,13.13738,0],[75.75422,13.13672,0],[75.75424,13.13667,0],[75.75428,13.13624,0],[75.7543,13.136,0],[75.75441,13.13558,0],[75.75441,13.13558,0],[75.75457,13.13518,0],[75.75453,13.13476,0],[75.75453,13.13476,0],[75.75453,13.13476,0],[75.75407,13.13418,0],[75.75346,13.13349,0],[75.7528,13.13274,0],[75.75232,13.13214,0],[75.75221,13.13201,0],[75.75191,13.13155,0],[75.7517,13.1312,0],[75.75141,13.13097,0],[75.75141,13.13097,0],[75.75092,13.13071,0],[75.75091,13.13071,0],[75.7501,13.13038,0],[75.74905,13.12831,0],[75.74809,13.12758,0],[75.74742,13.12715,0],[75.74676,13.12676,0],[75.74593,13.12638,0],[75.74489,13.12595,0],[75.7442,13.12569,0],[75.74381,13.12554,0],[75.74302,13.1253,0],[75.74275,13.12522,0],[75.74264,13.12517,0],[75.74188,13.12484,0],[75.74127,13.12459,0],[75.74112,13.12453,0],[75.74004,13.1241,0],[75.73898,13.12355,0],[75.73855,13.12337,0],[75.73811,13.12318,0],[75.73716,13.12266,0],[75.73695,13.12252,0],[75.7367,13.12236,0],[75.73659,13.12226,0],[75.73649,13.12217,0],[75.73648,13.12216,0],[75.73644,13.12203,0],[75.73638,13.12183,0],[75.73647,13.12104,0],[75.73647,13.12104,0],[75.73672,13.11985,0],[75.73708,13.11823,0],[75.73729,13.11679,0],[75.73734,13.11638,0],[75.73747,13.1154,0],[75.73747,13.1154,0],[75.7375,13.11515,0],[75.73752,13.11483,0],[75.73757,13.11473,0],[75.73763,13.11458,0],[75.73763,13.11458,0],[75.73781,13.11432,0],[75.73785,13.11427,0],[75.73824,13.11388,0],[75.73824,13.11388,0],[75.7387,13.11356,0],[75.73876,13.11352,0],[75.7391,13.11332,0],[75.73956,13.1131,0],[75.73964,13.11304,0],[75.73981,13.1129,0],[75.73981,13.1129,0],[75.73996,13.11259,0],[75.73992,13.11219,0],[75.73992,13.11219,0],[75.73985,13.11199,0],[75.7398,13.11184,0],[75.73974,13.11158,0],[75.73969,13.11141,0],[75.73964,13.11106,0],[75.73961,13.11088,0],[75.73964,13.11011,0],[75.73964,13.11011,0],[75.73954,13.10972,0],[75.73949,13.10952,0],[75.73943,13.1094,0],[75.73936,13.10924,0],[75.73902,13.10904,0],[75.73868,13.10897,0],[75.73866,13.10897,0],[75.73823,13.10895,0],[75.73743,13.10895,0],[75.73733,13.10896,0],[75.73663,13.10901,0],[75.73627,13.10896,0],[75.73614,13.10895,0],[75.73601,13.10889,0],[75.73586,13.10882,0],[75.73552,13.10858,0],[75.73521,13.1083,0],[75.73516,13.10825,0],[75.73493,13.10798,0],[75.73461,13.10761,0],[75.7346,13.1076,0],[75.73383,13.10684,0],[75.73302,13.10607,0],[75.7324,13.10555,0],[75.73202,13.10535,0],[75.73144,13.10509,0],[75.7309,13.10489,0],[75.73071,13.10484,0],[75.73037,13.10476,0],[75.72994,13.10472,0],[75.7295,13.1045,0],[75.72925,13.10422,0],[75.72924,13.10421,0],[75.72924,13.1042,0],[75.72906,13.10377,0],[75.72885,13.10274,0],[75.72855,13.10123,0],[75.72852,13.10109,0],[75.72852,13.10109,0],[75.72828,13.09963,0],[75.72828,13.09963,0],[75.72806,13.09844,0],[75.72801,13.09765,0],[75.72801,13.09765,0],[75.72799,13.09662,0],[75.72799,13.09659,0],[75.7281,13.09564,0],[75.72825,13.09502,0],[75.7286,13.09428,0],[75.72895,13.09381,0],[75.72973,13.09306,0],[75.73013,13.09266,0],[75.73054,13.09225,0],[75.73138,13.09146,0],[75.73164,13.09127,0],[75.73225,13.0908,0],[75.7327,13.09058,0],[75.73306,13.09041,0],[75.7336,13.09029,0],[75.73378,13.09027,0],[75.73411,13.09023,0],[75.73446,13.09015,0],[75.73449,13.09015,0],[75.73473,13.08998,0],[75.73492,13.0897,0],[75.73509,13.08945,0],[75.73536,13.08884,0],[75.73545,13.08863,0],[75.73589,13.08747,0],[75.73602,13.08712,0],[75.73656,13.08582,0],[75.73656,13.08582,0],[75.73702,13.08437,0],[75.73765,13.08259,0],[75.73799,13.08174,0],[75.73847,13.08066,0],[75.73883,13.07982,0],[75.73907,13.07924,0],[75.73949,13.07817,0],[75.73956,13.07798,0],[75.73956,13.07798,0],[75.73964,13.07775,0],[75.73987,13.07705,0],[75.74025,13.07588,0],[75.74031,13.07574,0],[75.74089,13.07438,0],[75.74127,13.07342,0],[75.74142,13.0729,0],[75.7415,13.07262,0],[75.74194,13.07177,0],[75.74237,13.07081,0],[75.74263,13.06984,0],[75.74264,13.06976,0],[75.74269,13.06906,0],[75.7429,13.06843,0],[75.74307,13.06809,0],[75.74312,13.06798,0],[75.74316,13.06708,0],[75.74314,13.06656,0],[75.74314,13.06656,0],[75.7431,13.06636,0],[75.74303,13.06596,0],[75.74281,13.06548,0],[75.74263,13.06516,0],[75.74262,13.06515,0],[75.74248,13.06491,0],[75.74239,13.06443,0],[75.74238,13.06401,0],[75.7424,13.06317,0],[75.7424,13.06316,0],[75.7424,13.06316,0],[75.74231,13.06256,0],[75.74196,13.06163,0],[75.74186,13.0614,0],[75.74184,13.06137,0],[75.74145,13.06049,0],[75.74131,13.06011,0],[75.74131,13.05985,0],[75.74156,13.05925,0],[75.74213,13.0579,0],[75.74218,13.05778,0],[75.74218,13.05778,0],[75.74264,13.05693,0],[75.74302,13.05641,0],[75.74316,13.0559,0],[75.74316,13.0559,0],[75.74316,13.05569,0],[75.74317,13.05552,0],[75.74302,13.0542,0],[75.74302,13.0542,0],[75.74293,13.05342,0],[75.74285,13.05273,0],[75.74275,13.05175,0],[75.74269,13.05138,0],[75.74261,13.05089,0],[75.74236,13.0501,0],[75.74236,13.0501,0],[75.74216,13.04962,0],[75.7419,13.04902,0],[75.74186,13.04885,0],[75.74163,13.04788,0],[75.74147,13.04738,0],[75.74136,13.04703,0],[75.74127,13.04669,0],[75.74127,13.04668,0],[75.7413,13.04625,0],[75.74146,13.0458,0],[75.7417,13.04526,0],[75.74173,13.04517,0],[75.74175,13.04512,0],[75.74196,13.0444,0],[75.74196,13.0444,0],[75.74203,13.04391,0],[75.74211,13.04332,0],[75.74233,13.04239,0],[75.74247,13.04182,0],[75.74256,13.04146,0],[75.74256,13.04094,0],[75.74256,13.04094,0],[75.74243,13.0406,0],[75.74243,13.0406,0],[75.74243,13.0406,0],[75.74203,13.04049,0],[75.74203,13.04049,0],[75.7418,13.04046,0],[75.74167,13.04045,0],[75.74123,13.04027,0],[75.74108,13.04003,0],[75.74104,13.0397,0],[75.74101,13.0394,0],[75.74097,13.03809,0],[75.74087,13.0371,0],[75.74086,13.03597,0],[75.74086,13.03597,0],[75.74084,13.03531,0],[75.74083,13.03485,0],[75.74085,13.03459,0],[75.74093,13.03352,0],[75.74093,13.03352,0],[75.74098,13.03272,0],[75.74098,13.03272,0],[75.74103,13.03144,0],[75.74104,13.03135,0],[75.74111,13.0302,0],[75.74109,13.02938,0],[75.74109,13.02938,0],[75.74095,13.02895,0],[75.74095,13.02895,0],[75.74095,13.02895,0],[75.74022,13.02849,0],[75.74022,13.02849,0],[75.7399,13.0284,0],[75.73933,13.02823,0],[75.73843,13.02793,0],[75.73782,13.0277,0],[75.73755,13.0276,0],[75.73664,13.02708,0],[75.73618,13.02682,0],[75.73578,13.0266,0],[75.73459,13.02604,0],[75.73373,13.02577,0],[75.73298,13.02542,0],[75.73261,13.0252,0],[75.73261,13.02519,0],[75.73231,13.02501,0],[75.73193,13.02469,0],[75.73157,13.02439,0],[75.73118,13.02408,0],[75.73078,13.02377,0],[75.73007,13.02321,0],[75.72998,13.02313,0],[75.72992,13.02309,0],[75.7294,13.02268,0],[75.72916,13.02246,0],[75.72868,13.02247,0],[75.72868,13.02247,0],[75.7288,13.02207,0],[75.72873,13.02162,0],[75.72856,13.0212,0],[75.72833,13.02092,0],[75.72786,13.02063,0],[75.72735,13.02022,0],[75.72694,13.01989,0],[75.72662,13.01953,0],[75.72642,13.01909,0],[75.72628,13.01837,0],[75.7263,13.01767,0],[75.7265,13.01737,0],[75.72703,13.01717,0],[75.72778,13.0171,0],[75.72852,13.01697,0],[75.72929,13.01694,0],[75.73002,13.01697,0],[75.73054,13.01706,0],[75.73096,13.01705,0],[75.73131,13.01693,0],[75.73187,13.01652,0],[75.73243,13.01582,0],[75.73314,13.01483,0],[75.73369,13.01385,0],[75.73406,13.01309,0],[75.73437,13.0125,0],[75.73467,13.01205,0],[75.7349,13.01176,0],[75.7352,13.01144,0],[75.73564,13.01106,0],[75.73634,13.01066,0],[75.73676,13.01042,0],[75.73713,13.0102,0],[75.73736,13.00995,0],[75.73754,13.00962,0],[75.73764,13.00913,0],[75.73761,13.00867,0],[75.73757,13.00822,0],[75.7374,13.00769,0],[75.73709,13.0068,0],[75.73665,13.00592,0],[75.73644,13.00521,0],[75.73634,13.00461,0],[75.73636,13.00417,0],[75.73637,13.00366,0],[75.73646,13.00335,0],[75.73669,13.00306,0],[75.73702,13.00273,0],[75.73734,13.00246,0],[75.73778,13.00221,0],[75.73873,13.00172,0],[75.73943,13.00148,0],[75.74016,13.00123,0],[75.74081,13.00096,0],[75.74151,13.00067,0],[75.74221,13.00035,0],[75.74335,13,0],[75.7435,12.99925,0],[75.74351,12.99899,0],[75.74351,12.99849,0],[75.74335,12.99796,0],[75.74293,12.99694,0],[75.74266,12.99599,0],[75.74255,12.99519,0],[75.74247,12.99382,0],[75.74267,12.9931,0],[75.7429,12.99246,0],[75.74314,12.99212,0],[75.74356,12.99193,0],[75.74399,12.99185,0],[75.74476,12.9922,0],[75.74693,12.99338,0],[75.74766,12.99368,0],[75.74813,12.9938,0],[75.74851,12.99363,0],[75.74871,12.99323,0],[75.74867,12.99251,0],[75.74844,12.99194,0],[75.74813,12.99137,0],[75.7479,12.99076,0],[75.74787,12.99012,0],[75.74796,12.98949,0],[75.74835,12.98896,0],[75.74886,12.98874,0],[75.74952,12.98847,0],[75.75,12.98835,0],[75.75051,12.98803,0],[75.75068,12.9878,0],[75.75113,12.98709,0],[75.75142,12.98675,0],[75.75164,12.98609,0],[75.75227,12.98504,0],[75.75241,12.98444,0],[75.75293,12.98358,0],[75.75323,12.98285,0],[75.75353,12.98205,0],[75.75386,12.98151,0],[75.75457,12.98093,0],[75.75494,12.98057,0],[75.75546,12.98024,0],[75.75601,12.97996,0],[75.75675,12.97956,0],[75.75727,12.97945,0],[75.75816,12.97916,0],[75.75905,12.97862,0],[75.75954,12.97815,0],[75.76045,12.97683,0],[75.76078,12.97625,0],[75.76149,12.97556,0],[75.76178,12.97527,0],[75.76225,12.975,0],[75.76278,12.97491,0],[75.76408,12.97535,0],[75.76441,12.97557,0],[75.76467,12.97564,0],[75.76511,12.97577,0],[75.76563,12.9757,0],[75.76652,12.97514,0],[75.76699,12.97465,0],[75.76714,12.97422,0],[75.76732,12.97305,0],[75.76725,12.97226,0],[75.76722,12.96997,0],[75.76721,12.9696,0],[75.76737,12.96928,0],[75.76759,12.96943,0],[75.76785,12.96961,0],[75.76863,12.97056,0],[75.76888,12.97074,0],[75.76907,12.97095,0],[75.76948,12.97114,0],[75.76999,12.97143,0],[75.77014,12.97165,0],[75.77033,12.97183,0],[75.77099,12.97212,0],[75.77109,12.97239,0],[75.77106,12.97274,0],[75.77083,12.97325,0],[75.77067,12.9737,0],[75.77066,12.97404,0],[75.77134,12.9746,0],[75.77177,12.97475,0],[75.77231,12.97516,0],[75.77223,12.97576,0],[75.77196,12.9763,0],[75.77182,12.97667,0],[75.77192,12.9773,0],[75.77231,12.97796,0],[75.77244,12.97846,0],[75.77246,12.97901,0],[75.77263,12.97924,0],[75.77287,12.97944,0],[75.77336,12.97964,0],[75.77379,12.98009,0],[75.77397,12.98042,0],[75.77411,12.98068,0],[75.77433,12.98131,0],[75.77454,12.98164,0],[75.77477,12.98202,0],[75.77482,12.98256,0],[75.77474,12.98317,0],[75.77465,12.98354,0],[75.77467,12.98416,0],[75.77481,12.98453,0],[75.77499,12.98482,0],[75.77533,12.98506,0],[75.77565,12.98524,0],[75.77604,12.98532,0],[75.77656,12.98536,0],[75.77723,12.98567,0],[75.77745,12.9858,0],[75.77763,12.98602,0],[75.77781,12.98625,0],[75.77825,12.9869,0],[75.77847,12.9872,0],[75.77889,12.9875,0],[75.77921,12.98763,0],[75.77957,12.98775,0],[75.78016,12.98815,0],[75.78038,12.98835,0],[75.78082,12.98917,0],[75.78155,12.99091,0],[75.78199,12.99176,0],[75.78257,12.99237,0],[75.78297,12.99277,0],[75.78315,12.99319,0],[75.78309,12.99378,0],[75.78297,12.99492,0],[75.78289,12.996,0],[75.78295,12.99636,0],[75.78351,12.99685,0],[75.78384,12.99694,0],[75.7849,12.99726,0],[75.78547,12.99746,0],[75.78589,12.99765,0],[75.78649,12.99811,0],[75.78681,12.99842,0],[75.78709,12.99929,0],[75.78721,13.00001,0],[75.78745,13.00027,0],[75.7878,13.00065,0],[75.78815,13.00081,0],[75.78854,13.00087,0],[75.78925,13.00101,0],[75.78996,13.00105,0],[75.79079,13.00117,0],[75.79155,13.00124,0],[75.79239,13.00127,0],[75.79325,13.00131,0],[75.79392,13.00153,0],[75.79478,13.00187,0],[75.79599,13.00235,0],[75.79673,13.00279,0],[75.79704,13.00313,0],[75.79723,13.00354,0],[75.79738,13.00427,0],[75.79747,13.00515,0],[75.79766,13.00581,0],[75.79801,13.00631,0],[75.79871,13.00713,0],[75.79925,13.00766,0],[75.79947,13.0081,0],[75.79954,13.00857,0],[75.79963,13.00929,0],[75.79979,13.00985,0],[75.79995,13.01048,0],[75.80007,13.01107,0],[75.79988,13.01161,0],[75.79938,13.01234,0],[75.79887,13.01296,0],[75.79772,13.0144,0],[75.79694,13.016,0],[75.7964,13.01722,0],[75.79585,13.0184,0],[75.79559,13.01922,0],[75.79551,13.02014,0],[75.79579,13.02192,0],[75.79604,13.0234,0],[75.79636,13.0249,0],[75.79674,13.02643,0],[75.79726,13.02827,0],[75.7978,13.02933,0],[75.79882,13.03106,0],[75.79952,13.03222,0],[75.80044,13.03325,0],[75.80159,13.03435,0],[75.80243,13.03549,0],[75.80294,13.0364,0],[75.80329,13.03775,0],[75.8038,13.03928,0],[75.80405,13.04004,0],[75.80443,13.04044,0],[75.80501,13.04057,0],[75.80648,13.0402,0],[75.80801,13.0398,0],[75.80936,13.03946,0],[75.80996,13.03921,0],[75.81022,13.03893,0],[75.81028,13.03858,0],[75.81029,13.03799,0],[75.81038,13.03739,0],[75.81072,13.03675,0],[75.81143,13.0361,0],[75.81223,13.03532,0],[75.8136,13.03435,0],[75.81466,13.03335,0],[75.81514,13.03298,0],[75.81575,13.0327,0],[75.81623,13.0326,0],[75.81687,13.03273,0],[75.81795,13.03317,0],[75.8188,13.03363,0],[75.82068,13.0346,0],[75.8218,13.03517,0],[75.82323,13.03596,0],[75.82419,13.03684,0],[75.82492,13.03762,0],[75.82553,13.03812,0],[75.82597,13.03831,0],[75.82668,13.03831,0],[75.82738,13.03822,0],[75.8281,13.03805,0],[75.82883,13.03786,0],[75.82954,13.03787,0],[75.83024,13.03765,0],[75.83085,13.03749,0],[75.83174,13.0375,0],[75.83318,13.03772,0],[75.83376,13.03775,0],[75.83404,13.03766,0],[75.83456,13.03735,0],[75.8362,13.03633,0],[75.83755,13.03562,0],[75.8387,13.0349,0],[75.83969,13.03453,0],[75.84017,13.03459,0],[75.84052,13.03494,0],[75.84071,13.03569,0],[75.84096,13.03628,0],[75.84135,13.03655,0],[75.84231,13.03632,0],[75.84291,13.03623,0],[75.84371,13.03595,0],[75.84403,13.0357,0],[75.84429,13.03507,0],[75.84479,13.03377,0],[75.84508,13.03318,0],[75.84553,13.03279,0],[75.8461,13.03256,0],[75.84697,13.03243,0],[75.84741,13.03237,0],[75.84762,13.03198,0],[75.84761,13.03121,0],[75.84748,13.03027,0],[75.84739,13.02865,0],[75.84733,13.02668,0],[75.84732,13.0255,0],[75.84735,13.02475,0],[75.84752,13.02275,0],[75.84768,13.021,0],[75.84785,13.01984,0],[75.8482,13.01827,0],[75.8487,13.01682,0],[75.8496,13.01485,0],[75.85031,13.01282,0],[75.85076,13.01194,0],[75.8514,13.011,0],[75.85172,13.01082,0],[75.85233,13.01076,0],[75.85277,13.01057,0],[75.85306,13.01035,0],[75.85332,13.01013,0],[75.85377,13.01001,0],[75.85418,13.00995,0],[75.85453,13.01007,0],[75.85484,13.01043,0],[75.85531,13.01156,0],[75.85601,13.01303,0],[75.85668,13.01416,0],[75.85728,13.01526,0],[75.85757,13.01595,0],[75.85766,13.01642,0],[75.85766,13.01695,0],[75.85769,13.01748,0],[75.85782,13.01811,0],[75.8583,13.01836,0],[75.85878,13.01836,0],[75.85985,13.01832,0],[75.861,13.0182,0],[75.86215,13.01804,0],[75.86308,13.01786,0],[75.86394,13.01767,0],[75.86474,13.0173,0],[75.86509,13.01705,0],[75.86528,13.01677,0],[75.86551,13.01617,0],[75.86586,13.0157,0],[75.86612,13.01555,0],[75.86647,13.01545,0],[75.86685,13.01539,0],[75.86767,13.01554,0],[75.86929,13.01588,0],[75.87083,13.01648,0],[75.87118,13.01651,0],[75.8715,13.01639,0],[75.87204,13.01561,0],[75.87278,13.01436,0],[75.8731,13.01373,0],[75.87339,13.0128,0],[75.87362,13.01173,0],[75.87385,13.01029,0],[75.87393,13.00931,0],[75.87412,13.00896,0],[75.87444,13.00881,0],[75.87505,13.00872,0],[75.87546,13.00865,0],[75.87652,13.00856,0],[75.87767,13.00853,0],[75.8784,13.00844,0],[75.87909,13.00814,0],[75.87918,13.00854,0],[75.87937,13.00885,0],[75.87993,13.00956,0],[75.88065,13.0104,0],[75.88134,13.0111,0],[75.88235,13.01199,0],[75.88283,13.01241,0],[75.88324,13.01269,0],[75.8837,13.01298,0],[75.88402,13.01308,0],[75.88436,13.01303,0],[75.88455,13.01285,0],[75.88514,13.01256,0],[75.88591,13.0122,0],[75.88669,13.01181,0],[75.88744,13.01147,0],[75.88786,13.01118,0],[75.88808,13.01087,0],[75.8884,13.01038,0],[75.88867,13.00998,0],[75.8888,13.00951,0],[75.88894,13.00889,0],[75.88887,13.00811,0],[75.88877,13.00775,0],[75.88869,13.0073,0],[75.88871,13.00702,0],[75.88888,13.00665,0],[75.88912,13.00636,0],[75.88965,13.00579,0],[75.89027,13.00503,0],[75.89083,13.00436,0],[75.89123,13.00386,0],[75.89151,13.00358,0],[75.89192,13.00342,0],[75.8914,12.99796,0],[75.89156,12.99547,0],[75.89194,12.99437,0],[75.89445,12.99183,0],[75.89452,12.99033,0],[75.8945,12.98954,0],[75.89935,12.98795,0],[75.90209,12.98808,0],[75.90259,12.9867,0],[75.90524,12.9864,0],[75.90787,12.9861,0],[75.90784,12.98989,0],[75.90946,12.98966,0],[75.90919,12.99116,0],[75.91094,12.99232,0],[75.91086,12.99322,0],[75.9118,12.99564,0],[75.90993,12.99958,0],[75.91129,13.00019,0],[75.91202,13.00087,0],[75.91126,13.00372,0],[75.91219,13.00333,0],[75.9134,13.0031,0],[75.91751,13.00512,0],[75.91784,13.00542,0],[75.9203,13.00768,0],[75.92113,13.00844,0],[75.92383,13.01627,0],[75.92416,13.01746,0],[75.92308,13.0194,0],[75.92873,13.01677,0],[75.93713,13.01243,0],[75.93994,13.01248,0],[75.94092,13.01267,0],[75.94363,13.01309,0],[75.95518,13.01473,0],[75.95527,13.01506,0],[75.95543,13.01559,0],[75.95543,13.01629,0],[75.95551,13.01686,0],[75.95568,13.01737,0],[75.95605,13.01801,0],[75.95643,13.01866,0],[75.95676,13.02006,0],[75.95709,13.02096,0],[75.9575,13.02243,0],[75.95756,13.02269,0],[75.95763,13.02308,0],[75.95412,13.02614,0],[75.95511,13.02855,0],[75.95414,13.03347,0],[75.95447,13.03676,0],[75.95463,13.03985,0],[75.95363,13.04494,0],[75.95383,13.04523,0],[75.95479,13.04615,0],[75.9558,13.04714,0],[75.95619,13.04768,0],[75.95642,13.04805,0],[75.95653,13.04851,0],[75.95667,13.04876,0],[75.9569,13.04898,0],[75.95742,13.04952,0],[75.95813,13.05015,0],[75.95883,13.05062,0],[75.95913,13.05089,0],[75.95924,13.05116,0],[75.95917,13.05154,0],[75.95912,13.05204,0],[75.95918,13.05233,0],[75.95941,13.05251,0],[75.96017,13.05285,0],[75.96046,13.05312,0],[75.96058,13.0535,0],[75.96078,13.0539,0],[75.96105,13.05413,0],[75.96142,13.05428,0],[75.96162,13.05446,0],[75.96183,13.05482,0],[75.96201,13.05523,0],[75.96249,13.05588,0],[75.96289,13.0562,0],[75.96333,13.05617,0],[75.96369,13.05591,0],[75.96463,13.05526,0],[75.9655,13.05459,0],[75.96658,13.05362,0],[75.96671,13.05386,0],[75.96736,13.05449,0],[75.96789,13.05532,0],[75.96789,13.05562,0],[75.96761,13.05613,0],[75.96712,13.05673,0],[75.96681,13.05724,0],[75.96629,13.05797,0],[75.96589,13.0586,0],[75.9657,13.0592,0],[75.96552,13.05992,0],[75.96545,13.06083,0],[75.96542,13.06155,0],[75.9656,13.0623,0],[75.96582,13.06285,0],[75.96623,13.06343,0],[75.96638,13.06364,0],[75.96675,13.06401,0],[75.96712,13.06428,0],[75.96758,13.06467,0],[75.96773,13.065,0],[75.96779,13.06543,0],[75.9677,13.06585,0],[75.96764,13.06636,0],[75.96776,13.06672,0],[75.9681,13.0672,0],[75.96825,13.0675,0],[75.96828,13.06785,0],[75.96814,13.0682,0],[75.96889,13.06865,0],[75.96957,13.06919,0],[75.96992,13.06945,0],[75.96975,13.06976,0],[75.96946,13.07025,0],[75.96918,13.07053,0],[75.96884,13.07038,0],[75.96841,13.07014,0],[75.96783,13.0702,0],[75.96749,13.07053,0],[75.96743,13.07113,0],[75.96724,13.0724,0],[75.96696,13.073,0],[75.96659,13.07348,0],[75.96628,13.07375,0],[75.96576,13.07396,0],[75.9653,13.07399,0],[75.96481,13.07411,0],[75.96459,13.07435,0],[75.96444,13.07468,0],[75.96425,13.07574,0],[75.96399,13.07653,0],[75.96362,13.07729,0],[75.96343,13.07783,0],[75.9634,13.0787,0],[75.96352,13.07954,0],[75.96367,13.08066,0],[75.96373,13.08174,0],[75.96382,13.08289,0],[75.96391,13.08349,0],[75.96417,13.0839,0],[75.96491,13.08417,0],[75.96623,13.08436,0],[75.96755,13.08445,0],[75.96881,13.08442,0],[75.9698,13.08445,0],[75.97014,13.08448,0],[75.97043,13.08444,0],[75.97063,13.08421,0],[75.97078,13.08391,0],[75.97103,13.0837,0],[75.97168,13.08358,0],[75.97212,13.08369,0],[75.97241,13.08413,0],[75.97257,13.0844,0],[75.97283,13.08447,0],[75.97306,13.08426,0],[75.97305,13.08387,0],[75.97302,13.08345,0],[75.97305,13.08312,0],[75.97317,13.08288,0],[75.97385,13.0824,0],[75.97434,13.08186,0],[75.97465,13.08122,0],[75.97474,13.08083,0],[75.97475,13.08014,0],[75.97469,13.07885,0],[75.97466,13.07728,0],[75.97463,13.07677,0],[75.97472,13.07646,0],[75.97503,13.07625,0],[75.97555,13.07617,0],[75.97595,13.07629,0],[75.97623,13.07656,0],[75.9767,13.07739,0],[75.97747,13.07856,0],[75.97818,13.07947,0],[75.9787,13.08019,0],[75.97919,13.08062,0],[75.97974,13.08074,0],[75.98046,13.08084,0],[75.98054,13.08134,0],[75.98069,13.08207,0],[75.98103,13.08219,0],[75.98134,13.08225,0],[75.98161,13.08276,0],[75.98177,13.08309,0],[75.98226,13.08315,0],[75.98298,13.08308,0],[75.98397,13.08305,0],[75.98483,13.08299,0],[75.98581,13.08281,0],[75.98686,13.08264,0],[75.98793,13.08276,0],[75.98953,13.08291,0],[75.99024,13.08306,0],[75.99087,13.08347,0],[75.99136,13.08407,0],[75.99164,13.08447,0],[75.99176,13.08495,0],[75.99161,13.08528,0],[75.99133,13.08555,0],[75.99102,13.08606,0],[75.99071,13.08648,0],[75.99016,13.08699,0],[75.98957,13.08763,0],[75.98843,13.08865,0],[75.98769,13.08928,0],[75.98677,13.09009,0],[75.9859,13.09081,0],[75.9853,13.09131,0],[75.98493,13.09155,0],[75.98444,13.09161,0],[75.98355,13.09161,0],[75.98275,13.09151,0],[75.98232,13.09157,0],[75.98226,13.09193,0],[75.98229,13.09257,0],[75.98219,13.0935,0],[75.98216,13.09401,0],[75.98207,13.09471,0],[75.98225,13.0954,0],[75.98259,13.09606,0],[75.98298,13.09657,0],[75.98372,13.09706,0],[75.98467,13.09754,0],[75.98573,13.09798,0],[75.98644,13.0984,0],[75.98721,13.09895,0],[75.98804,13.0994,0],[75.98893,13.0997,0],[75.98979,13.09989,0],[75.99062,13.09995,0],[75.99139,13.10016,0],[75.99185,13.10049,0],[75.99219,13.10095,0],[75.99306,13.10154,0],[75.99359,13.10196,0],[75.99374,13.10229,0],[75.99355,13.10304,0],[75.9933,13.10431,0],[75.99318,13.10524,0],[75.99321,13.10587,0],[75.99336,13.10608,0],[75.99364,13.10608,0],[75.99462,13.10609,0],[75.99635,13.10606,0],[75.99733,13.10606,0],[76,13.10638,0],[76.00111,13.10644,0],[76.00231,13.10652,0],[76.00329,13.10655,0],[76.00408,13.1066,0],[76.00515,13.10663,0],[76.00599,13.10671,0],[76.00676,13.10671,0],[76.00767,13.10676,0],[76.00817,13.10681,0],[76.00856,13.10675,0],[76.00889,13.10644,0],[76.0091,13.10608,0],[76.00958,13.10504,0],[76.01009,13.10428,0],[76.01067,13.10325,0],[76.01107,13.10247,0],[76.01152,13.10166,0],[76.01198,13.10075,0],[76.01235,13.10011,0],[76.01288,13.09908,0],[76.01336,13.09815,0],[76.01358,13.09791,0],[76.01384,13.09776,0],[76.01432,13.09768,0],[76.01488,13.09771,0],[76.01567,13.09786,0],[76.017,13.0981,0],[76.01814,13.09839,0],[76.01941,13.0986,0],[76.02066,13.09877,0],[76.02185,13.09898,0],[76.02291,13.09914,0],[76.024,13.09932,0],[76.02482,13.09948,0],[76.02513,13.09955,0],[76.02559,13.09966,0],[76.02639,13.09973,0],[76.02679,13.09989,0],[76.02689,13.10022,0],[76.02673,13.10056,0],[76.02654,13.10113,0],[76.02625,13.10222,0],[76.02609,13.10295,0],[76.02588,13.10391,0],[76.02566,13.10459,0],[76.0254,13.10526,0],[76.02497,13.10583,0],[76.02428,13.10656,0],[76.02369,13.10714,0],[76.0226,13.10828,0],[76.02167,13.1094,0],[76.02106,13.11033,0],[76.02077,13.11104,0],[76.02034,13.11197,0],[76.02007,13.113,0],[76.01954,13.1145,0],[76.01927,13.11525,0],[76.01907,13.11583,0],[76.01919,13.11618,0],[76.01951,13.11635,0],[76.01975,13.11622,0],[76.01991,13.11588,0],[76.0202,13.1152,0],[76.02039,13.11463,0],[76.02065,13.11424,0],[76.02103,13.11419,0],[76.02134,13.11427,0],[76.02156,13.11445,0],[76.02171,13.11477,0],[76.02174,13.11531,0],[76.0215,13.11622,0],[76.02105,13.11734,0],[76.02078,13.11822,0],[76.02065,13.11869,0],[76.02035,13.11948,0],[76.02027,13.11995,0],[76.02038,13.12057,0],[76.02051,13.12104,0],[76.02085,13.12166,0],[76.02122,13.12218,0],[76.02167,13.12265,0],[76.02223,13.1231,0],[76.02305,13.12354,0],[76.02427,13.12435,0],[76.02583,13.1253,0],[76.02647,13.12574,0],[76.02682,13.12592,0],[76.02711,13.12605,0],[76.02743,13.12608,0],[76.02785,13.12605,0],[76.02822,13.12593,0],[76.02859,13.12567,0],[76.02894,13.1253,0],[76.02928,13.12487,0],[76.02763,13.13077,0],[76.02839,13.13163,0],[76.0284,13.13281,0],[76.02484,13.13469,0],[76.02375,13.13565,0],[76.02185,13.13645,0],[76.02212,13.13787,0],[76.02303,13.13955,0],[76.02411,13.14124,0],[76.02332,13.14303,0],[76.02349,13.14321,0],[76.02401,13.14375,0],[76.02456,13.1442,0],[76.02517,13.14464,0],[76.02601,13.14496,0],[76.02798,13.14575,0],[76.02879,13.14588,0],[76.03046,13.14642,0],[76.03263,13.14699,0],[76.03611,13.14788,0],[76.03714,13.14845,0],[76.03972,13.15124,0],[76.0424,13.15469,0],[76.04343,13.15567,0],[76.04569,13.15542,0],[76.04895,13.15495,0],[76.0492,13.15482,0],[76.04904,13.15417,0],[76.04834,13.15125,0],[76.04844,13.14884,0],[76.04857,13.14796,0],[76.04887,13.14739,0],[76.04916,13.14723,0],[76.04945,13.14745,0],[76.05029,13.14802,0],[76.05122,13.14853,0],[76.05171,13.1486,0],[76.0518,13.14831,0],[76.05174,13.14771,0],[76.05174,13.14727,0],[76.0519,13.1467,0],[76.0521,13.14619,0],[76.05235,13.14591,0],[76.05248,13.14562,0],[76.05255,13.14518,0],[76.05239,13.1442,0],[76.05203,13.14379,0],[76.05178,13.14347,0],[76.05155,13.14316,0],[76.05152,13.14284,0],[76.05184,13.14259,0],[76.05578,13.14271,0],[76.05727,13.14174,0],[76.05843,13.14082,0],[76.06027,13.13905,0],[76.06176,13.1376,0],[76.06338,13.13621,0],[76.06381,13.13555,0],[76.06351,13.13555,0],[76.06331,13.13514,0],[76.06025,13.13086,0],[76.05982,13.13029,0],[76.06172,13.13035,0],[76.06484,13.13058,0],[76.06555,13.13049,0],[76.06628,13.13104,0],[76.06902,13.13206,0],[76.0724,13.13363,0],[76.07282,13.13403,0],[76.07309,13.13413,0],[76.07343,13.13413,0],[76.07357,13.1339,0],[76.07381,13.13261,0],[76.07487,13.13222,0],[76.07793,13.13058,0],[76.08073,13.13223,0],[76.08324,13.13353,0],[76.08392,13.13361,0],[76.08552,13.13354,0],[76.08614,13.13366,0],[76.08659,13.13417,0],[76.08732,13.13468,0],[76.08794,13.13485,0],[76.08839,13.13492,0],[76.08923,13.13439,0],[76.0897,13.13368,0],[76.09052,13.13219,0],[76.0912,13.13065,0],[76.09138,13.12808,0],[76.09152,13.12627,0],[76.09156,13.12568,0],[76.09199,13.12398,0],[76.09223,13.12276,0],[76.09212,13.12176,0],[76.09137,13.11946,0],[76.09067,13.11743,0],[76.09061,13.11691,0],[76.09082,13.11629,0],[76.09144,13.11576,0],[76.09174,13.11554,0],[76.09182,13.11501,0],[76.09109,13.1142,0],[76.0901,13.11366,0],[76.08844,13.11269,0],[76.08717,13.11179,0],[76.08646,13.11159,0],[76.08615,13.11149,0],[76.08589,13.11141,0],[76.08614,13.11071,0],[76.08665,13.10896,0],[76.08695,13.10843,0],[76.08749,13.10838,0],[76.08824,13.10858,0],[76.08936,13.10835,0],[76.09164,13.10665,0],[76.09238,13.10612,0],[76.09268,13.10541,0],[76.09355,13.10031,0],[76.09368,13.10009,0],[76.0939,13.0997,0],[76.09561,13.09832,0],[76.09665,13.0966,0],[76.09663,13.0959,0],[76.09658,13.09348,0],[76.09818,13.09328,0],[76.09843,13.09323,0],[76.10028,13.09287,0],[76.10341,13.09474,0],[76.10541,13.0957,0],[76.10545,13.09627,0],[76.10819,13.09559,0],[76.11093,13.09477,0],[76.11311,13.09421,0],[76.11537,13.09439,0],[76.11595,13.09422,0],[76.11631,13.0942,0],[76.1168,13.09425,0],[76.11703,13.09463,0],[76.11702,13.09547,0],[76.11695,13.09648,0],[76.11696,13.09829,0],[76.11697,13.10049,0],[76.11726,13.10386,0],[76.11736,13.10509,0],[76.11752,13.10681,0],[76.11766,13.11041,0],[76.11777,13.11202,0],[76.11779,13.11289,0],[76.11806,13.11394,0],[76.11857,13.11436,0],[76.1189,13.11443,0],[76.11924,13.11437,0],[76.12016,13.11387,0],[76.1215,13.11351,0],[76.1218,13.11357,0],[76.1221,13.11362,0],[76.12253,13.11389,0],[76.12305,13.11416,0],[76.12399,13.11442,0],[76.12499,13.11468,0],[76.12683,13.1154,0],[76.12787,13.1158,0],[76.12801,13.11613,0],[76.12811,13.11638,0],[76.12803,13.11683,0],[76.12779,13.11811,0],[76.12776,13.11856,0],[76.12766,13.12001,0],[76.1273,13.12072,0],[76.12737,13.12108,0],[76.12773,13.12205,0],[76.12787,13.12244,0],[76.12799,13.12275,0],[76.12831,13.12319,0],[76.12881,13.12442,0],[76.12914,13.12484,0],[76.12937,13.12515,0],[76.13071,13.12845,0],[76.13186,13.13086,0],[76.13256,13.13366,0],[76.13324,13.13704,0],[76.13319,13.13741,0],[76.13291,13.13754,0],[76.13253,13.13772,0],[76.13228,13.13798,0],[76.1319,13.13846,0],[76.13174,13.1391,0],[76.13193,13.13966,0],[76.13224,13.14011,0],[76.13299,13.14095,0],[76.13333,13.14103,0],[76.13406,13.14135,0],[76.13443,13.14157,0],[76.13551,13.14163,0],[76.13658,13.14156,0],[76.13717,13.1414,0],[76.13783,13.14126,0],[76.13819,13.14123,0],[76.13866,13.14127,0],[76.13912,13.14141,0],[76.13988,13.14186,0],[76.14042,13.14191,0],[76.14108,13.14191,0],[76.14159,13.1417,0],[76.14182,13.14147,0],[76.14186,13.14094,0],[76.14183,13.14052,0],[76.14174,13.13986,0],[76.14182,13.13956,0],[76.14222,13.13948,0],[76.1425,13.13953,0],[76.14297,13.13974,0],[76.14349,13.13993,0],[76.14408,13.14007,0],[76.14447,13.14037,0],[76.14485,13.14046,0],[76.14491,13.14086,0],[76.14481,13.14117,0],[76.14472,13.14157,0],[76.14486,13.14189,0],[76.14507,13.14214,0],[76.1453,13.14241,0],[76.14536,13.14291,0],[76.14535,13.14347,0],[76.14523,13.14382,0],[76.14513,13.14412,0],[76.14519,13.14465,0],[76.14534,13.14582,0],[76.1454,13.14652,0],[76.14542,13.14723,0],[76.14555,13.14817,0],[76.14571,13.14926,0],[76.146,13.15066,0],[76.14674,13.15212,0],[76.14722,13.15327,0],[76.14742,13.15416,0],[76.14759,13.15665,0],[76.14791,13.15907,0],[76.14762,13.15929,0],[76.14748,13.15964,0],[76.14733,13.16011,0],[76.14718,13.16069,0],[76.14711,13.16124,0],[76.14711,13.16169,0],[76.14712,13.16211,0],[76.1472,13.16264,0],[76.1473,13.16312,0],[76.14736,13.16341,0],[76.14755,13.16366,0],[76.14796,13.16371,0],[76.14811,13.16554,0],[76.14815,13.16609,0],[76.14816,13.1667,0],[76.14825,13.16757,0],[76.148,13.16776,0],[76.14786,13.16839,0],[76.14767,13.1689,0],[76.14743,13.16965,0],[76.14732,13.17005,0],[76.14704,13.17085,0],[76.1469,13.17145,0],[76.14667,13.17228,0],[76.14659,13.17262,0],[76.14646,13.17326,0],[76.14631,13.17386,0],[76.14613,13.1744,0],[76.14596,13.175,0],[76.14573,13.17569,0],[76.14554,13.1763,0],[76.14539,13.17681,0],[76.14522,13.17716,0],[76.14484,13.17738,0],[76.1444,13.17737,0],[76.14397,13.17729,0],[76.14369,13.17723,0],[76.14335,13.17715,0],[76.14303,13.17716,0],[76.14275,13.17732,0],[76.1426,13.17754,0],[76.14251,13.17825,0],[76.14249,13.17859,0],[76.14244,13.17932,0],[76.14232,13.18019,0],[76.14222,13.18096,0],[76.14217,13.1813,0],[76.14203,13.18203,0],[76.14191,13.18257,0],[76.14151,13.18367,0],[76.14141,13.18402,0],[76.14125,13.18448,0],[76.1411,13.18487,0],[76.14091,13.18541,0],[76.14083,13.1857,0],[76.1408,13.18606,0],[76.14079,13.18644,0],[76.14078,13.18708,0],[76.14083,13.18792,0],[76.14082,13.18838,0],[76.14075,13.189,0],[76.14065,13.18971,0],[76.14064,13.19027,0],[76.14064,13.19062,0],[76.14066,13.19095,0],[76.14077,13.19125,0],[76.14101,13.19153,0],[76.14131,13.19174,0],[76.1418,13.19193,0],[76.14241,13.19213,0],[76.14335,13.19246,0],[76.14397,13.19273,0],[76.14458,13.19297,0],[76.14556,13.19322,0],[76.14668,13.19358,0],[76.14803,13.19398,0],[76.14892,13.19426,0],[76.14977,13.19452,0],[76.1501,13.19463,0],[76.15043,13.19486,0],[76.15068,13.19517,0],[76.15095,13.19564,0],[76.15126,13.1963,0],[76.15147,13.197,0],[76.15159,13.19751,0],[76.15168,13.19813,0],[76.15167,13.19875,0],[76.15163,13.19907,0],[76.15153,13.19973,0],[76.1514,13.20024,0],[76.15123,13.20079,0],[76.15112,13.20109,0],[76.15103,13.20144,0],[76.15088,13.2021,0],[76.15079,13.20261,0],[76.15074,13.20298,0],[76.15079,13.20338,0],[76.15115,13.20404,0],[76.15146,13.20448,0],[76.15159,13.20478,0],[76.15167,13.20505,0],[76.15166,13.20534,0],[76.15158,13.20571,0],[76.1515,13.20608,0],[76.15136,13.20664,0],[76.15118,13.20711,0],[76.15097,13.20756,0],[76.15071,13.20806,0],[76.15048,13.20838,0],[76.15025,13.20874,0],[76.15001,13.20913,0],[76.14972,13.20963,0],[76.14941,13.21011,0],[76.14916,13.21042,0],[76.14878,13.21076,0],[76.14819,13.21126,0],[76.14777,13.21171,0],[76.14734,13.2121,0],[76.1469,13.21255,0],[76.14647,13.21298,0],[76.14627,13.21325,0],[76.146,13.21348,0],[76.14553,13.21337,0],[76.14487,13.21297,0],[76.14434,13.21273,0],[76.14373,13.21251,0],[76.14317,13.21229,0],[76.14266,13.21207,0],[76.14204,13.21175,0],[76.14146,13.2115,0],[76.14076,13.21129,0],[76.14026,13.21116,0],[76.13967,13.21097,0],[76.13886,13.21066,0],[76.13825,13.21046,0],[76.13783,13.21036,0],[76.13735,13.21015,0],[76.13661,13.20986,0],[76.136,13.20966,0],[76.13562,13.20957,0],[76.13528,13.20949,0],[76.13477,13.2093,0],[76.13404,13.20902,0],[76.13356,13.20886,0],[76.13314,13.20874,0],[76.13265,13.2086,0],[76.13219,13.20843,0],[76.13173,13.20824,0],[76.1312,13.20808,0],[76.13082,13.20798,0],[76.13022,13.20775,0],[76.12961,13.20748,0],[76.12915,13.20728,0],[76.12838,13.20707,0],[76.12768,13.20694,0],[76.12705,13.20683,0],[76.12641,13.20677,0],[76.12601,13.20668,0],[76.12572,13.20663,0],[76.1251,13.2066,0],[76.12447,13.20659,0],[76.12378,13.20655,0],[76.12311,13.20649,0],[76.12259,13.20647,0],[76.12223,13.20642,0],[76.12182,13.20641,0],[76.12141,13.20638,0],[76.12108,13.20636,0],[76.12065,13.2063,0],[76.12029,13.20629,0],[76.11988,13.20657,0],[76.11988,13.20695,0],[76.1199,13.20752,0],[76.11988,13.20827,0],[76.11986,13.20902,0],[76.11985,13.20932,0],[76.11981,13.20959,0],[76.11962,13.21017,0],[76.11956,13.21044,0],[76.1195,13.21079,0],[76.11945,13.21124,0],[76.11939,13.21191,0],[76.11931,13.21252,0],[76.11922,13.21318,0],[76.11917,13.21367,0],[76.11913,13.21395,0],[76.11906,13.21434,0],[76.1189,13.21493,0],[76.11873,13.21567,0],[76.11858,13.21621,0],[76.11849,13.21682,0],[76.11847,13.21715,0],[76.11841,13.21745,0],[76.11829,13.21769,0],[76.11817,13.21793,0],[76.11809,13.21822,0],[76.118,13.21866,0],[76.11795,13.21914,0],[76.11785,13.21974,0],[76.11774,13.22052,0],[76.11761,13.22095,0],[76.11748,13.22129,0],[76.11737,13.2217,0],[76.11726,13.22237,0],[76.11719,13.22286,0],[76.11706,13.22351,0],[76.11689,13.2243,0],[76.11677,13.22529,0],[76.11661,13.22611,0],[76.11637,13.2272,0],[76.11624,13.228,0],[76.11604,13.22915,0],[76.11584,13.23014,0],[76.11573,13.23102,0],[76.11551,13.23217,0],[76.11512,13.23418,0],[76.11502,13.23479,0],[76.1148,13.2358,0],[76.11464,13.23659,0],[76.11449,13.23765,0],[76.11429,13.23908,0],[76.11419,13.2398,0],[76.11394,13.241,0],[76.11366,13.2424,0],[76.11344,13.24418,0],[76.11327,13.245,0],[76.11299,13.24658,0],[76.11268,13.24777,0],[76.11206,13.25,0],[76.11172,13.25138,0],[76.11151,13.25467,0],[76.11137,13.25684,0],[76.11097,13.26332,0],[76.11078,13.26535,0],[76.11074,13.26733,0],[76.11043,13.27049,0],[76.1102,13.2749,0],[76.10999,13.27549,0],[76.1096,13.27571,0],[76.10909,13.27571,0],[76.10734,13.2758,0],[76.10563,13.27589,0],[76.10378,13.27579,0],[76.10289,13.27571,0],[76.10257,13.27553,0],[76.10234,13.27503,0],[76.1022,13.27413,0],[76.10216,13.27359,0],[76.10207,13.27305,0],[76.10179,13.27278,0],[76.09931,13.27084,0],[76.09894,13.27061,0],[76.0988,13.27034,0],[76.09836,13.27034,0],[76.09792,13.27047,0],[76.09792,13.27079,0],[76.09767,13.27115,0],[76.09472,13.27155,0],[76.09278,13.27205,0],[76.09219,13.27218,0],[76.09205,13.27281,0],[76.09186,13.27349,0],[76.09177,13.27425,0],[76.09163,13.27484,0],[76.09149,13.27551,0],[76.09137,13.27623,0],[76.09119,13.27777,0],[76.09091,13.27903,0],[76.09063,13.28015,0],[76.09031,13.28101,0],[76.08966,13.28209,0],[76.08904,13.28349,0],[76.08853,13.28475,0],[76.08761,13.28664,0],[76.08747,13.28686,0]]]},"properties":{"RANGE":"BELUR"}},
{"type":"Feature","geometry":{"type":"Polygon","coordinates":[[[76.44102,13.16849,0],[76.43993,13.16856,0],[76.43733,13.16931,0],[76.43398,13.16997,0],[76.4315,13.17059,0],[76.42987,13.17084,0],[76.42938,13.17099,0],[76.42872,13.16979,0],[76.42737,13.16742,0],[76.42687,13.16681,0],[76.42665,13.16653,0],[76.4265,13.16616,0],[76.42631,13.16569,0],[76.4259,13.16512,0],[76.42526,13.16431,0],[76.42466,13.16382,0],[76.42372,13.16345,0],[76.42262,13.1632,0],[76.42143,13.16302,0],[76.41983,13.16277,0],[76.41674,13.16248,0],[76.41548,13.16221,0],[76.41451,13.16208,0],[76.41391,13.16199,0],[76.41347,13.16193,0],[76.41336,13.16154,0],[76.41339,13.16099,0],[76.41327,13.1597,0],[76.41289,13.15807,0],[76.41226,13.15666,0],[76.41131,13.15533,0],[76.40999,13.15358,0],[76.40883,13.15201,0],[76.4084,13.15147,0],[76.40828,13.15117,0],[76.40787,13.15095,0],[76.40712,13.15089,0],[76.40633,13.15074,0],[76.40589,13.15055,0],[76.40545,13.15028,0],[76.40423,13.14997,0],[76.40115,13.14954,0],[76.39803,13.14919,0],[76.39442,13.14909,0],[76.38932,13.14892,0],[76.38562,13.14886,0],[76.38429,13.14903,0],[76.38313,13.14916,0],[76.38212,13.14946,0],[76.38179,13.14965,0],[76.38171,13.14937,0],[76.38181,13.14894,0],[76.38171,13.14695,0],[76.38162,13.14507,0],[76.38127,13.14361,0],[76.38057,13.14293,0],[76.37943,13.14216,0],[76.37884,13.14184,0],[76.37834,13.14156,0],[76.37827,13.14107,0],[76.37827,13.14022,0],[76.37848,13.13889,0],[76.37877,13.1372,0],[76.37913,13.13559,0],[76.37927,13.13474,0],[76.37906,13.13432,0],[76.37841,13.13418,0],[76.37719,13.1339,0],[76.37496,13.13305,0],[76.37446,13.13284,0],[76.37424,13.13242,0],[76.37432,13.13151,0],[76.3741,13.1313,0],[76.37263,13.13105,0],[76.37033,13.1307,0],[76.36961,13.13042,0],[76.36947,13.12993,0],[76.36933,13.12859,0],[76.36929,13.12822,0],[76.36882,13.12796,0],[76.36793,13.12809,0],[76.36732,13.12776,0],[76.36711,13.12642,0],[76.36704,13.12329,0],[76.36684,13.12148,0],[76.36715,13.12112,0],[76.36715,13.12058,0],[76.36701,13.12018,0],[76.3653,13.11932,0],[76.36306,13.11818,0],[76.3619,13.11731,0],[76.36101,13.11658,0],[76.3606,13.11598,0],[76.36067,13.11505,0],[76.36101,13.11311,0],[76.36142,13.11011,0],[76.36173,13.10767,0],[76.36241,13.10514,0],[76.36343,13.10153,0],[76.36384,13.09973,0],[76.3637,13.09853,0],[76.36343,13.09746,0],[76.36306,13.09583,0],[76.36278,13.09456,0],[76.36244,13.09323,0],[76.3621,13.09249,0],[76.36142,13.09223,0],[76.36013,13.09196,0],[76.35842,13.09202,0],[76.35733,13.09196,0],[76.35645,13.09169,0],[76.35535,13.09142,0],[76.35426,13.09096,0],[76.35256,13.09029,0],[76.34966,13.08972,0],[76.34748,13.08972,0],[76.34605,13.08999,0],[76.34496,13.09046,0],[76.34435,13.09026,0],[76.34387,13.08919,0],[76.34298,13.08772,0],[76.3421,13.08645,0],[76.34128,13.08545,0],[76.34074,13.08497,0],[76.34032,13.08474,0],[76.33995,13.08474,0],[76.33906,13.08497,0],[76.33607,13.0862,0],[76.33416,13.08684,0],[76.33127,13.08812,0],[76.32502,13.09013,0],[76.32326,13.09061,0],[76.31993,13.09113,0],[76.31946,13.09118,0],[76.31918,13.09118,0],[76.3189,13.091,0],[76.31872,13.09059,0],[76.31862,13.08985,0],[76.31853,13.08885,0],[76.31844,13.08689,0],[76.31844,13.08611,0],[76.31844,13.08579,0],[76.31834,13.08547,0],[76.31802,13.08519,0],[76.31732,13.08483,0],[76.31515,13.08307,0],[76.31417,13.08211,0],[76.31379,13.08156,0],[76.31347,13.08111,0],[76.31286,13.08088,0],[76.3102,13.08042,0],[76.30789,13.08021,0],[76.30635,13.07994,0],[76.30458,13.07962,0],[76.30281,13.07912,0],[76.30062,13.07843,0],[76.29891,13.07768,0],[76.2984,13.07704,0],[76.29784,13.07649,0],[76.29761,13.07621,0],[76.29761,13.0758,0],[76.29793,13.07548,0],[76.29828,13.07516,0],[76.29826,13.0748,0],[76.29812,13.07443,0],[76.29688,13.07185,0],[76.29572,13.07012,0],[76.29511,13.06911,0],[76.29501,13.06886,0],[76.29523,13.0687,0],[76.29567,13.06856,0],[76.29572,13.06815,0],[76.29567,13.06701,0],[76.29572,13.06336,0],[76.296,13.06116,0],[76.29649,13.05653,0],[76.29649,13.05548,0],[76.29631,13.05479,0],[76.29509,13.05246,0],[76.29456,13.05134,0],[76.29433,13.05102,0],[76.29391,13.0507,0],[76.30085,13.04754,0],[76.30327,13.04313,0],[76.30416,13.03377,0],[76.30318,13.0326,0],[76.30279,13.03131,0],[76.30213,13.03034,0],[76.30056,13.0282,0],[76.30017,13.02743,0],[76.29852,13.02613,0],[76.29794,13.02587,0],[76.29602,13.02445,0],[76.29317,13.02207,0],[76.29243,13.02192,0],[76.2909,13.02191,0],[76.28826,13.02183,0],[76.28293,13.02297,0],[76.28202,13.0227,0],[76.28053,13.02211,0],[76.27913,13.02133,0],[76.2782,13.02046,0],[76.27754,13.01923,0],[76.27727,13.01752,0],[76.27733,13.0161,0],[76.27752,13.01532,0],[76.27822,13.01391,0],[76.27943,13.01212,0],[76.28051,13.00993,0],[76.28142,13.00845,0],[76.28198,13.00671,0],[76.28301,13.00543,0],[76.28483,13.00384,0],[76.28562,13.00269,0],[76.28592,13.00121,0],[76.2861,13.00001,0],[76.28605,12.99961,0],[76.28608,12.99838,0],[76.28602,12.99693,0],[76.28599,12.9961,0],[76.28636,12.99511,0],[76.28648,12.9943,0],[76.28699,12.99227,0],[76.28759,12.98968,0],[76.28791,12.98817,0],[76.28806,12.98763,0],[76.28756,12.98757,0],[76.287,12.9876,0],[76.28589,12.98785,0],[76.28398,12.98841,0],[76.28267,12.98877,0],[76.28057,12.98952,0],[76.2798,12.9898,0],[76.27952,12.9898,0],[76.27925,12.98956,0],[76.27875,12.98831,0],[76.27857,12.98794,0],[76.27821,12.98786,0],[76.27781,12.98791,0],[76.27622,12.98839,0],[76.27517,12.98872,0],[76.27457,12.98903,0],[76.27422,12.989,0],[76.27409,12.98861,0],[76.274,12.98752,0],[76.27381,12.98646,0],[76.27347,12.98327,0],[76.27344,12.98138,0],[76.27353,12.97985,0],[76.27381,12.97912,0],[76.27401,12.97776,0],[76.2739,12.97575,0],[76.27365,12.97313,0],[76.27336,12.97213,0],[76.27337,12.97138,0],[76.27362,12.97075,0],[76.27392,12.96995,0],[76.27403,12.96911,0],[76.27403,12.96798,0],[76.27486,12.96242,0],[76.27512,12.961,0],[76.27575,12.95907,0],[76.2759,12.95819,0],[76.27568,12.95728,0],[76.27553,12.95586,0],[76.27542,12.95393,0],[76.27527,12.95329,0],[76.27561,12.95309,0],[76.27713,12.95281,0],[76.27847,12.95245,0],[76.28075,12.95198,0],[76.28372,12.95125,0],[76.28659,12.95054,0],[76.28957,12.94982,0],[76.2915,12.94942,0],[76.29411,12.94862,0],[76.29519,12.94809,0],[76.29482,12.9447,0],[76.29474,12.94351,0],[76.29463,12.942,0],[76.29456,12.94047,0],[76.29445,12.93982,0],[76.29401,12.93743,0],[76.29356,12.9349,0],[76.29327,12.93341,0],[76.29227,12.93027,0],[76.292,12.92899,0],[76.28827,12.92598,0],[76.28729,12.92464,0],[76.28667,12.92403,0],[76.28582,12.92387,0],[76.2846,12.92371,0],[76.28426,12.92355,0],[76.28278,12.92266,0],[76.28205,12.92184,0],[76.2815,12.92077,0],[76.28075,12.91836,0],[76.28021,12.91752,0],[76.28149,12.9172,0],[76.28226,12.9171,0],[76.2826,12.91697,0],[76.28271,12.91673,0],[76.28257,12.91649,0],[76.28233,12.91601,0],[76.28184,12.91469,0],[76.28129,12.91343,0],[76.28105,12.91269,0],[76.28081,12.91243,0],[76.28039,12.91245,0],[76.27914,12.91299,0],[76.27821,12.91353,0],[76.27755,12.91397,0],[76.27703,12.91421,0],[76.27672,12.91409,0],[76.27585,12.91406,0],[76.27467,12.91423,0],[76.27402,12.91457,0],[76.27339,12.91518,0],[76.27232,12.91558,0],[76.27131,12.91636,0],[76.27045,12.9169,0],[76.27,12.9169,0],[76.26962,12.91653,0],[76.2691,12.91622,0],[76.2684,12.91588,0],[76.26602,12.91571,0],[76.26505,12.91578,0],[76.26394,12.91591,0],[76.26345,12.91591,0],[76.26297,12.9154,0],[76.26238,12.91483,0],[76.26158,12.9132,0],[76.26152,12.91275,0],[76.26176,12.91199,0],[76.26242,12.91208,0],[76.26321,12.91187,0],[76.26394,12.91147,0],[76.26495,12.91059,0],[76.26581,12.91018,0],[76.26654,12.91018,0],[76.26744,12.91008,0],[76.26893,12.90979,0],[76.26969,12.90959,0],[76.27007,12.90959,0],[76.27042,12.90959,0],[76.27077,12.90956,0],[76.27122,12.90911,0],[76.27281,12.90854,0],[76.2735,12.90837,0],[76.27444,12.90817,0],[76.27534,12.90786,0],[76.27596,12.90766,0],[76.27714,12.90749,0],[76.27842,12.90715,0],[76.27911,12.90702,0],[76.27977,12.90671,0],[76.28133,12.90624,0],[76.28193,12.90591,0],[76.28151,12.90333,0],[76.28051,12.8987,0],[76.28031,12.89799,0],[76.28071,12.89785,0],[76.28135,12.89785,0],[76.28192,12.89774,0],[76.28267,12.89752,0],[76.28405,12.89715,0],[76.28453,12.89721,0],[76.28568,12.89698,0],[76.28749,12.89658,0],[76.2889,12.89633,0],[76.29008,12.89627,0],[76.29123,12.89613,0],[76.29258,12.89607,0],[76.29513,12.89558,0],[76.29775,12.89533,0],[76.29964,12.89528,0],[76.30042,12.89525,0],[76.30088,12.8955,0],[76.30159,12.89615,0],[76.30188,12.89632,0],[76.3024,12.89632,0],[76.3032,12.89638,0],[76.30452,12.89665,0],[76.30524,12.89679,0],[76.30668,12.89693,0],[76.30719,12.89699,0],[76.30745,12.89687,0],[76.30765,12.89657,0],[76.30791,12.8962,0],[76.30883,12.89547,0],[76.30969,12.89513,0],[76.31027,12.89496,0],[76.3107,12.8946,0],[76.31127,12.89374,0],[76.31193,12.89247,0],[76.3128,12.89118,0],[76.31311,12.89022,0],[76.3136,12.89011,0],[76.31458,12.89003,0],[76.31578,12.88986,0],[76.31705,12.88983,0],[76.31795,12.88942,0],[76.31817,12.88633,0],[76.31855,12.88405,0],[76.31872,12.88354,0],[76.31883,12.88301,0],[76.3197,12.88198,0],[76.32182,12.88021,0],[76.32332,12.87911,0],[76.32356,12.87877,0],[76.32326,12.87759,0],[76.32292,12.87652,0],[76.32263,12.87559,0],[76.32249,12.87506,0],[76.32188,12.87476,0],[76.3197,12.87377,0],[76.31801,12.87335,0],[76.31577,12.87284,0],[76.31445,12.87245,0],[76.31379,12.87236,0],[76.3135,12.87225,0],[76.31298,12.87225,0],[76.31272,12.87246,0],[76.31229,12.87283,0],[76.31195,12.87305,0],[76.31152,12.87314,0],[76.3111,12.87314,0],[76.31046,12.87315,0],[76.30977,12.8733,0],[76.30847,12.87344,0],[76.30793,12.87353,0],[76.30669,12.87386,0],[76.30623,12.87398,0],[76.30582,12.87374,0],[76.30592,12.87316,0],[76.30609,12.87205,0],[76.30607,12.86873,0],[76.30615,12.86498,0],[76.30639,12.8631,0],[76.30623,12.86118,0],[76.30626,12.85857,0],[76.30631,12.85795,0],[76.30624,12.8576,0],[76.30589,12.85751,0],[76.30543,12.85713,0],[76.30507,12.85535,0],[76.30486,12.85421,0],[76.30399,12.84906,0],[76.30377,12.84803,0],[76.30378,12.84731,0],[76.30375,12.84698,0],[76.30355,12.84681,0],[76.30313,12.8468,0],[76.30261,12.84672,0],[76.30046,12.84634,0],[76.2997,12.84618,0],[76.29915,12.8461,0],[76.29868,12.84607,0],[76.29843,12.84588,0],[76.2981,12.84468,0],[76.2972,12.8422,0],[76.29684,12.84099,0],[76.29643,12.83983,0],[76.29569,12.83819,0],[76.29569,12.83785,0],[76.29619,12.83795,0],[76.29651,12.838,0],[76.29753,12.83838,0],[76.2986,12.839,0],[76.29912,12.83911,0],[76.29937,12.83903,0],[76.29962,12.83881,0],[76.30113,12.83764,0],[76.3019,12.83713,0],[76.30267,12.83694,0],[76.30404,12.837,0],[76.30492,12.83711,0],[76.30528,12.83708,0],[76.30554,12.83689,0],[76.30577,12.83659,0],[76.30715,12.8341,0],[76.30806,12.83279,0],[76.30995,12.8302,0],[76.31037,12.8298,0],[76.31037,12.82953,0],[76.31015,12.82934,0],[76.30949,12.82853,0],[76.30883,12.82665,0],[76.30872,12.82632,0],[76.30889,12.82603,0],[76.30919,12.8257,0],[76.30982,12.82533,0],[76.3104,12.82495,0],[76.31095,12.82446,0],[76.31119,12.82425,0],[76.3118,12.82371,0],[76.31218,12.82363,0],[76.31249,12.82374,0],[76.31458,12.8239,0],[76.31732,12.82419,0],[76.31907,12.82484,0],[76.31946,12.82533,0],[76.3197,12.82588,0],[76.31969,12.82649,0],[76.31969,12.82695,0],[76.3196,12.8275,0],[76.31936,12.82789,0],[76.3192,12.82913,0],[76.31923,12.83017,0],[76.31969,12.83211,0],[76.32018,12.83571,0],[76.32071,12.83958,0],[76.3212,12.84136,0],[76.32193,12.84233,0],[76.32285,12.84295,0],[76.32401,12.84337,0],[76.32579,12.84412,0],[76.32685,12.84464,0],[76.32738,12.84538,0],[76.32764,12.84588,0],[76.32801,12.84682,0],[76.32797,12.84763,0],[76.32771,12.84867,0],[76.32701,12.85094,0],[76.32665,12.85181,0],[76.32628,12.8533,0],[76.32625,12.85392,0],[76.32645,12.85421,0],[76.32681,12.85453,0],[76.32737,12.85473,0],[76.3287,12.8545,0],[76.33124,12.85303,0],[76.33253,12.85222,0],[76.33306,12.8518,0],[76.33355,12.85125,0],[76.33433,12.84916,0],[76.33627,12.84656,0],[76.33791,12.84539,0],[76.33933,12.84484,0],[76.34018,12.84433,0],[76.341,12.84331,0],[76.34157,12.84109,0],[76.3425,12.83957,0],[76.34341,12.83872,0],[76.34524,12.8378,0],[76.34676,12.83759,0],[76.34825,12.83757,0],[76.35069,12.83782,0],[76.35215,12.83806,0],[76.35423,12.83815,0],[76.35605,12.83786,0],[76.35769,12.83776,0],[76.35854,12.83751,0],[76.36015,12.83721,0],[76.36125,12.83703,0],[76.3622,12.83681,0],[76.36369,12.83612,0],[76.36485,12.83517,0],[76.36571,12.83433,0],[76.36798,12.83211,0],[76.36931,12.83072,0],[76.36995,12.82999,0],[76.37068,12.82794,0],[76.37068,12.82794,0],[76.37148,12.82803,0],[76.37296,12.82823,0],[76.37369,12.8284,0],[76.37434,12.82871,0],[76.37449,12.82878,0],[76.37449,12.82878,0],[76.37535,12.82883,0],[76.37593,12.82869,0],[76.37594,12.82869,0],[76.3765,12.82833,0],[76.37656,12.8283,0],[76.37692,12.82794,0],[76.37722,12.82765,0],[76.37759,12.82739,0],[76.37783,12.82722,0],[76.37789,12.82718,0],[76.37789,12.82718,0],[76.37834,12.82706,0],[76.37873,12.82715,0],[76.3789,12.82725,0],[76.37914,12.82738,0],[76.37939,12.82747,0],[76.38002,12.8281,0],[76.38073,12.82852,0],[76.38108,12.82867,0],[76.3814,12.8288,0],[76.38224,12.82899,0],[76.38231,12.82903,0],[76.38295,12.8294,0],[76.38319,12.82962,0],[76.38358,12.83027,0],[76.38381,12.83056,0],[76.38412,12.83093,0],[76.38413,12.83094,0],[76.3845,12.83136,0],[76.3845,12.83136,0],[76.3845,12.83137,0],[76.38471,12.83166,0],[76.3848,12.83197,0],[76.38486,12.83219,0],[76.38497,12.83276,0],[76.38501,12.83286,0],[76.38516,12.83324,0],[76.38542,12.83373,0],[76.38563,12.83398,0],[76.38589,12.83432,0],[76.38628,12.8346,0],[76.38686,12.83524,0],[76.3871,12.83574,0],[76.3872,12.836,0],[76.3872,12.836,0],[76.38725,12.83615,0],[76.38729,12.83667,0],[76.38734,12.8372,0],[76.38729,12.83764,0],[76.38726,12.838,0],[76.38725,12.83815,0],[76.38726,12.83826,0],[76.38729,12.83851,0],[76.38742,12.83893,0],[76.38757,12.83913,0],[76.38775,12.83935,0],[76.38794,12.83953,0],[76.38813,12.8397,0],[76.38837,12.83996,0],[76.3885,12.84034,0],[76.3885,12.84076,0],[76.38848,12.84096,0],[76.38846,12.8412,0],[76.38841,12.84152,0],[76.38835,12.84181,0],[76.38807,12.84241,0],[76.38757,12.84289,0],[76.38745,12.84302,0],[76.38729,12.84319,0],[76.38714,12.84354,0],[76.38714,12.84357,0],[76.38713,12.84401,0],[76.38723,12.84443,0],[76.38747,12.84475,0],[76.38753,12.84483,0],[76.38789,12.84507,0],[76.38789,12.84507,0],[76.38837,12.84514,0],[76.38841,12.84513,0],[76.38873,12.8451,0],[76.38893,12.84504,0],[76.38927,12.84495,0],[76.38977,12.8448,0],[76.39021,12.84466,0],[76.39099,12.84442,0],[76.3914,12.84432,0],[76.39143,12.84432,0],[76.39143,12.84432,0],[76.3915,12.84431,0],[76.39185,12.8443,0],[76.39216,12.84436,0],[76.39216,12.84436,0],[76.39257,12.84453,0],[76.39271,12.84462,0],[76.39282,12.8447,0],[76.39308,12.84491,0],[76.39345,12.84527,0],[76.3936,12.84541,0],[76.39386,12.84566,0],[76.3941,12.84578,0],[76.39429,12.84587,0],[76.39476,12.84608,0],[76.39562,12.8465,0],[76.39594,12.84663,0],[76.3962,12.84673,0],[76.39667,12.8469,0],[76.39699,12.84696,0],[76.39749,12.84705,0],[76.39749,12.84705,0],[76.39777,12.8472,0],[76.39777,12.8472,0],[76.39778,12.8472,0],[76.39823,12.8472,0],[76.39823,12.8472,0],[76.39825,12.84718,0],[76.39845,12.84695,0],[76.39845,12.84695,0],[76.3987,12.84686,0],[76.39915,12.84685,0],[76.39965,12.84677,0],[76.40009,12.84662,0],[76.40068,12.84643,0],[76.40152,12.8459,0],[76.40223,12.84543,0],[76.40247,12.84527,0],[76.40286,12.84515,0],[76.4032,12.84517,0],[76.40321,12.84517,0],[76.40321,12.84517,0],[76.40363,12.84536,0],[76.4041,12.8457,0],[76.40411,12.8457,0],[76.40411,12.84571,0],[76.40443,12.84578,0],[76.40443,12.84578,0],[76.40459,12.84574,0],[76.40471,12.84571,0],[76.40483,12.84564,0],[76.40504,12.8455,0],[76.40549,12.84538,0],[76.40603,12.84514,0],[76.40628,12.84491,0],[76.40647,12.84476,0],[76.40672,12.84455,0],[76.40718,12.8443,0],[76.40739,12.84418,0],[76.40862,12.84423,0],[76.40898,12.84422,0],[76.40898,12.84423,0],[76.40952,12.84441,0],[76.40962,12.84517,0],[76.40963,12.84526,0],[76.40964,12.84549,0],[76.40964,12.84549,0],[76.40975,12.8475,0],[76.40981,12.84871,0],[76.4099,12.84977,0],[76.40999,12.85086,0],[76.41011,12.85236,0],[76.41013,12.85255,0],[76.41018,12.85294,0],[76.41014,12.85517,0],[76.41009,12.85628,0],[76.40984,12.85854,0],[76.40981,12.85885,0],[76.40979,12.85908,0],[76.40971,12.85992,0],[76.40969,12.86003,0],[76.40963,12.86029,0],[76.40927,12.86219,0],[76.40886,12.86345,0],[76.40886,12.86345,0],[76.40881,12.8636,0],[76.40881,12.86361,0],[76.40865,12.86477,0],[76.40897,12.86481,0],[76.40897,12.86481,0],[76.40905,12.86478,0],[76.40936,12.86467,0],[76.4103,12.86444,0],[76.41046,12.8644,0],[76.41082,12.86434,0],[76.41206,12.86412,0],[76.41373,12.86414,0],[76.41415,12.86416,0],[76.41443,12.86417,0],[76.41443,12.86417,0],[76.41486,12.86403,0],[76.41527,12.86356,0],[76.4154,12.8634,0],[76.41557,12.86319,0],[76.41572,12.86301,0],[76.41575,12.86297,0],[76.41579,12.8629,0],[76.41605,12.86252,0],[76.41631,12.862,0],[76.41641,12.86162,0],[76.41663,12.86099,0],[76.41721,12.86019,0],[76.41729,12.85967,0],[76.41735,12.85931,0],[76.41788,12.85877,0],[76.41822,12.85837,0],[76.41824,12.85835,0],[76.41924,12.85807,0],[76.41972,12.85784,0],[76.41995,12.85773,0],[76.42142,12.85731,0],[76.42145,12.8573,0],[76.42147,12.85729,0],[76.42274,12.85696,0],[76.42381,12.85669,0],[76.42401,12.85664,0],[76.42597,12.85623,0],[76.42645,12.85577,0],[76.42651,12.85567,0],[76.42658,12.85552,0],[76.4268,12.85511,0],[76.42695,12.85438,0],[76.42701,12.85402,0],[76.42704,12.85386,0],[76.42704,12.8524,0],[76.42702,12.85165,0],[76.42673,12.84979,0],[76.42673,12.84979,0],[76.42667,12.84939,0],[76.42656,12.84855,0],[76.42654,12.84841,0],[76.42621,12.84587,0],[76.42622,12.84525,0],[76.42597,12.84488,0],[76.42528,12.84481,0],[76.42469,12.84475,0],[76.42434,12.84469,0],[76.42393,12.84461,0],[76.42361,12.84458,0],[76.42361,12.84458,0],[76.4227,12.84451,0],[76.42253,12.84448,0],[76.42215,12.84442,0],[76.42184,12.84423,0],[76.4217,12.84414,0],[76.42155,12.8439,0],[76.4213,12.84349,0],[76.42126,12.84323,0],[76.42121,12.84286,0],[76.42106,12.8418,0],[76.42103,12.84136,0],[76.42101,12.84096,0],[76.42093,12.84042,0],[76.42088,12.84014,0],[76.42088,12.84012,0],[76.42094,12.83953,0],[76.42094,12.83953,0],[76.42094,12.83952,0],[76.42133,12.83897,0],[76.42136,12.83892,0],[76.42201,12.83831,0],[76.42234,12.838,0],[76.42263,12.83766,0],[76.42274,12.8372,0],[76.42274,12.83622,0],[76.42278,12.83515,0],[76.42284,12.83393,0],[76.42313,12.83195,0],[76.42342,12.83117,0],[76.42361,12.83049,0],[76.42383,12.82975,0],[76.42417,12.82914,0],[76.42443,12.82866,0],[76.42454,12.82845,0],[76.4247,12.82815,0],[76.42482,12.82779,0],[76.4248,12.82736,0],[76.42567,12.82497,0],[76.42588,12.82449,0],[76.4263,12.8235,0],[76.42632,12.82349,0],[76.42663,12.82328,0],[76.42663,12.82328,0],[76.42663,12.82328,0],[76.42739,12.82324,0],[76.42739,12.82324,0],[76.42765,12.82327,0],[76.42834,12.82333,0],[76.42894,12.82331,0],[76.42941,12.82329,0],[76.43085,12.82325,0],[76.43085,12.82325,0],[76.43133,12.82314,0],[76.43188,12.823,0],[76.4323,12.82291,0],[76.433,12.82274,0],[76.43352,12.82264,0],[76.43403,12.82258,0],[76.43457,12.82252,0],[76.43541,12.82243,0],[76.43657,12.82232,0],[76.43669,12.82231,0],[76.43695,12.82229,0],[76.43695,12.82229,0],[76.4378,12.82225,0],[76.43867,12.82214,0],[76.43977,12.82214,0],[76.43978,12.82214,0],[76.44021,12.82207,0],[76.44157,12.82184,0],[76.44228,12.82168,0],[76.44234,12.82167,0],[76.44285,12.82172,0],[76.44305,12.82174,0],[76.44305,12.82175,0],[76.44311,12.82178,0],[76.44341,12.82198,0],[76.44427,12.82221,0],[76.44495,12.82236,0],[76.44556,12.82246,0],[76.44601,12.82253,0],[76.44624,12.82258,0],[76.44671,12.82268,0],[76.44716,12.82268,0],[76.44744,12.82219,0],[76.44744,12.82219,0],[76.44764,12.82169,0],[76.44764,12.82168,0],[76.44764,12.82161,0],[76.44766,12.82111,0],[76.44757,12.82096,0],[76.44746,12.82079,0],[76.44731,12.82073,0],[76.44712,12.82066,0],[76.44686,12.82057,0],[76.44667,12.82033,0],[76.4472,12.81862,0],[76.44729,12.81833,0],[76.4473,12.81831,0],[76.44752,12.81801,0],[76.44796,12.81807,0],[76.44856,12.81815,0],[76.44905,12.81754,0],[76.44913,12.81738,0],[76.4493,12.81703,0],[76.44981,12.81613,0],[76.45038,12.81522,0],[76.45097,12.81419,0],[76.45145,12.81348,0],[76.45153,12.81321,0],[76.45142,12.81263,0],[76.45138,12.81244,0],[76.45133,12.81176,0],[76.45131,12.81146,0],[76.45129,12.81122,0],[76.45142,12.81093,0],[76.45158,12.81071,0],[76.45182,12.81057,0],[76.45205,12.81044,0],[76.45247,12.81006,0],[76.45255,12.80999,0],[76.45275,12.80991,0],[76.45368,12.80951,0],[76.45446,12.809,0],[76.45548,12.80849,0],[76.45585,12.80823,0],[76.45616,12.80802,0],[76.4569,12.80751,0],[76.45737,12.80719,0],[76.45795,12.80668,0],[76.45792,12.80552,0],[76.45791,12.80518,0],[76.4579,12.8047,0],[76.45786,12.80305,0],[76.458,12.80256,0],[76.4587,12.80249,0],[76.45962,12.8023,0],[76.461,12.80213,0],[76.46116,12.80211,0],[76.46116,12.80211,0],[76.46139,12.80206,0],[76.46196,12.80194,0],[76.46222,12.80196,0],[76.46255,12.80198,0],[76.46275,12.80222,0],[76.46303,12.80268,0],[76.46331,12.80312,0],[76.46448,12.80473,0],[76.46483,12.80485,0],[76.46512,12.80475,0],[76.46617,12.80416,0],[76.46711,12.80352,0],[76.46766,12.80314,0],[76.46872,12.80241,0],[76.46967,12.80151,0],[76.46985,12.80134,0],[76.46993,12.80126,0],[76.47006,12.80081,0],[76.47006,12.80081,0],[76.47009,12.80042,0],[76.47009,12.80042,0],[76.47009,12.80042,0],[76.47083,12.79994,0],[76.47091,12.79964,0],[76.47063,12.79934,0],[76.47053,12.79925,0],[76.47041,12.79913,0],[76.47039,12.79885,0],[76.47044,12.79854,0],[76.47044,12.79854,0],[76.47044,12.79854,0],[76.47062,12.79833,0],[76.47063,12.79832,0],[76.47091,12.79811,0],[76.47132,12.79769,0],[76.47154,12.79747,0],[76.47174,12.797,0],[76.47187,12.79663,0],[76.47188,12.79658,0],[76.47191,12.79619,0],[76.47169,12.79585,0],[76.4707,12.79518,0],[76.47038,12.79492,0],[76.47012,12.7947,0],[76.47008,12.79423,0],[76.46996,12.79374,0],[76.46978,12.79324,0],[76.46944,12.7927,0],[76.4692,12.79253,0],[76.46857,12.79227,0],[76.46783,12.79179,0],[76.46761,12.7916,0],[76.46724,12.79128,0],[76.4668,12.79072,0],[76.4668,12.79072,0],[76.4663,12.79036,0],[76.46566,12.79009,0],[76.46477,12.78982,0],[76.46314,12.7894,0],[76.46255,12.78906,0],[76.46235,12.78877,0],[76.46215,12.78848,0],[76.46199,12.78821,0],[76.46185,12.78799,0],[76.46174,12.78767,0],[76.4614,12.78731,0],[76.46055,12.78724,0],[76.46055,12.78724,0],[76.46014,12.78731,0],[76.46005,12.78733,0],[76.45945,12.78742,0],[76.45901,12.78747,0],[76.45874,12.78729,0],[76.45863,12.78704,0],[76.45851,12.78698,0],[76.45808,12.78676,0],[76.4578,12.78661,0],[76.45762,12.78616,0],[76.45682,12.78239,0],[76.45659,12.78185,0],[76.45643,12.78055,0],[76.45638,12.78005,0],[76.45638,12.78005,0],[76.45652,12.77916,0],[76.45728,12.77795,0],[76.45802,12.77652,0],[76.45802,12.77652,0],[76.45805,12.77646,0],[76.45805,12.77646,0],[76.45853,12.7761,0],[76.45907,12.77598,0],[76.45929,12.77594,0],[76.45988,12.77587,0],[76.46043,12.7758,0],[76.4614,12.77558,0],[76.4614,12.77558,0],[76.46275,12.77542,0],[76.46275,12.77542,0],[76.46365,12.7754,0],[76.46365,12.7754,0],[76.46463,12.77541,0],[76.46543,12.7755,0],[76.46555,12.77551,0],[76.46667,12.77534,0],[76.46676,12.77533,0],[76.46676,12.77533,0],[76.46722,12.77523,0],[76.4685,12.77458,0],[76.46925,12.77411,0],[76.4694,12.77399,0],[76.46954,12.77388,0],[76.4697,12.77322,0],[76.46972,12.77277,0],[76.46967,12.7723,0],[76.46981,12.77203,0],[76.47015,12.77187,0],[76.47089,12.7718,0],[76.47146,12.77159,0],[76.47154,12.77137,0],[76.47166,12.77102,0],[76.47219,12.77068,0],[76.47259,12.77063,0],[76.47299,12.77059,0],[76.47489,12.77049,0],[76.47577,12.7704,0],[76.47655,12.77051,0],[76.47678,12.77085,0],[76.47707,12.77121,0],[76.47733,12.77137,0],[76.47733,12.77137,0],[76.47769,12.77139,0],[76.4781,12.77134,0],[76.4781,12.77134,0],[76.47847,12.77125,0],[76.47893,12.77125,0],[76.47893,12.77125,0],[76.47893,12.77125,0],[76.47911,12.77149,0],[76.47911,12.77149,0],[76.47911,12.77149,0],[76.47913,12.77186,0],[76.47916,12.77233,0],[76.4792,12.77305,0],[76.47932,12.77758,0],[76.47927,12.77875,0],[76.47942,12.77913,0],[76.47989,12.77924,0],[76.48044,12.77944,0],[76.48052,12.77975,0],[76.48052,12.77975,0],[76.48064,12.78009,0],[76.48094,12.7803,0],[76.48124,12.78045,0],[76.48199,12.78085,0],[76.48257,12.78111,0],[76.48483,12.78215,0],[76.48629,12.78273,0],[76.48692,12.78298,0],[76.48816,12.7835,0],[76.48816,12.7835,0],[76.48928,12.78397,0],[76.48983,12.78411,0],[76.48983,12.78411,0],[76.4901,12.78406,0],[76.49017,12.78346,0],[76.49026,12.78257,0],[76.49097,12.78039,0],[76.49157,12.77797,0],[76.49175,12.77709,0],[76.4918,12.77557,0],[76.49146,12.77223,0],[76.49123,12.77104,0],[76.49141,12.77082,0],[76.4918,12.77055,0],[76.49196,12.77021,0],[76.492,12.76933,0],[76.49201,12.76932,0],[76.49214,12.76895,0],[76.49214,12.76895,0],[76.49251,12.76893,0],[76.49297,12.76883,0],[76.49306,12.76834,0],[76.49306,12.76749,0],[76.49295,12.76659,0],[76.49313,12.76612,0],[76.49375,12.76567,0],[76.49375,12.76567,0],[76.49375,12.76567,0],[76.49419,12.76573,0],[76.4942,12.76573,0],[76.4942,12.76573,0],[76.49483,12.76635,0],[76.49485,12.76637,0],[76.49563,12.76702,0],[76.49717,12.76834,0],[76.49844,12.76942,0],[76.49951,12.77039,0],[76.5,12.77084,0],[76.5,12.77084,0],[76.5003,12.77107,0],[76.50048,12.77143,0],[76.50048,12.77144,0],[76.50049,12.77144,0],[76.50054,12.77195,0],[76.50053,12.77269,0],[76.50054,12.77283,0],[76.50058,12.77409,0],[76.5006,12.77525,0],[76.50063,12.77603,0],[76.50063,12.77625,0],[76.50064,12.77648,0],[76.50063,12.77704,0],[76.50062,12.77757,0],[76.50063,12.77842,0],[76.50063,12.77879,0],[76.50044,12.779,0],[76.5,12.77897,0],[76.49922,12.7792,0],[76.49776,12.77964,0],[76.49548,12.78084,0],[76.49471,12.78168,0],[76.4939,12.78364,0],[76.49379,12.78393,0],[76.49361,12.78442,0],[76.49191,12.78721,0],[76.49178,12.78756,0],[76.49178,12.78757,0],[76.49177,12.78759,0],[76.49177,12.78773,0],[76.49177,12.78784,0],[76.49177,12.78786,0],[76.49192,12.7887,0],[76.49197,12.78895,0],[76.49203,12.78925,0],[76.49213,12.78968,0],[76.49237,12.79044,0],[76.4926,12.79114,0],[76.49326,12.79328,0],[76.49388,12.79483,0],[76.4945,12.79648,0],[76.49467,12.79695,0],[76.49476,12.79737,0],[76.495,12.79847,0],[76.49562,12.80139,0],[76.49567,12.80164,0],[76.49568,12.80167,0],[76.49581,12.80219,0],[76.49592,12.80311,0],[76.49531,12.80373,0],[76.49525,12.80379,0],[76.4948,12.8042,0],[76.49458,12.80429,0],[76.49424,12.80442,0],[76.49381,12.80445,0],[76.49348,12.80448,0],[76.49243,12.80435,0],[76.49179,12.80438,0],[76.49148,12.80439,0],[76.49108,12.80458,0],[76.49097,12.80488,0],[76.49133,12.80562,0],[76.49326,12.80788,0],[76.49387,12.80855,0],[76.49399,12.80891,0],[76.49403,12.80901,0],[76.49402,12.80916,0],[76.49399,12.80956,0],[76.49398,12.80995,0],[76.49426,12.8101,0],[76.49469,12.81013,0],[76.49508,12.81017,0],[76.49532,12.81034,0],[76.49541,12.8104,0],[76.49641,12.81162,0],[76.49835,12.81427,0],[76.4992,12.81532,0],[76.49944,12.81561,0],[76.49993,12.8162,0],[76.50071,12.81683,0],[76.50133,12.81756,0],[76.50186,12.81819,0],[76.50236,12.81887,0],[76.50279,12.81948,0],[76.50279,12.81948,0],[76.50298,12.81976,0],[76.50318,12.82004,0],[76.50327,12.82017,0],[76.50355,12.82048,0],[76.50355,12.82048,0],[76.50355,12.82048,0],[76.50393,12.82057,0],[76.50393,12.82057,0],[76.50393,12.82057,0],[76.5045,12.82046,0],[76.50451,12.82045,0],[76.50451,12.82045,0],[76.50456,12.82045,0],[76.50504,12.82039,0],[76.50611,12.82034,0],[76.50718,12.82038,0],[76.50797,12.82041,0],[76.50875,12.82049,0],[76.50876,12.82049,0],[76.50925,12.82058,0],[76.5093,12.8206,0],[76.50972,12.82076,0],[76.51009,12.82097,0],[76.51036,12.82106,0],[76.51046,12.8211,0],[76.51046,12.8211,0],[76.51079,12.82114,0],[76.51118,12.82113,0],[76.51145,12.82136,0],[76.51168,12.82159,0],[76.5118,12.82172,0],[76.51201,12.82189,0],[76.5124,12.82223,0],[76.51278,12.82252,0],[76.51319,12.82259,0],[76.5132,12.82259,0],[76.51362,12.82283,0],[76.51373,12.82302,0],[76.5139,12.82331,0],[76.51422,12.82342,0],[76.51463,12.82345,0],[76.51463,12.82345,0],[76.51494,12.82362,0],[76.5151,12.82397,0],[76.51531,12.82436,0],[76.51563,12.82458,0],[76.51563,12.82458,0],[76.51595,12.82468,0],[76.51595,12.82468,0],[76.51598,12.82468,0],[76.51669,12.82481,0],[76.51728,12.82496,0],[76.51776,12.82508,0],[76.51814,12.82518,0],[76.5184,12.82526,0],[76.519,12.82555,0],[76.51905,12.82599,0],[76.51905,12.826,0],[76.51897,12.82669,0],[76.51895,12.82682,0],[76.51885,12.82779,0],[76.51873,12.82957,0],[76.51873,12.8297,0],[76.51872,12.82992,0],[76.51869,12.8305,0],[76.51868,12.83065,0],[76.51868,12.83065,0],[76.51866,12.83111,0],[76.51846,12.83193,0],[76.51839,12.83228,0],[76.51837,12.83246,0],[76.51836,12.83257,0],[76.51843,12.83288,0],[76.51843,12.83289,0],[76.51844,12.8329,0],[76.51857,12.83312,0],[76.51859,12.83316,0],[76.519,12.8337,0],[76.51924,12.83426,0],[76.51938,12.83458,0],[76.51993,12.83631,0],[76.5206,12.83803,0],[76.52066,12.83824,0],[76.52066,12.83824,0],[76.52079,12.83868,0],[76.52097,12.83928,0],[76.52099,12.83931,0],[76.5213,12.83967,0],[76.5213,12.83967,0],[76.5213,12.83967,0],[76.52173,12.83988,0],[76.52273,12.83993,0],[76.52334,12.83995,0],[76.52562,12.84001,0],[76.52694,12.84006,0],[76.52764,12.84009,0],[76.5282,12.84012,0],[76.52938,12.84012,0],[76.53031,12.84019,0],[76.5304,12.8402,0],[76.53061,12.84024,0],[76.5308,12.84027,0],[76.53098,12.8403,0],[76.53153,12.84047,0],[76.53203,12.8407,0],[76.53236,12.84085,0],[76.5327,12.84104,0],[76.53368,12.84159,0],[76.53417,12.84179,0],[76.5344,12.84189,0],[76.53467,12.84203,0],[76.53473,12.84207,0],[76.53525,12.84235,0],[76.53587,12.8427,0],[76.53595,12.84273,0],[76.53625,12.84286,0],[76.53654,12.84288,0],[76.53679,12.84281,0],[76.5368,12.8428,0],[76.53714,12.84264,0],[76.53741,12.84252,0],[76.53831,12.84208,0],[76.53856,12.84193,0],[76.53904,12.84164,0],[76.53985,12.84122,0],[76.54088,12.84073,0],[76.54153,12.84044,0],[76.54187,12.84034,0],[76.54259,12.84013,0],[76.54436,12.83958,0],[76.54444,12.83956,0],[76.54569,12.83918,0],[76.54657,12.83892,0],[76.54669,12.83889,0],[76.54699,12.83881,0],[76.54731,12.83883,0],[76.54731,12.83883,0],[76.54762,12.83893,0],[76.54763,12.83894,0],[76.54763,12.83894,0],[76.54791,12.83915,0],[76.54791,12.83915,0],[76.54808,12.83926,0],[76.54808,12.83926,0],[76.54824,12.83936,0],[76.5491,12.83998,0],[76.55019,12.84074,0],[76.55106,12.84132,0],[76.55132,12.84149,0],[76.55144,12.84159,0],[76.55202,12.84206,0],[76.55272,12.84254,0],[76.55275,12.84257,0],[76.55296,12.84271,0],[76.55362,12.84324,0],[76.55399,12.84354,0],[76.55421,12.84372,0],[76.55467,12.84413,0],[76.55488,12.84425,0],[76.55499,12.84431,0],[76.55535,12.84436,0],[76.55535,12.84436,0],[76.55595,12.8444,0],[76.55685,12.84443,0],[76.55753,12.84445,0],[76.55779,12.84446,0],[76.55779,12.84446,0],[76.55936,12.84423,0],[76.56123,12.84386,0],[76.5614,12.84383,0],[76.56194,12.84371,0],[76.56212,12.84369,0],[76.5624,12.84365,0],[76.56267,12.84366,0],[76.56285,12.84366,0],[76.56319,12.84367,0],[76.56332,12.84367,0],[76.56409,12.84386,0],[76.5645,12.8439,0],[76.56499,12.84395,0],[76.5662,12.84398,0],[76.5666,12.84398,0],[76.56696,12.84399,0],[76.56697,12.84399,0],[76.56805,12.84399,0],[76.56874,12.84398,0],[76.56933,12.84398,0],[76.57014,12.84394,0],[76.57053,12.84391,0],[76.57059,12.84391,0],[76.57182,12.84386,0],[76.57272,12.84391,0],[76.57311,12.84415,0],[76.57335,12.84452,0],[76.57364,12.84483,0],[76.57395,12.84495,0],[76.57452,12.845,0],[76.57538,12.84506,0],[76.57605,12.84511,0],[76.57693,12.84524,0],[76.57778,12.84541,0],[76.57783,12.84542,0],[76.57784,12.84542,0],[76.57791,12.84544,0],[76.57791,12.84544,0],[76.57835,12.84554,0],[76.57848,12.84566,0],[76.57857,12.84574,0],[76.57859,12.84578,0],[76.57867,12.84602,0],[76.57866,12.84617,0],[76.57866,12.8463,0],[76.57863,12.84673,0],[76.57863,12.84675,0],[76.57862,12.84681,0],[76.5784,12.84801,0],[76.57833,12.84932,0],[76.57832,12.85141,0],[76.57833,12.85187,0],[76.57831,12.85274,0],[76.5783,12.85322,0],[76.57831,12.85405,0],[76.57831,12.85405,0],[76.57833,12.85503,0],[76.57832,12.85534,0],[76.57832,12.85534,0],[76.57832,12.85548,0],[76.5783,12.85639,0],[76.57829,12.85694,0],[76.57828,12.85746,0],[76.57823,12.85791,0],[76.57816,12.85861,0],[76.57806,12.85932,0],[76.57805,12.85936,0],[76.5779,12.86017,0],[76.57774,12.86083,0],[76.57747,12.86201,0],[76.57722,12.86267,0],[76.57697,12.8632,0],[76.57697,12.8632,0],[76.5769,12.86334,0],[76.57658,12.86399,0],[76.57658,12.864,0],[76.57644,12.86452,0],[76.57644,12.86452,0],[76.57644,12.86452,0],[76.57647,12.86482,0],[76.57663,12.86506,0],[76.57664,12.86509,0],[76.57696,12.86557,0],[76.57763,12.86636,0],[76.57774,12.86649,0],[76.57806,12.86685,0],[76.57888,12.86778,0],[76.57957,12.86853,0],[76.57974,12.86871,0],[76.57996,12.86893,0],[76.58049,12.86936,0],[76.58089,12.86983,0],[76.58089,12.86984,0],[76.58097,12.87013,0],[76.58097,12.87014,0],[76.58097,12.87014,0],[76.58082,12.87042,0],[76.58082,12.87043,0],[76.58079,12.87047,0],[76.58053,12.87087,0],[76.58006,12.87139,0],[76.57992,12.87179,0],[76.58032,12.8719,0],[76.58052,12.87189,0],[76.58127,12.87188,0],[76.58216,12.87182,0],[76.58289,12.87176,0],[76.58306,12.87175,0],[76.58323,12.87174,0],[76.58323,12.87174,0],[76.58372,12.87178,0],[76.58393,12.87184,0],[76.58418,12.87193,0],[76.58474,12.87228,0],[76.58474,12.87228,0],[76.58509,12.87252,0],[76.58575,12.87297,0],[76.58657,12.87361,0],[76.58723,12.87407,0],[76.58728,12.87411,0],[76.58769,12.8744,0],[76.58769,12.8744,0],[76.58805,12.87449,0],[76.58829,12.87441,0],[76.58849,12.87434,0],[76.58886,12.87444,0],[76.58886,12.87444,0],[76.589,12.87452,0],[76.58938,12.87473,0],[76.59006,12.87514,0],[76.59008,12.87515,0],[76.59013,12.87518,0],[76.59075,12.87563,0],[76.591,12.8758,0],[76.59181,12.87635,0],[76.59303,12.87709,0],[76.59405,12.87769,0],[76.59494,12.87838,0],[76.59547,12.87866,0],[76.5956,12.87872,0],[76.59567,12.87876,0],[76.59623,12.87901,0],[76.59678,12.87922,0],[76.59731,12.87946,0],[76.59731,12.87946,0],[76.59764,12.87975,0],[76.59749,12.88004,0],[76.59705,12.88053,0],[76.59705,12.88053,0],[76.59692,12.88067,0],[76.59669,12.88098,0],[76.59615,12.88173,0],[76.59464,12.8837,0],[76.59429,12.88429,0],[76.59429,12.88429,0],[76.59415,12.88453,0],[76.59367,12.88533,0],[76.59348,12.88562,0],[76.5931,12.88624,0],[76.59295,12.88653,0],[76.5926,12.88719,0],[76.5925,12.8874,0],[76.59241,12.88758,0],[76.5922,12.8881,0],[76.59205,12.88847,0],[76.59198,12.88859,0],[76.5918,12.88891,0],[76.59178,12.88899,0],[76.59167,12.88946,0],[76.59171,12.88984,0],[76.59179,12.89018,0],[76.59196,12.89054,0],[76.59196,12.89054,0],[76.59212,12.8908,0],[76.59219,12.89089,0],[76.5925,12.89127,0],[76.59291,12.89182,0],[76.59339,12.89244,0],[76.59393,12.8932,0],[76.59417,12.89358,0],[76.5944,12.89396,0],[76.59467,12.89444,0],[76.59476,12.89461,0],[76.59501,12.89505,0],[76.59534,12.89565,0],[76.59562,12.89613,0],[76.59584,12.89651,0],[76.59607,12.89694,0],[76.59626,12.89729,0],[76.59669,12.89819,0],[76.59695,12.89861,0],[76.59722,12.89887,0],[76.59756,12.89904,0],[76.5983,12.89921,0],[76.59889,12.89945,0],[76.59889,12.89945,0],[76.59889,12.89945,0],[76.59909,12.89965,0],[76.59909,12.89966,0],[76.59943,12.90034,0],[76.59948,12.90048,0],[76.59976,12.90127,0],[76.60011,12.90233,0],[76.60033,12.90306,0],[76.60038,12.90359,0],[76.60033,12.9039,0],[76.60029,12.9042,0],[76.60028,12.90423,0],[76.60019,12.90467,0],[76.6001,12.90514,0],[76.5998,12.90663,0],[76.59979,12.90668,0],[76.59978,12.90672,0],[76.59955,12.90786,0],[76.59934,12.90864,0],[76.59933,12.90869,0],[76.59932,12.90875,0],[76.59932,12.90875,0],[76.59915,12.9095,0],[76.59907,12.91002,0],[76.59901,12.91069,0],[76.599,12.91092,0],[76.59897,12.91127,0],[76.5989,12.91167,0],[76.59866,12.91215,0],[76.59848,12.91251,0],[76.59792,12.9136,0],[76.59789,12.91364,0],[76.59789,12.91364,0],[76.59763,12.91402,0],[76.59752,12.91422,0],[76.59734,12.91453,0],[76.59718,12.91499,0],[76.59711,12.91545,0],[76.59707,12.91583,0],[76.59704,12.9162,0],[76.59702,12.91717,0],[76.59705,12.91773,0],[76.59705,12.91794,0],[76.59708,12.91872,0],[76.5971,12.91911,0],[76.59711,12.91926,0],[76.59715,12.91953,0],[76.59721,12.91988,0],[76.59732,12.92026,0],[76.59733,12.92027,0],[76.59733,12.92027,0],[76.59752,12.92059,0],[76.59752,12.92059,0],[76.59754,12.92062,0],[76.5983,12.92134,0],[76.59836,12.92139,0],[76.59842,12.92144,0],[76.59861,12.9216,0],[76.59898,12.9219,0],[76.59966,12.92235,0],[76.59967,12.92236,0],[76.59968,12.92236,0],[76.60007,12.92251,0],[76.60007,12.92251,0],[76.60033,12.92248,0],[76.60033,12.92248,0],[76.60085,12.9224,0],[76.60112,12.92234,0],[76.60159,12.92224,0],[76.60289,12.92199,0],[76.60289,12.92199,0],[76.60291,12.92199,0],[76.60337,12.92191,0],[76.60337,12.92191,0],[76.60337,12.92191,0],[76.60383,12.92202,0],[76.60403,12.92252,0],[76.60403,12.92252,0],[76.60409,12.92311,0],[76.60415,12.92367,0],[76.60418,12.92393,0],[76.60425,12.92447,0],[76.60431,12.92486,0],[76.60435,12.92515,0],[76.60449,12.92627,0],[76.60464,12.92719,0],[76.60475,12.92758,0],[76.605,12.92858,0],[76.60507,12.92886,0],[76.60517,12.92934,0],[76.60545,12.93075,0],[76.60569,12.93188,0],[76.60577,12.93229,0],[76.60615,12.93414,0],[76.60639,12.93535,0],[76.60656,12.93637,0],[76.60672,12.93698,0],[76.60673,12.93699,0],[76.60673,12.93699,0],[76.6071,12.93722,0],[76.60786,12.93711,0],[76.60861,12.93698,0],[76.60944,12.93684,0],[76.61026,12.93667,0],[76.61105,12.93651,0],[76.61327,12.93614,0],[76.61343,12.93612,0],[76.61461,12.936,0],[76.61499,12.93595,0],[76.61548,12.93589,0],[76.61619,12.93582,0],[76.61672,12.93591,0],[76.617,12.93613,0],[76.61707,12.9363,0],[76.61713,12.93644,0],[76.6172,12.93686,0],[76.61725,12.93713,0],[76.61736,12.93774,0],[76.61763,12.93892,0],[76.61763,12.93892,0],[76.61766,12.93907,0],[76.61803,12.9406,0],[76.61845,12.94224,0],[76.61865,12.94309,0],[76.6188,12.94379,0],[76.61886,12.94448,0],[76.61887,12.94486,0],[76.61888,12.94518,0],[76.61888,12.94556,0],[76.61883,12.94671,0],[76.61881,12.94758,0],[76.6188,12.94806,0],[76.61875,12.94863,0],[76.61868,12.94981,0],[76.6186,12.95059,0],[76.61857,12.95085,0],[76.61846,12.95166,0],[76.61844,12.95183,0],[76.61835,12.9524,0],[76.61833,12.95274,0],[76.61829,12.95337,0],[76.61828,12.95339,0],[76.61814,12.95375,0],[76.6179,12.9539,0],[76.61755,12.95397,0],[76.61721,12.95403,0],[76.61699,12.95409,0],[76.61686,12.95412,0],[76.61653,12.95427,0],[76.61597,12.95465,0],[76.61584,12.95475,0],[76.61546,12.95502,0],[76.61484,12.95538,0],[76.6144,12.9557,0],[76.61433,12.95574,0],[76.61392,12.95605,0],[76.61351,12.95651,0],[76.61315,12.9569,0],[76.61315,12.95691,0],[76.61285,12.95741,0],[76.61268,12.95785,0],[76.61262,12.958,0],[76.61257,12.95812,0],[76.61244,12.95844,0],[76.6123,12.95881,0],[76.61225,12.95906,0],[76.61225,12.95921,0],[76.61226,12.95937,0],[76.61229,12.95963,0],[76.61232,12.95984,0],[76.61237,12.96051,0],[76.61244,12.9616,0],[76.61246,12.96235,0],[76.61247,12.96263,0],[76.61248,12.96307,0],[76.61248,12.9636,0],[76.61248,12.96361,0],[76.61248,12.96361,0],[76.61262,12.96396,0],[76.61297,12.96408,0],[76.61353,12.96407,0],[76.61445,12.964,0],[76.61483,12.96397,0],[76.61569,12.96389,0],[76.61624,12.96383,0],[76.61653,12.96381,0],[76.6169,12.96379,0],[76.61736,12.96378,0],[76.61789,12.96382,0],[76.61799,12.96383,0],[76.61799,12.96383,0],[76.61876,12.96395,0],[76.61991,12.96416,0],[76.62054,12.96421,0],[76.62094,12.96424,0],[76.6213,12.96427,0],[76.6216,12.9643,0],[76.62213,12.96439,0],[76.62224,12.96443,0],[76.62259,12.96458,0],[76.62299,12.96484,0],[76.62345,12.9652,0],[76.62422,12.96594,0],[76.62503,12.96665,0],[76.6251,12.96671,0],[76.6251,12.96671,0],[76.62562,12.96714,0],[76.62601,12.96737,0],[76.62646,12.96764,0],[76.62683,12.96786,0],[76.62739,12.96836,0],[76.62742,12.96839,0],[76.62795,12.969,0],[76.62826,12.96937,0],[76.62853,12.96971,0],[76.62875,12.96994,0],[76.62898,12.97019,0],[76.62941,12.97077,0],[76.62965,12.97115,0],[76.62968,12.97121,0],[76.6297,12.97122,0],[76.62993,12.97148,0],[76.63012,12.97154,0],[76.63018,12.97156,0],[76.6305,12.97161,0],[76.6305,12.97161,0],[76.63051,12.97161,0],[76.63099,12.97156,0],[76.6313,12.97148,0],[76.63169,12.97142,0],[76.63169,12.97142,0],[76.63169,12.97142,0],[76.6319,12.97144,0],[76.63199,12.97145,0],[76.63223,12.9716,0],[76.63223,12.97161,0],[76.63225,12.97163,0],[76.63242,12.97184,0],[76.63254,12.97208,0],[76.63256,12.97229,0],[76.63257,12.97236,0],[76.63256,12.97247,0],[76.63254,12.97288,0],[76.63242,12.97357,0],[76.63229,12.97404,0],[76.63224,12.97424,0],[76.6321,12.97481,0],[76.63203,12.97531,0],[76.632,12.97659,0],[76.63205,12.97735,0],[76.63207,12.97756,0],[76.63216,12.97836,0],[76.63216,12.97895,0],[76.63216,12.97929,0],[76.63212,12.97984,0],[76.63217,12.98019,0],[76.63218,12.9802,0],[76.63235,12.98041,0],[76.63265,12.98044,0],[76.6333,12.9802,0],[76.63341,12.98017,0],[76.63374,12.98008,0],[76.63411,12.98004,0],[76.63411,12.98004,0],[76.63443,12.98024,0],[76.63447,12.98074,0],[76.63451,12.98118,0],[76.63452,12.98124,0],[76.63456,12.98191,0],[76.63456,12.98246,0],[76.63455,12.98273,0],[76.63455,12.98289,0],[76.63441,12.98355,0],[76.63428,12.98427,0],[76.63424,12.98438,0],[76.63416,12.98464,0],[76.63406,12.98514,0],[76.63406,12.98514,0],[76.63396,12.98559,0],[76.63381,12.98605,0],[76.63363,12.98656,0],[76.63323,12.98787,0],[76.63307,12.9885,0],[76.63307,12.9885,0],[76.63306,12.98854,0],[76.63293,12.98918,0],[76.63288,12.98956,0],[76.63278,12.99018,0],[76.6327,12.99059,0],[76.6327,12.99064,0],[76.63272,12.99097,0],[76.63272,12.99098,0],[76.63272,12.99098,0],[76.6329,12.99146,0],[76.63303,12.99176,0],[76.63303,12.99178,0],[76.63297,12.99204,0],[76.63261,12.99226,0],[76.63261,12.99226,0],[76.63251,12.99229,0],[76.63196,12.99248,0],[76.63166,12.99257,0],[76.63132,12.99268,0],[76.63091,12.9929,0],[76.63078,12.99323,0],[76.63085,12.9935,0],[76.631,12.99385,0],[76.63128,12.9944,0],[76.63137,12.99457,0],[76.6318,12.99586,0],[76.63202,12.99682,0],[76.63202,12.99684,0],[76.63219,12.9975,0],[76.63233,12.99804,0],[76.63247,12.99861,0],[76.63258,12.99905,0],[76.63331,13.00002,0],[76.63322,13.0016,0],[76.63329,13.00313,0],[76.63329,13.00313,0],[76.63284,13.00323,0],[76.63136,13.00347,0],[76.62811,13.0043,0],[76.62549,13.00497,0],[76.62307,13.00601,0],[76.62135,13.0068,0],[76.62006,13.0076,0],[76.61967,13.00757,0],[76.61905,13.00738,0],[76.6185,13.00712,0],[76.61629,13.00604,0],[76.61407,13.00471,0],[76.61377,13.00479,0],[76.61289,13.00555,0],[76.61018,13.00794,0],[76.6078,13.01092,0],[76.60657,13.01251,0],[76.60551,13.01499,0],[76.60528,13.01604,0],[76.60525,13.01648,0],[76.60538,13.01683,0],[76.60618,13.01904,0],[76.6084,13.0241,0],[76.60947,13.02807,0],[76.6099,13.02985,0],[76.60899,13.0314,0],[76.60825,13.03268,0],[76.60887,13.03535,0],[76.60887,13.03608,0],[76.60884,13.03646,0],[76.60848,13.03682,0],[76.60468,13.03835,0],[76.60305,13.039,0],[76.60358,13.04081,0],[76.60422,13.04297,0],[76.60452,13.04496,0],[76.6047,13.04614,0],[76.6048,13.0468,0],[76.60587,13.05068,0],[76.60696,13.0536,0],[76.60734,13.05364,0],[76.60815,13.05355,0],[76.61245,13.05336,0],[76.61758,13.05301,0],[76.62022,13.0529,0],[76.6207,13.05288,0],[76.62029,13.05525,0],[76.6198,13.05751,0],[76.61894,13.06233,0],[76.61872,13.0626,0],[76.61817,13.063,0],[76.61714,13.06328,0],[76.61656,13.06365,0],[76.61588,13.06434,0],[76.61346,13.06672,0],[76.61297,13.06705,0],[76.61128,13.06819,0],[76.60892,13.06976,0],[76.60522,13.07181,0],[76.60338,13.0729,0],[76.6025,13.07301,0],[76.59859,13.07331,0],[76.59622,13.07346,0],[76.59401,13.07353,0],[76.59347,13.07351,0],[76.59302,13.0735,0],[76.59221,13.07285,0],[76.58996,13.07113,0],[76.5873,13.06933,0],[76.58681,13.06924,0],[76.58589,13.0693,0],[76.5832,13.07031,0],[76.58191,13.07063,0],[76.5783,13.07152,0],[76.5725,13.07296,0],[76.56943,13.0738,0],[76.56787,13.07433,0],[76.56712,13.0745,0],[76.56659,13.07447,0],[76.56554,13.07438,0],[76.56258,13.07422,0],[76.55965,13.07428,0],[76.55928,13.07433,0],[76.55811,13.07449,0],[76.5574,13.07464,0],[76.55525,13.0754,0],[76.55389,13.07565,0],[76.55317,13.07578,0],[76.55013,13.07593,0],[76.54494,13.0761,0],[76.54294,13.07604,0],[76.54201,13.07601,0],[76.54081,13.07613,0],[76.54001,13.07613,0],[76.53863,13.07601,0],[76.53629,13.07601,0],[76.53473,13.07627,0],[76.53254,13.07703,0],[76.53009,13.07749,0],[76.52919,13.07766,0],[76.52686,13.07783,0],[76.52428,13.07774,0],[76.52375,13.07761,0],[76.5236,13.07738,0],[76.52326,13.07578,0],[76.52301,13.07319,0],[76.52286,13.07259,0],[76.5221,13.07182,0],[76.51884,13.06908,0],[76.51675,13.06778,0],[76.51628,13.06748,0],[76.51563,13.06769,0],[76.51493,13.06796,0],[76.51447,13.06829,0],[76.51411,13.06884,0],[76.51358,13.06966,0],[76.51159,13.07238,0],[76.50977,13.07431,0],[76.50758,13.07599,0],[76.50576,13.07713,0],[76.50426,13.07802,0],[76.5036,13.07855,0],[76.50127,13.08127,0],[76.49994,13.08286,0],[76.49919,13.08308,0],[76.49828,13.08363,0],[76.49673,13.08485,0],[76.49613,13.08536,0],[76.49598,13.0857,0],[76.49602,13.08606,0],[76.49592,13.08734,0],[76.49554,13.09022,0],[76.49526,13.09217,0],[76.49514,13.09301,0],[76.49493,13.09332,0],[76.49439,13.09346,0],[76.49361,13.0935,0],[76.49258,13.09342,0],[76.49126,13.09323,0],[76.49081,13.09312,0],[76.4894,13.09262,0],[76.48582,13.09121,0],[76.48557,13.09111,0],[76.48428,13.09058,0],[76.48254,13.08995,0],[76.48141,13.08994,0],[76.48015,13.08985,0],[76.47883,13.08996,0],[76.47803,13.09021,0],[76.47675,13.09058,0],[76.4752,13.09113,0],[76.47343,13.09145,0],[76.47301,13.09151,0],[76.47294,13.09186,0],[76.47303,13.0924,0],[76.47334,13.09325,0],[76.47356,13.09413,0],[76.47356,13.09472,0],[76.47348,13.0955,0],[76.47325,13.09601,0],[76.47291,13.09679,0],[76.47228,13.09906,0],[76.47205,13.10039,0],[76.47167,13.10264,0],[76.47146,13.10371,0],[76.47104,13.10587,0],[76.47104,13.1064,0],[76.47095,13.10797,0],[76.47073,13.10889,0],[76.4705,13.11033,0],[76.47047,13.1107,0],[76.47028,13.11271,0],[76.47021,13.11356,0],[76.4699,13.11537,0],[76.46933,13.11758,0],[76.46931,13.1179,0],[76.46929,13.1185,0],[76.46948,13.11967,0],[76.4696,13.12085,0],[76.46964,13.12185,0],[76.46967,13.12661,0],[76.46986,13.13006,0],[76.4701,13.13396,0],[76.4701,13.13469,0],[76.47036,13.13669,0],[76.47032,13.13702,0],[76.46996,13.13706,0],[76.47028,13.13813,0],[76.4711,13.14004,0],[76.47153,13.14107,0],[76.4721,13.14251,0],[76.47221,13.14281,0],[76.47314,13.14539,0],[76.47363,13.14709,0],[76.47369,13.14794,0],[76.47329,13.14812,0],[76.47288,13.14812,0],[76.47218,13.14814,0],[76.46177,13.14818,0],[76.46132,13.14815,0],[76.46105,13.14811,0],[76.46075,13.14792,0],[76.45996,13.14759,0],[76.45947,13.14733,0],[76.45921,13.14711,0],[76.45879,13.14711,0],[76.45853,13.14729,0],[76.45776,13.14757,0],[76.45749,13.14767,0],[76.45654,13.14786,0],[76.45571,13.14815,0],[76.45541,13.14841,0],[76.4553,13.14889,0],[76.45528,13.14923,0],[76.45522,13.15022,0],[76.45502,13.15243,0],[76.45493,13.15341,0],[76.45466,13.15365,0],[76.45406,13.15363,0],[76.45277,13.15363,0],[76.45219,13.15372,0],[76.45213,13.15418,0],[76.45206,13.15591,0],[76.45213,13.15706,0],[76.45193,13.15731,0],[76.45152,13.15739,0],[76.45137,13.15783,0],[76.45107,13.15798,0],[76.45003,13.15818,0],[76.4495,13.15825,0],[76.44931,13.15862,0],[76.44935,13.1601,0],[76.44916,13.1605,0],[76.44859,13.16083,0],[76.44778,13.16146,0],[76.44678,13.16241,0],[76.44609,13.16289,0],[76.44577,13.16346,0],[76.44554,13.16461,0],[76.44542,13.16734,0],[76.44516,13.1677,0],[76.44474,13.16782,0],[76.44402,13.16792,0],[76.44346,13.16792,0],[76.44263,13.16814,0],[76.44102,13.16849,0]]]},"properties":{"RANGE":"CHANNARAYAPATNA"}},
{"type":"Feature","geometry":{"type":"Polygon","coordinates":[[[76.15937,13.15903,0],[76.15864,13.15983,0],[76.15799,13.16071,0],[76.15709,13.16301,0],[76.15707,13.16347,0],[76.15701,13.16476,0],[76.15702,13.16562,0],[76.15656,13.16598,0],[76.15627,13.16629,0],[76.15608,13.16654,0],[76.15607,13.16691,0],[76.15633,13.16736,0],[76.1566,13.16776,0],[76.15692,13.16806,0],[76.15711,13.16846,0],[76.15715,13.16886,0],[76.15721,13.16914,0],[76.15733,13.16947,0],[76.15733,13.16977,0],[76.1572,13.17,0],[76.15705,13.17027,0],[76.15715,13.17065,0],[76.1574,13.17094,0],[76.15739,13.17126,0],[76.15721,13.17154,0],[76.15687,13.17206,0],[76.15666,13.17254,0],[76.15642,13.17301,0],[76.15616,13.17355,0],[76.1558,13.17422,0],[76.15546,13.17502,0],[76.15519,13.17549,0],[76.15487,13.17581,0],[76.15446,13.176,0],[76.15396,13.17624,0],[76.15354,13.17638,0],[76.15316,13.17637,0],[76.15291,13.17619,0],[76.15254,13.1756,0],[76.15216,13.17493,0],[76.15183,13.17435,0],[76.15149,13.17384,0],[76.15121,13.17339,0],[76.15097,13.1728,0],[76.15079,13.17228,0],[76.15053,13.17174,0],[76.15019,13.17116,0],[76.14986,13.17064,0],[76.14952,13.17009,0],[76.14917,13.1695,0],[76.14889,13.16898,0],[76.14872,13.16866,0],[76.14855,13.16832,0],[76.14841,13.168,0],[76.14825,13.16757,0],[76.14816,13.1667,0],[76.14815,13.16609,0],[76.14811,13.16554,0],[76.14796,13.16371,0],[76.14755,13.16366,0],[76.14736,13.16341,0],[76.1473,13.16312,0],[76.1472,13.16264,0],[76.14712,13.16211,0],[76.14711,13.16169,0],[76.14711,13.16124,0],[76.14718,13.16069,0],[76.14733,13.16011,0],[76.14748,13.15964,0],[76.14762,13.15929,0],[76.14791,13.15907,0],[76.14759,13.15665,0],[76.14742,13.15416,0],[76.14722,13.15327,0],[76.14674,13.15212,0],[76.146,13.15066,0],[76.14571,13.14926,0],[76.14555,13.14817,0],[76.14542,13.14723,0],[76.1454,13.14652,0],[76.14534,13.14582,0],[76.14519,13.14465,0],[76.14513,13.14412,0],[76.14523,13.14382,0],[76.14535,13.14347,0],[76.14536,13.14291,0],[76.1453,13.14241,0],[76.14507,13.14214,0],[76.14486,13.14189,0],[76.14472,13.14157,0],[76.14481,13.14117,0],[76.14491,13.14086,0],[76.14485,13.14046,0],[76.14447,13.14037,0],[76.14408,13.14007,0],[76.14349,13.13993,0],[76.14297,13.13974,0],[76.1425,13.13953,0],[76.14222,13.13948,0],[76.14182,13.13956,0],[76.14174,13.13986,0],[76.14183,13.14052,0],[76.14186,13.14094,0],[76.14182,13.14147,0],[76.14159,13.1417,0],[76.14108,13.14191,0],[76.14042,13.14191,0],[76.13988,13.14186,0],[76.13912,13.14141,0],[76.13866,13.14127,0],[76.13819,13.14123,0],[76.13783,13.14126,0],[76.13717,13.1414,0],[76.13658,13.14156,0],[76.13551,13.14163,0],[76.13443,13.14157,0],[76.13406,13.14135,0],[76.13333,13.14103,0],[76.13299,13.14095,0],[76.13224,13.14011,0],[76.13193,13.13966,0],[76.13174,13.1391,0],[76.1319,13.13846,0],[76.13228,13.13798,0],[76.13253,13.13772,0],[76.13291,13.13754,0],[76.13319,13.13741,0],[76.13324,13.13704,0],[76.13256,13.13366,0],[76.13186,13.13086,0],[76.13071,13.12845,0],[76.12937,13.12515,0],[76.12914,13.12484,0],[76.12881,13.12442,0],[76.12831,13.12319,0],[76.12799,13.12275,0],[76.12787,13.12244,0],[76.12773,13.12205,0],[76.12737,13.12108,0],[76.1273,13.12072,0],[76.12766,13.12001,0],[76.12776,13.11856,0],[76.12779,13.11811,0],[76.12803,13.11683,0],[76.12811,13.11638,0],[76.12801,13.11613,0],[76.12787,13.1158,0],[76.12683,13.1154,0],[76.12499,13.11468,0],[76.12399,13.11442,0],[76.12305,13.11416,0],[76.12253,13.11389,0],[76.1221,13.11362,0],[76.1218,13.11357,0],[76.1215,13.11351,0],[76.12016,13.11387,0],[76.11924,13.11437,0],[76.1189,13.11443,0],[76.11857,13.11436,0],[76.11806,13.11394,0],[76.11779,13.11289,0],[76.11777,13.11202,0],[76.11766,13.11041,0],[76.11752,13.10681,0],[76.11736,13.10509,0],[76.11726,13.10386,0],[76.11697,13.10049,0],[76.11696,13.09829,0],[76.11695,13.09648,0],[76.11702,13.09547,0],[76.11703,13.09463,0],[76.1168,13.09425,0],[76.11631,13.0942,0],[76.11595,13.09422,0],[76.11537,13.09439,0],[76.11311,13.09421,0],[76.11093,13.09477,0],[76.10819,13.09559,0],[76.10545,13.09627,0],[76.10541,13.0957,0],[76.10341,13.09474,0],[76.10028,13.09287,0],[76.09843,13.09323,0],[76.09818,13.09328,0],[76.09658,13.09348,0],[76.09663,13.0959,0],[76.09665,13.0966,0],[76.09561,13.09832,0],[76.0939,13.0997,0],[76.09368,13.10009,0],[76.09355,13.10031,0],[76.09268,13.10541,0],[76.09238,13.10612,0],[76.09164,13.10665,0],[76.08936,13.10835,0],[76.08824,13.10858,0],[76.08749,13.10838,0],[76.08695,13.10843,0],[76.08665,13.10896,0],[76.08614,13.11071,0],[76.08589,13.11141,0],[76.08615,13.11149,0],[76.08646,13.11159,0],[76.08717,13.11179,0],[76.08844,13.11269,0],[76.0901,13.11366,0],[76.09109,13.1142,0],[76.09182,13.11501,0],[76.09174,13.11554,0],[76.09144,13.11576,0],[76.09082,13.11629,0],[76.09061,13.11691,0],[76.09067,13.11743,0],[76.09137,13.11946,0],[76.09212,13.12176,0],[76.09223,13.12276,0],[76.09199,13.12398,0],[76.09156,13.12568,0],[76.09152,13.12627,0],[76.09138,13.12808,0],[76.0912,13.13065,0],[76.09052,13.13219,0],[76.0897,13.13368,0],[76.08923,13.13439,0],[76.08839,13.13492,0],[76.08794,13.13485,0],[76.08732,13.13468,0],[76.08659,13.13417,0],[76.08614,13.13366,0],[76.08552,13.13354,0],[76.08392,13.13361,0],[76.08324,13.13353,0],[76.08073,13.13223,0],[76.07793,13.13058,0],[76.07487,13.13222,0],[76.07381,13.13261,0],[76.07357,13.1339,0],[76.07343,13.13413,0],[76.07309,13.13413,0],[76.07282,13.13403,0],[76.0724,13.13363,0],[76.06902,13.13206,0],[76.06628,13.13104,0],[76.06555,13.13049,0],[76.06484,13.13058,0],[76.06172,13.13035,0],[76.05982,13.13029,0],[76.06025,13.13086,0],[76.06331,13.13514,0],[76.06351,13.13555,0],[76.06381,13.13555,0],[76.06338,13.13621,0],[76.06176,13.1376,0],[76.06027,13.13905,0],[76.05843,13.14082,0],[76.05727,13.14174,0],[76.05578,13.14271,0],[76.05184,13.14259,0],[76.05152,13.14284,0],[76.05155,13.14316,0],[76.05178,13.14347,0],[76.05203,13.14379,0],[76.05239,13.1442,0],[76.05255,13.14518,0],[76.05248,13.14562,0],[76.05235,13.14591,0],[76.0521,13.14619,0],[76.0519,13.1467,0],[76.05174,13.14727,0],[76.05174,13.14771,0],[76.0518,13.14831,0],[76.05171,13.1486,0],[76.05122,13.14853,0],[76.05029,13.14802,0],[76.04945,13.14745,0],[76.04916,13.14723,0],[76.04887,13.14739,0],[76.04857,13.14796,0],[76.04844,13.14884,0],[76.04834,13.15125,0],[76.04904,13.15417,0],[76.0492,13.15482,0],[76.04895,13.15495,0],[76.04569,13.15542,0],[76.04343,13.15567,0],[76.0424,13.15469,0],[76.03972,13.15124,0],[76.03714,13.14845,0],[76.03611,13.14788,0],[76.03263,13.14699,0],[76.03046,13.14642,0],[76.02879,13.14588,0],[76.02798,13.14575,0],[76.02601,13.14496,0],[76.02517,13.14464,0],[76.02456,13.1442,0],[76.02401,13.14375,0],[76.02349,13.14321,0],[76.02332,13.14303,0],[76.02411,13.14124,0],[76.02303,13.13955,0],[76.02212,13.13787,0],[76.02185,13.13645,0],[76.02375,13.13565,0],[76.02484,13.13469,0],[76.0284,13.13281,0],[76.02839,13.13163,0],[76.02763,13.13077,0],[76.02928,13.12487,0],[76.02894,13.1253,0],[76.02859,13.12567,0],[76.02822,13.12593,0],[76.02785,13.12605,0],[76.02743,13.12608,0],[76.02711,13.12605,0],[76.02682,13.12592,0],[76.02647,13.12574,0],[76.02583,13.1253,0],[76.02427,13.12435,0],[76.02305,13.12354,0],[76.02223,13.1231,0],[76.02167,13.12265,0],[76.02122,13.12218,0],[76.02085,13.12166,0],[76.02051,13.12104,0],[76.02038,13.12057,0],[76.02027,13.11995,0],[76.02035,13.11948,0],[76.02065,13.11869,0],[76.02078,13.11822,0],[76.02105,13.11734,0],[76.0215,13.11622,0],[76.02174,13.11531,0],[76.02171,13.11477,0],[76.02156,13.11445,0],[76.02134,13.11427,0],[76.02103,13.11419,0],[76.02065,13.11424,0],[76.02039,13.11463,0],[76.0202,13.1152,0],[76.01991,13.11588,0],[76.01975,13.11622,0],[76.01951,13.11635,0],[76.01919,13.11618,0],[76.01907,13.11583,0],[76.01927,13.11525,0],[76.01954,13.1145,0],[76.02007,13.113,0],[76.02034,13.11197,0],[76.02077,13.11104,0],[76.02106,13.11033,0],[76.02167,13.1094,0],[76.0226,13.10828,0],[76.02369,13.10714,0],[76.02428,13.10656,0],[76.02497,13.10583,0],[76.0254,13.10526,0],[76.02566,13.10459,0],[76.02588,13.10391,0],[76.02609,13.10295,0],[76.02625,13.10222,0],[76.02654,13.10113,0],[76.02673,13.10056,0],[76.02689,13.10022,0],[76.02679,13.09989,0],[76.02639,13.09973,0],[76.02559,13.09966,0],[76.02513,13.09955,0],[76.02482,13.09948,0],[76.024,13.09932,0],[76.02291,13.09914,0],[76.02185,13.09898,0],[76.02066,13.09877,0],[76.01941,13.0986,0],[76.01814,13.09839,0],[76.017,13.0981,0],[76.01567,13.09786,0],[76.01488,13.09771,0],[76.01432,13.09768,0],[76.01384,13.09776,0],[76.01358,13.09791,0],[76.01336,13.09815,0],[76.01288,13.09908,0],[76.01235,13.10011,0],[76.01198,13.10075,0],[76.01152,13.10166,0],[76.01107,13.10247,0],[76.01067,13.10325,0],[76.01009,13.10428,0],[76.00958,13.10504,0],[76.0091,13.10608,0],[76.00889,13.10644,0],[76.00856,13.10675,0],[76.00817,13.10681,0],[76.00767,13.10676,0],[76.00676,13.10671,0],[76.00599,13.10671,0],[76.00515,13.10663,0],[76.00408,13.1066,0],[76.00329,13.10655,0],[76.00231,13.10652,0],[76.00111,13.10644,0],[76,13.10638,0],[75.99733,13.10606,0],[75.99635,13.10606,0],[75.99462,13.10609,0],[75.99364,13.10608,0],[75.99336,13.10608,0],[75.99321,13.10587,0],[75.99318,13.10524,0],[75.9933,13.10431,0],[75.99355,13.10304,0],[75.99374,13.10229,0],[75.99359,13.10196,0],[75.99306,13.10154,0],[75.99219,13.10095,0],[75.99185,13.10049,0],[75.99139,13.10016,0],[75.99062,13.09995,0],[75.98979,13.09989,0],[75.98893,13.0997,0],[75.98804,13.0994,0],[75.98721,13.09895,0],[75.98644,13.0984,0],[75.98573,13.09798,0],[75.98467,13.09754,0],[75.98372,13.09706,0],[75.98298,13.09657,0],[75.98259,13.09606,0],[75.98225,13.0954,0],[75.98207,13.09471,0],[75.98216,13.09401,0],[75.98219,13.0935,0],[75.98229,13.09257,0],[75.98226,13.09193,0],[75.98232,13.09157,0],[75.98275,13.09151,0],[75.98355,13.09161,0],[75.98444,13.09161,0],[75.98493,13.09155,0],[75.9853,13.09131,0],[75.9859,13.09081,0],[75.98677,13.09009,0],[75.98769,13.08928,0],[75.98843,13.08865,0],[75.98957,13.08763,0],[75.99016,13.08699,0],[75.99071,13.08648,0],[75.99102,13.08606,0],[75.99133,13.08555,0],[75.99161,13.08528,0],[75.99176,13.08495,0],[75.99164,13.08447,0],[75.99136,13.08407,0],[75.99087,13.08347,0],[75.99024,13.08306,0],[75.98953,13.08291,0],[75.98793,13.08276,0],[75.98686,13.08264,0],[75.98581,13.08281,0],[75.98483,13.08299,0],[75.98397,13.08305,0],[75.98298,13.08308,0],[75.98226,13.08315,0],[75.98177,13.08309,0],[75.98161,13.08276,0],[75.98134,13.08225,0],[75.98103,13.08219,0],[75.98069,13.08207,0],[75.98054,13.08134,0],[75.98046,13.08084,0],[75.97974,13.08074,0],[75.97919,13.08062,0],[75.9787,13.08019,0],[75.97818,13.07947,0],[75.97747,13.07856,0],[75.9767,13.07739,0],[75.97623,13.07656,0],[75.97595,13.07629,0],[75.97555,13.07617,0],[75.97503,13.07625,0],[75.97472,13.07646,0],[75.97463,13.07677,0],[75.97466,13.07728,0],[75.97469,13.07885,0],[75.97475,13.08014,0],[75.97474,13.08083,0],[75.97465,13.08122,0],[75.97434,13.08186,0],[75.97385,13.0824,0],[75.97317,13.08288,0],[75.97305,13.08312,0],[75.97302,13.08345,0],[75.97305,13.08387,0],[75.97306,13.08426,0],[75.97283,13.08447,0],[75.97257,13.0844,0],[75.97241,13.08413,0],[75.97212,13.08369,0],[75.97168,13.08358,0],[75.97103,13.0837,0],[75.97078,13.08391,0],[75.97063,13.08421,0],[75.97043,13.08444,0],[75.97014,13.08448,0],[75.9698,13.08445,0],[75.96881,13.08442,0],[75.96755,13.08445,0],[75.96623,13.08436,0],[75.96491,13.08417,0],[75.96417,13.0839,0],[75.96391,13.08349,0],[75.96382,13.08289,0],[75.96373,13.08174,0],[75.96367,13.08066,0],[75.96352,13.07954,0],[75.9634,13.0787,0],[75.96343,13.07783,0],[75.96362,13.07729,0],[75.96399,13.07653,0],[75.96425,13.07574,0],[75.96444,13.07468,0],[75.96459,13.07435,0],[75.96481,13.07411,0],[75.9653,13.07399,0],[75.96576,13.07396,0],[75.96628,13.07375,0],[75.96659,13.07348,0],[75.96696,13.073,0],[75.96724,13.0724,0],[75.96743,13.07113,0],[75.96749,13.07053,0],[75.96783,13.0702,0],[75.96841,13.07014,0],[75.96884,13.07038,0],[75.96918,13.07053,0],[75.96946,13.07025,0],[75.96975,13.06976,0],[75.96992,13.06945,0],[75.96957,13.06919,0],[75.96889,13.06865,0],[75.96814,13.0682,0],[75.96828,13.06785,0],[75.96825,13.0675,0],[75.9681,13.0672,0],[75.96776,13.06672,0],[75.96764,13.06636,0],[75.9677,13.06585,0],[75.96779,13.06543,0],[75.96773,13.065,0],[75.96758,13.06467,0],[75.96712,13.06428,0],[75.96675,13.06401,0],[75.96638,13.06364,0],[75.96623,13.06343,0],[75.96582,13.06285,0],[75.9656,13.0623,0],[75.96542,13.06155,0],[75.96545,13.06083,0],[75.96552,13.05992,0],[75.9657,13.0592,0],[75.96589,13.0586,0],[75.96629,13.05797,0],[75.96681,13.05724,0],[75.96712,13.05673,0],[75.96761,13.05613,0],[75.96789,13.05562,0],[75.96789,13.05532,0],[75.96736,13.05449,0],[75.96671,13.05386,0],[75.96658,13.05362,0],[75.96769,13.05243,0],[75.96888,13.05125,0],[75.97047,13.04964,0],[75.97159,13.04858,0],[75.97241,13.04773,0],[75.97285,13.04728,0],[75.97325,13.0466,0],[75.97375,13.04568,0],[75.97423,13.04471,0],[75.97494,13.04341,0],[75.97558,13.0422,0],[75.97616,13.04109,0],[75.97664,13.04041,0],[75.97712,13.03957,0],[75.97759,13.03843,0],[75.97791,13.03785,0],[75.97857,13.03695,0],[75.97938,13.03602,0],[75.98018,13.03504,0],[75.98088,13.03413,0],[75.98186,13.03304,0],[75.98242,13.03216,0],[75.98292,13.03142,0],[75.98318,13.03118,0],[75.9835,13.03109,0],[75.98416,13.03113,0],[75.98515,13.03111,0],[75.98548,13.03113,0],[75.98578,13.03122,0],[75.98625,13.0315,0],[75.98693,13.03184,0],[75.98789,13.03236,0],[75.98854,13.03281,0],[75.98977,13.03347,0],[75.99076,13.03409,0],[75.99195,13.03469,0],[75.99286,13.03515,0],[75.9936,13.03556,0],[75.99413,13.0359,0],[75.99472,13.03632,0],[75.99531,13.03688,0],[75.99569,13.03735,0],[75.99607,13.03758,0],[75.99639,13.0376,0],[75.99668,13.0376,0],[75.99744,13.03764,0],[75.99788,13.03768,0],[75.9983,13.03766,0],[75.99905,13.0371,0],[75.99941,13.03576,0],[75.99945,13.03363,0],[76.00013,13.03159,0],[76.00062,13.03145,0],[76.00095,13.03122,0],[76.00124,13.03092,0],[76.00158,13.03049,0],[76.00196,13.03005,0],[76.00225,13.02991,0],[76.00259,13.02978,0],[76.00308,13.02963,0],[76.00375,13.02947,0],[76.00431,13.02936,0],[76.00478,13.02923,0],[76.00512,13.02915,0],[76.00544,13.02914,0],[76.00589,13.02931,0],[76.0062,13.02923,0],[76.00633,13.02889,0],[76.00646,13.02867,0],[76.00677,13.0286,0],[76.00707,13.0286,0],[76.00764,13.02852,0],[76.00838,13.02854,0],[76.00883,13.02857,0],[76.00919,13.02861,0],[76.00947,13.02869,0],[76.00983,13.02893,0],[76.0103,13.0293,0],[76.01078,13.02967,0],[76.0113,13.03009,0],[76.01179,13.03047,0],[76.0127,13.03113,0],[76.01322,13.0316,0],[76.01365,13.03192,0],[76.01421,13.03236,0],[76.01486,13.03283,0],[76.01529,13.03316,0],[76.01576,13.0335,0],[76.01618,13.03394,0],[76.01635,13.03418,0],[76.01648,13.03444,0],[76.01652,13.03471,0],[76.01653,13.03516,0],[76.01662,13.0355,0],[76.01688,13.03562,0],[76.01724,13.03562,0],[76.01786,13.03563,0],[76.01814,13.03564,0],[76.01848,13.03565,0],[76.01872,13.03556,0],[76.01894,13.03525,0],[76.01945,13.03502,0],[76.02014,13.03497,0],[76.02049,13.03466,0],[76.0208,13.03406,0],[76.02104,13.03337,0],[76.02107,13.0331,0],[76.02105,13.0327,0],[76.02103,13.03232,0],[76.021,13.03169,0],[76.02105,13.0311,0],[76.02114,13.03044,0],[76.02123,13.02986,0],[76.02133,13.02919,0],[76.02145,13.02819,0],[76.02147,13.02766,0],[76.02157,13.0271,0],[76.02167,13.02638,0],[76.0217,13.02608,0],[76.02181,13.02531,0],[76.02205,13.02507,0],[76.02239,13.02492,0],[76.0227,13.02485,0],[76.02299,13.02466,0],[76.0231,13.02434,0],[76.02314,13.02401,0],[76.0232,13.02346,0],[76.02316,13.02272,0],[76.02299,13.02229,0],[76.02293,13.02193,0],[76.02302,13.02151,0],[76.02333,13.02082,0],[76.02353,13.02032,0],[76.02385,13.0195,0],[76.02399,13.01907,0],[76.02416,13.01854,0],[76.02425,13.01808,0],[76.02431,13.01767,0],[76.02431,13.01725,0],[76.02427,13.01655,0],[76.02423,13.01598,0],[76.0242,13.01561,0],[76.02423,13.01527,0],[76.02431,13.01493,0],[76.02448,13.01422,0],[76.02458,13.0137,0],[76.02467,13.01333,0],[76.0249,13.0131,0],[76.02518,13.01305,0],[76.02545,13.01298,0],[76.02607,13.01289,0],[76.02674,13.01279,0],[76.02739,13.01274,0],[76.02798,13.01265,0],[76.02862,13.01264,0],[76.02875,13.01309,0],[76.0289,13.01342,0],[76.02928,13.01351,0],[76.02956,13.01345,0],[76.02989,13.01343,0],[76.03036,13.01337,0],[76.03085,13.01322,0],[76.03104,13.01292,0],[76.0311,13.01259,0],[76.0311,13.01224,0],[76.03117,13.0118,0],[76.03151,13.0116,0],[76.03186,13.0116,0],[76.0324,13.01161,0],[76.0331,13.01162,0],[76.03373,13.01161,0],[76.03436,13.01161,0],[76.03465,13.01166,0],[76.03501,13.01171,0],[76.0354,13.01184,0],[76.03575,13.01212,0],[76.03606,13.01246,0],[76.03648,13.01291,0],[76.03693,13.01331,0],[76.03741,13.01357,0],[76.03783,13.01372,0],[76.03819,13.01382,0],[76.03847,13.01393,0],[76.03871,13.01414,0],[76.03889,13.01433,0],[76.03915,13.01433,0],[76.03927,13.0141,0],[76.03939,13.01367,0],[76.03947,13.01296,0],[76.03953,13.01228,0],[76.03961,13.01143,0],[76.03964,13.01099,0],[76.03969,13.01044,0],[76.03975,13.00993,0],[76.03983,13.00952,0],[76.04,13.00901,0],[76.04022,13.00838,0],[76.04041,13.00773,0],[76.04045,13.00738,0],[76.04047,13.00695,0],[76.04057,13.00638,0],[76.04073,13.00569,0],[76.0409,13.00517,0],[76.04107,13.00456,0],[76.04118,13.00416,0],[76.04124,13.00382,0],[76.04125,13.00343,0],[76.0412,13.00295,0],[76.0411,13.00231,0],[76.04101,13.00174,0],[76.04086,13.00139,0],[76.04046,13.00115,0],[76.04005,13.00102,0],[76.0395,13.00088,0],[76.03892,13.00072,0],[76.03842,13.00057,0],[76.03825,13.00029,0],[76.03824,13.00002,0],[76.03819,12.9993,0],[76.03831,12.99872,0],[76.03862,12.99736,0],[76.03905,12.99557,0],[76.03916,12.99504,0],[76.03926,12.99447,0],[76.03936,12.99415,0],[76.03953,12.99386,0],[76.03989,12.99342,0],[76.04012,12.99319,0],[76.04015,12.99286,0],[76.03997,12.99258,0],[76.03896,12.99186,0],[76.03785,12.99116,0],[76.03712,12.99066,0],[76.03564,12.98954,0],[76.03475,12.98892,0],[76.03382,12.98834,0],[76.03312,12.98788,0],[76.03274,12.98756,0],[76.03254,12.98723,0],[76.03255,12.98693,0],[76.03276,12.98644,0],[76.03283,12.98608,0],[76.03287,12.98536,0],[76.03297,12.98494,0],[76.03324,12.98463,0],[76.03362,12.98452,0],[76.03398,12.98453,0],[76.03428,12.98458,0],[76.0346,12.98464,0],[76.03485,12.98456,0],[76.0349,12.98413,0],[76.03466,12.98272,0],[76.03449,12.98211,0],[76.03424,12.98171,0],[76.03389,12.98142,0],[76.03359,12.98128,0],[76.0332,12.98121,0],[76.03272,12.98115,0],[76.03226,12.98096,0],[76.03185,12.98068,0],[76.03155,12.98034,0],[76.03129,12.97992,0],[76.03083,12.97927,0],[76.03027,12.97863,0],[76.02987,12.97818,0],[76.02949,12.97771,0],[76.02909,12.97722,0],[76.02859,12.97667,0],[76.02806,12.97613,0],[76.02772,12.97567,0],[76.02746,12.97511,0],[76.02736,12.97477,0],[76.02736,12.97439,0],[76.02749,12.97357,0],[76.02755,12.97279,0],[76.02754,12.9716,0],[76.02748,12.97031,0],[76.02745,12.96986,0],[76.02758,12.9696,0],[76.02811,12.96952,0],[76.02913,12.96959,0],[76.02994,12.96963,0],[76.03136,12.96975,0],[76.03222,12.96981,0],[76.03305,12.96994,0],[76.03351,12.97,0],[76.03386,12.96996,0],[76.03417,12.96981,0],[76.03478,12.9694,0],[76.0356,12.96892,0],[76.03652,12.96841,0],[76.03777,12.96767,0],[76.03867,12.96725,0],[76.03973,12.96681,0],[76.04031,12.96662,0],[76.04107,12.96665,0],[76.04154,12.96677,0],[76.04194,12.96686,0],[76.04291,12.96714,0],[76.04431,12.96752,0],[76.04511,12.96766,0],[76.04593,12.96776,0],[76.04677,12.96791,0],[76.04814,12.96806,0],[76.04927,12.96808,0],[76.05009,12.96806,0],[76.05057,12.96805,0],[76.05105,12.968,0],[76.05132,12.96791,0],[76.05147,12.96759,0],[76.05153,12.96716,0],[76.05166,12.96667,0],[76.05183,12.96615,0],[76.05208,12.96569,0],[76.0524,12.96529,0],[76.05273,12.96501,0],[76.05326,12.96492,0],[76.05392,12.96495,0],[76.05468,12.96503,0],[76.05561,12.96513,0],[76.05635,12.96525,0],[76.05693,12.96532,0],[76.05779,12.96534,0],[76.05848,12.96528,0],[76.05892,12.96519,0],[76.05929,12.96502,0],[76.05954,12.96476,0],[76.0598,12.96442,0],[76.05991,12.96399,0],[76.0599,12.9636,0],[76.05983,12.96331,0],[76.05958,12.96281,0],[76.05939,12.96254,0],[76.05915,12.96218,0],[76.0588,12.96183,0],[76.05826,12.96141,0],[76.0576,12.96093,0],[76.05726,12.96053,0],[76.05705,12.96026,0],[76.05685,12.95973,0],[76.05679,12.95909,0],[76.05682,12.9585,0],[76.05687,12.95793,0],[76.057,12.95738,0],[76.05685,12.95702,0],[76.05635,12.95709,0],[76.05564,12.95729,0],[76.05501,12.95746,0],[76.05474,12.95753,0],[76.0527,12.95793,0],[76.05179,12.95817,0],[76.05097,12.95834,0],[76.04947,12.95867,0],[76.04852,12.95886,0],[76.04776,12.95897,0],[76.04704,12.95917,0],[76.0466,12.95928,0],[76.04633,12.95912,0],[76.04589,12.95791,0],[76.04576,12.95757,0],[76.04549,12.95687,0],[76.0454,12.95636,0],[76.04537,12.95591,0],[76.04543,12.95527,0],[76.04549,12.95421,0],[76.04549,12.95313,0],[76.0453,12.95262,0],[76.04484,12.95248,0],[76.04435,12.95234,0],[76.0442,12.95192,0],[76.04426,12.95132,0],[76.04423,12.94941,0],[76.04423,12.94872,0],[76.04409,12.94833,0],[76.04365,12.94824,0],[76.0434,12.94838,0],[76.04317,12.94863,0],[76.04294,12.94886,0],[76.0427,12.94901,0],[76.0424,12.94908,0],[76.04204,12.94905,0],[76.04175,12.94899,0],[76.04142,12.94887,0],[76.04121,12.94856,0],[76.04126,12.94822,0],[76.04137,12.94782,0],[76.04125,12.94744,0],[76.04096,12.94724,0],[76.04097,12.94684,0],[76.0413,12.94648,0],[76.04176,12.94598,0],[76.042,12.94544,0],[76.04178,12.94517,0],[76.04152,12.94512,0],[76.04119,12.94511,0],[76.04082,12.94511,0],[76.04047,12.94508,0],[76.04023,12.94497,0],[76.04009,12.94455,0],[76.04006,12.94405,0],[76.04014,12.94372,0],[76.04037,12.94344,0],[76.04097,12.943,0],[76.04173,12.94239,0],[76.04222,12.94199,0],[76.0426,12.94169,0],[76.04308,12.94143,0],[76.04358,12.94119,0],[76.04381,12.94093,0],[76.04379,12.94055,0],[76.04359,12.94004,0],[76.04311,12.93844,0],[76.04275,12.93699,0],[76.04233,12.93544,0],[76.04188,12.93377,0],[76.04174,12.93332,0],[76.04168,12.93273,0],[76.04169,12.93214,0],[76.04175,12.93157,0],[76.04178,12.93088,0],[76.0417,12.93035,0],[76.04148,12.93008,0],[76.04127,12.92993,0],[76.0409,12.92976,0],[76.04032,12.92956,0],[76.03961,12.92937,0],[76.03884,12.92917,0],[76.03813,12.92897,0],[76.0375,12.92877,0],[76.03714,12.92863,0],[76.03688,12.92844,0],[76.0367,12.9282,0],[76.03651,12.92791,0],[76.03633,12.9275,0],[76.03623,12.92713,0],[76.03617,12.92646,0],[76.03613,12.92565,0],[76.03607,12.92512,0],[76.03596,12.92478,0],[76.03578,12.92454,0],[76.03542,12.92423,0],[76.0352,12.92409,0],[76.03477,12.92399,0],[76.03442,12.92398,0],[76.0341,12.92404,0],[76.03383,12.92414,0],[76.03354,12.9243,0],[76.03315,12.92462,0],[76.03277,12.92503,0],[76.03232,12.92562,0],[76.03212,12.92582,0],[76.03185,12.926,0],[76.0315,12.92619,0],[76.03085,12.9264,0],[76.03022,12.92658,0],[76.0297,12.92673,0],[76.02933,12.92687,0],[76.02905,12.92706,0],[76.02886,12.92724,0],[76.02866,12.92752,0],[76.02845,12.92792,0],[76.02828,12.92838,0],[76.02806,12.92889,0],[76.02778,12.9293,0],[76.02752,12.92957,0],[76.02718,12.9298,0],[76.02682,12.92995,0],[76.02639,12.93006,0],[76.02588,12.93014,0],[76.02555,12.93017,0],[76.02526,12.93015,0],[76.02493,12.93011,0],[76.02454,12.93,0],[76.02417,12.92982,0],[76.02396,12.9296,0],[76.02385,12.92928,0],[76.0239,12.92867,0],[76.02404,12.92795,0],[76.02436,12.92663,0],[76.02446,12.92598,0],[76.02455,12.92555,0],[76.02461,12.92528,0],[76.02479,12.92495,0],[76.0252,12.9244,0],[76.02543,12.92399,0],[76.02571,12.92343,0],[76.026,12.92271,0],[76.0263,12.92168,0],[76.02665,12.92033,0],[76.02685,12.91952,0],[76.02716,12.91852,0],[76.02735,12.91721,0],[76.02735,12.91646,0],[76.02733,12.91591,0],[76.02723,12.91509,0],[76.02705,12.91412,0],[76.02695,12.91356,0],[76.0263,12.9108,0],[76.02623,12.9101,0],[76.02606,12.9094,0],[76.02587,12.90877,0],[76.02563,12.90817,0],[76.02525,12.90758,0],[76.02503,12.9073,0],[76.02472,12.90703,0],[76.02442,12.90679,0],[76.02402,12.90652,0],[76.02367,12.90628,0],[76.02331,12.90596,0],[76.02304,12.9057,0],[76.02269,12.90532,0],[76.02236,12.90495,0],[76.02203,12.9045,0],[76.02175,12.90406,0],[76.02141,12.90357,0],[76.02062,12.90278,0],[76.02001,12.90224,0],[76.01969,12.90189,0],[76.01954,12.90165,0],[76.01951,12.90136,0],[76.01951,12.90099,0],[76.01956,12.90063,0],[76.01979,12.89974,0],[76.02002,12.89874,0],[76.02022,12.89812,0],[76.02027,12.89772,0],[76.0203,12.89738,0],[76.02022,12.89689,0],[76.02008,12.8965,0],[76.01973,12.89627,0],[76.01945,12.89622,0],[76.01915,12.89625,0],[76.01879,12.89642,0],[76.01831,12.89677,0],[76.01788,12.89715,0],[76.01751,12.89765,0],[76.01702,12.89835,0],[76.0165,12.89923,0],[76.01631,12.89959,0],[76.01613,12.90006,0],[76.01589,12.90098,0],[76.01571,12.90238,0],[76.01557,12.90292,0],[76.01539,12.90341,0],[76.01525,12.90376,0],[76.01496,12.90411,0],[76.01437,12.90455,0],[76.0139,12.90481,0],[76.01336,12.90493,0],[76.01303,12.9049,0],[76.01271,12.90479,0],[76.01247,12.90467,0],[76.01225,12.90443,0],[76.01183,12.90382,0],[76.01112,12.9026,0],[76.01039,12.90134,0],[76.00923,12.89976,0],[76.00869,12.89906,0],[76.00821,12.8984,0],[76.00759,12.89772,0],[76.00713,12.89727,0],[76.00649,12.89691,0],[76.00611,12.89677,0],[76.00577,12.89666,0],[76.00522,12.89657,0],[76.0046,12.89652,0],[76.00323,12.8965,0],[76.00207,12.89657,0],[76.00125,12.89658,0],[76.00073,12.89657,0],[76.00045,12.89652,0],[76.00015,12.8963,0],[76.00006,12.8955,0],[76.00018,12.89491,0],[76.00048,12.89452,0],[76.001,12.89423,0],[76.00135,12.89408,0],[76.00188,12.89395,0],[76.0023,12.89385,0],[76.00319,12.89372,0],[76.00389,12.89364,0],[76.00459,12.89349,0],[76.00496,12.89331,0],[76.00532,12.89311,0],[76.00558,12.89285,0],[76.00584,12.89238,0],[76.00593,12.89204,0],[76.00593,12.89155,0],[76.00585,12.89127,0],[76.00568,12.89107,0],[76.00533,12.89082,0],[76.00501,12.89067,0],[76.00459,12.8906,0],[76.00402,12.89055,0],[76.00345,12.89054,0],[76.00295,12.89057,0],[76.00237,12.89065,0],[76.00184,12.89081,0],[76.00136,12.891,0],[76.00075,12.89124,0],[76,12.8915,0],[75.99937,12.89157,0],[75.99874,12.89138,0],[75.99831,12.89098,0],[75.99814,12.89064,0],[75.99802,12.89004,0],[75.99802,12.88973,0],[75.99814,12.88933,0],[75.99892,12.88848,0],[76,12.88703,0],[76.00011,12.88658,0],[76.00014,12.88616,0],[76.00013,12.88546,0],[76.0002,12.88466,0],[76.00035,12.88362,0],[76.00059,12.88261,0],[76.00082,12.88184,0],[76.00114,12.88127,0],[76.00163,12.88064,0],[76.00249,12.87968,0],[76.00341,12.8787,0],[76.0043,12.87775,0],[76.00511,12.87681,0],[76.00583,12.8758,0],[76.00629,12.87507,0],[76.00681,12.87418,0],[76.00725,12.87333,0],[76.00773,12.87205,0],[76.00794,12.87143,0],[76.00834,12.87033,0],[76.0087,12.86915,0],[76.0089,12.86854,0],[76.0091,12.86814,0],[76.0093,12.86791,0],[76.00964,12.86768,0],[76.01046,12.86737,0],[76.01147,12.86702,0],[76.01249,12.86668,0],[76.01402,12.8663,0],[76.01494,12.86603,0],[76.01561,12.86579,0],[76.01615,12.86564,0],[76.01709,12.86555,0],[76.01818,12.86546,0],[76.01911,12.86543,0],[76.01985,12.86531,0],[76.02039,12.86517,0],[76.02106,12.86485,0],[76.02275,12.86404,0],[76.02326,12.86383,0],[76.02391,12.86369,0],[76.02447,12.86362,0],[76.02524,12.86361,0],[76.02599,12.86356,0],[76.02663,12.86346,0],[76.02693,12.86318,0],[76.02723,12.86273,0],[76.02754,12.86225,0],[76.02811,12.86086,0],[76.02829,12.86022,0],[76.02831,12.85971,0],[76.0283,12.85928,0],[76.02821,12.85887,0],[76.02811,12.85832,0],[76.02786,12.85723,0],[76.0275,12.85561,0],[76.02718,12.85434,0],[76.02705,12.85389,0],[76.02653,12.85295,0],[76.02596,12.85209,0],[76.02534,12.85129,0],[76.02481,12.85058,0],[76.02452,12.85005,0],[76.02448,12.84964,0],[76.02468,12.84923,0],[76.02491,12.84905,0],[76.02538,12.84895,0],[76.02585,12.84899,0],[76.02635,12.84912,0],[76.02689,12.84933,0],[76.02721,12.84957,0],[76.02751,12.84989,0],[76.02779,12.85043,0],[76.02811,12.85112,0],[76.02855,12.85178,0],[76.02881,12.85208,0],[76.02919,12.85222,0],[76.0296,12.85217,0],[76.03022,12.8519,0],[76.03096,12.85144,0],[76.0314,12.85103,0],[76.0315,12.85071,0],[76.03146,12.85035,0],[76.03115,12.84977,0],[76.03038,12.84878,0],[76.02969,12.84804,0],[76.02931,12.84756,0],[76.02912,12.84724,0],[76.02912,12.84696,0],[76.02934,12.84676,0],[76.02981,12.84664,0],[76.03043,12.84654,0],[76.03107,12.84639,0],[76.03191,12.84626,0],[76.03295,12.84597,0],[76.03374,12.84576,0],[76.03427,12.84563,0],[76.03474,12.8456,0],[76.03514,12.84564,0],[76.03571,12.84575,0],[76.03632,12.84597,0],[76.03669,12.84612,0],[76.03716,12.84617,0],[76.03768,12.84613,0],[76.0387,12.84611,0],[76.03907,12.8461,0],[76.03947,12.84613,0],[76.03977,12.84623,0],[76.04021,12.84651,0],[76.04052,12.84676,0],[76.04086,12.84715,0],[76.04113,12.84751,0],[76.04129,12.84784,0],[76.04136,12.84817,0],[76.04139,12.84873,0],[76.04139,12.84948,0],[76.04139,12.85022,0],[76.0414,12.85092,0],[76.04147,12.85151,0],[76.04161,12.85212,0],[76.04193,12.85244,0],[76.04233,12.85249,0],[76.04284,12.8524,0],[76.04356,12.85221,0],[76.04504,12.85182,0],[76.04632,12.85153,0],[76.04742,12.85124,0],[76.04856,12.85078,0],[76.04928,12.85047,0],[76.04955,12.85023,0],[76.04976,12.8499,0],[76.04986,12.84962,0],[76.04989,12.84913,0],[76.04994,12.84837,0],[76.04989,12.84772,0],[76.04976,12.84712,0],[76.04946,12.8461,0],[76.04911,12.84527,0],[76.04866,12.84411,0],[76.04831,12.84323,0],[76.04813,12.84258,0],[76.04808,12.84211,0],[76.04816,12.84158,0],[76.04833,12.84102,0],[76.04862,12.84025,0],[76.04904,12.83928,0],[76.04924,12.83861,0],[76.04929,12.83815,0],[76.04931,12.83786,0],[76.04921,12.8374,0],[76.04902,12.83702,0],[76.04882,12.83679,0],[76.04834,12.83648,0],[76.04767,12.83612,0],[76.0472,12.83585,0],[76.047,12.83566,0],[76.04691,12.83531,0],[76.04692,12.83488,0],[76.04707,12.83442,0],[76.04739,12.83374,0],[76.04791,12.833,0],[76.04841,12.83217,0],[76.04883,12.83136,0],[76.04929,12.83057,0],[76.04951,12.82997,0],[76.04961,12.82941,0],[76.04964,12.82904,0],[76.04954,12.82825,0],[76.04924,12.8272,0],[76.04911,12.82649,0],[76.04908,12.82592,0],[76.04913,12.82542,0],[76.04926,12.82495,0],[76.0496,12.82437,0],[76.05037,12.82355,0],[76.05078,12.82309,0],[76.05098,12.8227,0],[76.05168,12.82286,0],[76.05237,12.82298,0],[76.05289,12.823,0],[76.05324,12.82293,0],[76.05358,12.82281,0],[76.05395,12.82257,0],[76.05441,12.82209,0],[76.0549,12.82157,0],[76.0555,12.82106,0],[76.05676,12.81997,0],[76.05771,12.81919,0],[76.05861,12.81861,0],[76.05931,12.81792,0],[76.06086,12.81657,0],[76.06155,12.81618,0],[76.06218,12.81578,0],[76.06247,12.81569,0],[76.06281,12.81558,0],[76.06392,12.81547,0],[76.06627,12.81511,0],[76.06771,12.81504,0],[76.0691,12.81517,0],[76.07024,12.81543,0],[76.07144,12.81575,0],[76.0724,12.81594,0],[76.07319,12.81606,0],[76.07483,12.81616,0],[76.0759,12.81605,0],[76.07658,12.81587,0],[76.07757,12.81564,0],[76.07932,12.815,0],[76.08073,12.81454,0],[76.08156,12.81418,0],[76.08268,12.81371,0],[76.08301,12.81364,0],[76.08338,12.8136,0],[76.08366,12.81366,0],[76.08402,12.81388,0],[76.08487,12.81435,0],[76.08617,12.8149,0],[76.08709,12.81523,0],[76.08786,12.81534,0],[76.08825,12.81532,0],[76.08879,12.81522,0],[76.09018,12.81495,0],[76.09141,12.81461,0],[76.09248,12.81431,0],[76.09295,12.81427,0],[76.09345,12.81431,0],[76.09415,12.81438,0],[76.09503,12.81448,0],[76.09562,12.81453,0],[76.09613,12.8145,0],[76.09677,12.81443,0],[76.09761,12.8143,0],[76.09917,12.81424,0],[76.1001,12.81417,0],[76.10068,12.81419,0],[76.10144,12.81426,0],[76.10198,12.8144,0],[76.10235,12.8146,0],[76.1033,12.81525,0],[76.10421,12.81594,0],[76.10465,12.81636,0],[76.105,12.81668,0],[76.10575,12.81734,0],[76.10623,12.81788,0],[76.10651,12.81838,0],[76.10663,12.81888,0],[76.1068,12.81975,0],[76.10682,12.82054,0],[76.10692,12.82163,0],[76.10706,12.82271,0],[76.10722,12.8234,0],[76.10748,12.82397,0],[76.10778,12.82437,0],[76.1082,12.82482,0],[76.10876,12.82516,0],[76.10934,12.82521,0],[76.10976,12.82517,0],[76.11005,12.8251,0],[76.11033,12.82498,0],[76.11059,12.82479,0],[76.1111,12.82433,0],[76.11152,12.82393,0],[76.11191,12.82347,0],[76.11238,12.82287,0],[76.11272,12.82242,0],[76.11312,12.82172,0],[76.11337,12.82126,0],[76.11358,12.82074,0],[76.11379,12.82012,0],[76.1139,12.81959,0],[76.11401,12.81899,0],[76.11431,12.81801,0],[76.1145,12.81767,0],[76.11485,12.81724,0],[76.11531,12.81691,0],[76.1158,12.81674,0],[76.11635,12.81668,0],[76.11694,12.81668,0],[76.11759,12.81668,0],[76.11815,12.81663,0],[76.11856,12.81652,0],[76.11902,12.8163,0],[76.11998,12.81571,0],[76.12047,12.81554,0],[76.1209,12.81545,0],[76.12134,12.81543,0],[76.12191,12.8155,0],[76.12256,12.81578,0],[76.12332,12.81626,0],[76.12464,12.81699,0],[76.12557,12.81741,0],[76.12613,12.81764,0],[76.12685,12.81774,0],[76.12744,12.81783,0],[76.12804,12.81786,0],[76.12906,12.81788,0],[76.13064,12.81812,0],[76.13187,12.81815,0],[76.13257,12.81812,0],[76.13313,12.81812,0],[76.13373,12.81809,0],[76.1347,12.81801,0],[76.13524,12.81805,0],[76.13591,12.81808,0],[76.13651,12.81812,0],[76.1373,12.81815,0],[76.13781,12.81825,0],[76.13858,12.81836,0],[76.14023,12.81856,0],[76.1409,12.8186,0],[76.1416,12.8186,0],[76.1425,12.81861,0],[76.14315,12.81863,0],[76.14422,12.81866,0],[76.14467,12.81861,0],[76.14506,12.81859,0],[76.14538,12.81854,0],[76.1458,12.81839,0],[76.14629,12.81809,0],[76.14687,12.8177,0],[76.14768,12.81722,0],[76.14824,12.81693,0],[76.14884,12.81669,0],[76.14959,12.81651,0],[76.15003,12.81656,0],[76.15091,12.81685,0],[76.15189,12.81737,0],[76.15256,12.81779,0],[76.15354,12.81864,0],[76.15437,12.81969,0],[76.15517,12.82095,0],[76.15589,12.82224,0],[76.15605,12.82297,0],[76.15612,12.82387,0],[76.15605,12.8248,0],[76.1558,12.82593,0],[76.15545,12.82678,0],[76.15525,12.82739,0],[76.15513,12.82839,0],[76.15504,12.82999,0],[76.15507,12.83143,0],[76.15535,12.83172,0],[76.15514,12.83193,0],[76.15471,12.83234,0],[76.15448,12.83248,0],[76.154,12.83278,0],[76.1524,12.83341,0],[76.15172,12.83379,0],[76.15139,12.83396,0],[76.15087,12.83432,0],[76.1505,12.83464,0],[76.15031,12.83504,0],[76.15025,12.83547,0],[76.15008,12.83646,0],[76.14985,12.83801,0],[76.14964,12.83912,0],[76.14952,12.83967,0],[76.14939,12.84035,0],[76.14933,12.841,0],[76.14924,12.84165,0],[76.1491,12.8423,0],[76.14885,12.84312,0],[76.14868,12.8436,0],[76.14837,12.8453,0],[76.14816,12.8467,0],[76.14789,12.84792,0],[76.14753,12.84899,0],[76.14722,12.85013,0],[76.14693,12.85093,0],[76.14672,12.85148,0],[76.14662,12.85189,0],[76.14658,12.85246,0],[76.14651,12.85353,0],[76.14636,12.85552,0],[76.1462,12.85673,0],[76.14597,12.85767,0],[76.14586,12.85826,0],[76.14578,12.85901,0],[76.14574,12.86002,0],[76.14571,12.86089,0],[76.14578,12.86152,0],[76.1459,12.86221,0],[76.14606,12.86272,0],[76.14627,12.86308,0],[76.14648,12.86332,0],[76.14686,12.86352,0],[76.14737,12.86361,0],[76.14811,12.86379,0],[76.14886,12.86398,0],[76.14952,12.86404,0],[76.15043,12.86416,0],[76.15178,12.86442,0],[76.15296,12.86466,0],[76.15381,12.86481,0],[76.15481,12.86503,0],[76.15553,12.86513,0],[76.1574,12.86539,0],[76.15866,12.86562,0],[76.15995,12.8659,0],[76.16119,12.86617,0],[76.16297,12.86663,0],[76.16409,12.86685,0],[76.16506,12.8671,0],[76.16566,12.8673,0],[76.16626,12.86765,0],[76.16684,12.86808,0],[76.16726,12.86847,0],[76.16755,12.86883,0],[76.16763,12.86939,0],[76.16759,12.8702,0],[76.16748,12.87093,0],[76.16729,12.87219,0],[76.16725,12.87289,0],[76.16748,12.87331,0],[76.16789,12.87336,0],[76.16858,12.87328,0],[76.16943,12.8733,0],[76.17021,12.87322,0],[76.17104,12.87316,0],[76.17177,12.87314,0],[76.1722,12.87316,0],[76.17266,12.8732,0],[76.17368,12.87342,0],[76.17444,12.87376,0],[76.17492,12.87397,0],[76.17534,12.87395,0],[76.1756,12.87368,0],[76.17593,12.87322,0],[76.1762,12.87273,0],[76.17645,12.87245,0],[76.17681,12.8724,0],[76.17741,12.87251,0],[76.17809,12.87273,0],[76.17911,12.87311,0],[76.17979,12.87339,0],[76.18043,12.87378,0],[76.18101,12.87423,0],[76.18184,12.87492,0],[76.18265,12.87565,0],[76.18302,12.87593,0],[76.18331,12.87601,0],[76.18362,12.87601,0],[76.18387,12.87587,0],[76.18414,12.87562,0],[76.18435,12.87524,0],[76.18451,12.87459,0],[76.18474,12.87396,0],[76.18512,12.87302,0],[76.18553,12.87176,0],[76.1862,12.87028,0],[76.18713,12.86857,0],[76.18788,12.86747,0],[76.18838,12.86696,0],[76.18902,12.86642,0],[76.18962,12.86593,0],[76.19045,12.86545,0],[76.19082,12.86531,0],[76.19118,12.86531,0],[76.19153,12.86543,0],[76.19198,12.86556,0],[76.19263,12.8657,0],[76.19304,12.8658,0],[76.19352,12.86588,0],[76.19395,12.8659,0],[76.19437,12.86586,0],[76.19482,12.8658,0],[76.19538,12.86587,0],[76.19607,12.866,0],[76.19638,12.86604,0],[76.19671,12.866,0],[76.19706,12.86586,0],[76.19775,12.86561,0],[76.19847,12.86537,0],[76.19918,12.86503,0],[76.19959,12.86484,0],[76.20003,12.8647,0],[76.20086,12.86455,0],[76.20133,12.86455,0],[76.20185,12.86457,0],[76.20245,12.86459,0],[76.20305,12.86466,0],[76.20355,12.8647,0],[76.20409,12.86466,0],[76.20459,12.86455,0],[76.20517,12.86438,0],[76.20536,12.86401,0],[76.20525,12.86367,0],[76.20492,12.86304,0],[76.20451,12.86225,0],[76.20434,12.86174,0],[76.20441,12.86146,0],[76.20467,12.86117,0],[76.20536,12.86064,0],[76.206,12.86,0],[76.20635,12.85957,0],[76.20662,12.85914,0],[76.20766,12.85796,0],[76.20882,12.8569,0],[76.20965,12.85601,0],[76.21067,12.85511,0],[76.21206,12.85362,0],[76.21289,12.85287,0],[76.21349,12.85237,0],[76.21386,12.85228,0],[76.21399,12.85267,0],[76.21386,12.85352,0],[76.21357,12.85521,0],[76.21336,12.85653,0],[76.21309,12.85881,0],[76.21294,12.86059,0],[76.21292,12.86255,0],[76.21294,12.86434,0],[76.21298,12.86607,0],[76.21304,12.86935,0],[76.21322,12.87148,0],[76.21318,12.87257,0],[76.2132,12.87387,0],[76.21328,12.87539,0],[76.21336,12.87692,0],[76.21332,12.87825,0],[76.21331,12.87953,0],[76.21321,12.88044,0],[76.21304,12.88137,0],[76.21292,12.88188,0],[76.21267,12.88243,0],[76.21229,12.88313,0],[76.21171,12.88439,0],[76.21163,12.88478,0],[76.21161,12.88524,0],[76.21159,12.88597,0],[76.21169,12.88687,0],[76.21192,12.8878,0],[76.21216,12.88928,0],[76.21216,12.89021,0],[76.21226,12.89157,0],[76.2122,12.89285,0],[76.21228,12.89481,0],[76.2123,12.89739,0],[76.2123,12.89873,0],[76.21221,12.90104,0],[76.21219,12.90228,0],[76.21215,12.90264,0],[76.21224,12.90289,0],[76.21259,12.90293,0],[76.21267,12.90344,0],[76.21266,12.90417,0],[76.21272,12.90676,0],[76.21272,12.90745,0],[76.21283,12.90781,0],[76.2131,12.90814,0],[76.21357,12.90883,0],[76.21392,12.9094,0],[76.21436,12.90992,0],[76.2145,12.9102,0],[76.21452,12.91065,0],[76.21442,12.91097,0],[76.21411,12.91136,0],[76.21382,12.91195,0],[76.21363,12.91254,0],[76.21348,12.91329,0],[76.2134,12.9143,0],[76.21332,12.91485,0],[76.21328,12.91529,0],[76.21344,12.91576,0],[76.21373,12.91604,0],[76.21414,12.91641,0],[76.21479,12.91694,0],[76.21549,12.91755,0],[76.21605,12.91799,0],[76.21648,12.9184,0],[76.21651,12.91893,0],[76.21617,12.91969,0],[76.21578,12.92038,0],[76.21551,12.92111,0],[76.21542,12.92156,0],[76.21548,12.92213,0],[76.21563,12.92266,0],[76.21594,12.92312,0],[76.21627,12.92361,0],[76.21683,12.9246,0],[76.21776,12.92643,0],[76.21836,12.92783,0],[76.21871,12.92866,0],[76.21925,12.9296,0],[76.22084,12.93215,0],[76.22155,12.933,0],[76.22233,12.9341,0],[76.22355,12.93558,0],[76.22401,12.93629,0],[76.22455,12.93706,0],[76.22481,12.93738,0],[76.22517,12.93747,0],[76.22542,12.93761,0],[76.22558,12.9384,0],[76.2257,12.9402,0],[76.22586,12.94059,0],[76.2263,12.94077,0],[76.2267,12.94085,0],[76.22753,12.94081,0],[76.22888,12.94071,0],[76.23072,12.94069,0],[76.23315,12.94052,0],[76.23425,12.94038,0],[76.23551,12.94034,0],[76.2363,12.94018,0],[76.23806,12.93989,0],[76.23876,12.93971,0],[76.23908,12.93951,0],[76.23924,12.93906,0],[76.23924,12.93863,0],[76.23924,12.9383,0],[76.2392,12.93678,0],[76.23923,12.93557,0],[76.23928,12.93521,0],[76.23954,12.93487,0],[76.23984,12.93443,0],[76.23993,12.93389,0],[76.23999,12.9334,0],[76.24006,12.93268,0],[76.24018,12.93236,0],[76.24074,12.9322,0],[76.24153,12.93216,0],[76.2418,12.93218,0],[76.24211,12.93205,0],[76.24217,12.93176,0],[76.24225,12.93124,0],[76.24271,12.93103,0],[76.2435,12.93105,0],[76.24421,12.93104,0],[76.24501,12.93104,0],[76.24551,12.93104,0],[76.24595,12.93102,0],[76.24643,12.93094,0],[76.24659,12.93027,0],[76.24657,12.92915,0],[76.24651,12.9276,0],[76.24637,12.92524,0],[76.24637,12.92424,0],[76.24635,12.9239,0],[76.24643,12.92354,0],[76.24687,12.92355,0],[76.24755,12.92404,0],[76.24848,12.92473,0],[76.24902,12.92536,0],[76.2494,12.92567,0],[76.24992,12.92571,0],[76.25032,12.92564,0],[76.25091,12.92527,0],[76.25125,12.92512,0],[76.25153,12.92483,0],[76.25179,12.92473,0],[76.25201,12.9251,0],[76.25253,12.92612,0],[76.25267,12.9266,0],[76.25284,12.9268,0],[76.25361,12.92671,0],[76.25399,12.92661,0],[76.25517,12.92617,0],[76.25598,12.92604,0],[76.25619,12.92638,0],[76.25617,12.92675,0],[76.25617,12.92712,0],[76.25631,12.92774,0],[76.25627,12.92814,0],[76.25656,12.92844,0],[76.25703,12.92845,0],[76.25745,12.92838,0],[76.25793,12.92842,0],[76.25956,12.92835,0],[76.26109,12.92825,0],[76.26175,12.92807,0],[76.26183,12.92767,0],[76.26181,12.92723,0],[76.26168,12.92625,0],[76.26157,12.92564,0],[76.26187,12.92524,0],[76.26227,12.92516,0],[76.26344,12.92487,0],[76.26594,12.9246,0],[76.26656,12.92457,0],[76.26706,12.92433,0],[76.26708,12.92399,0],[76.26698,12.92277,0],[76.26743,12.92257,0],[76.26774,12.92257,0],[76.26874,12.9225,0],[76.26968,12.92257,0],[76.27013,12.92244,0],[76.2701,12.92179,0],[76.26999,12.92108,0],[76.26972,12.92026,0],[76.26989,12.91986,0],[76.27076,12.91991,0],[76.27173,12.92004,0],[76.27214,12.92015,0],[76.27252,12.92005,0],[76.27242,12.91971,0],[76.27238,12.91933,0],[76.27261,12.91918,0],[76.27297,12.9192,0],[76.2736,12.9192,0],[76.27502,12.91883,0],[76.2764,12.91859,0],[76.27845,12.91795,0],[76.27955,12.91768,0],[76.28021,12.91752,0],[76.28075,12.91836,0],[76.2815,12.92077,0],[76.28205,12.92184,0],[76.28278,12.92266,0],[76.28426,12.92355,0],[76.2846,12.92371,0],[76.28582,12.92387,0],[76.28667,12.92403,0],[76.28729,12.92464,0],[76.28827,12.92598,0],[76.292,12.92899,0],[76.29227,12.93027,0],[76.29327,12.93341,0],[76.29356,12.9349,0],[76.29401,12.93743,0],[76.29445,12.93982,0],[76.29456,12.94047,0],[76.29463,12.942,0],[76.29474,12.94351,0],[76.29482,12.9447,0],[76.29519,12.94809,0],[76.29411,12.94862,0],[76.2915,12.94942,0],[76.28957,12.94982,0],[76.28659,12.95054,0],[76.28372,12.95125,0],[76.28075,12.95198,0],[76.27847,12.95245,0],[76.27713,12.95281,0],[76.27561,12.95309,0],[76.27527,12.95329,0],[76.27542,12.95393,0],[76.27553,12.95586,0],[76.27568,12.95728,0],[76.2759,12.95819,0],[76.27575,12.95907,0],[76.27512,12.961,0],[76.27486,12.96242,0],[76.27403,12.96798,0],[76.27403,12.96911,0],[76.27392,12.96995,0],[76.27362,12.97075,0],[76.27337,12.97138,0],[76.27336,12.97213,0],[76.27365,12.97313,0],[76.2739,12.97575,0],[76.27401,12.97776,0],[76.27381,12.97912,0],[76.27353,12.97985,0],[76.27344,12.98138,0],[76.27347,12.98327,0],[76.27381,12.98646,0],[76.274,12.98752,0],[76.27409,12.98861,0],[76.27422,12.989,0],[76.27457,12.98903,0],[76.27517,12.98872,0],[76.27622,12.98839,0],[76.27781,12.98791,0],[76.27821,12.98786,0],[76.27857,12.98794,0],[76.27875,12.98831,0],[76.27925,12.98956,0],[76.27952,12.9898,0],[76.2798,12.9898,0],[76.28057,12.98952,0],[76.28267,12.98877,0],[76.28398,12.98841,0],[76.28589,12.98785,0],[76.287,12.9876,0],[76.28756,12.98757,0],[76.28806,12.98763,0],[76.28791,12.98817,0],[76.28759,12.98968,0],[76.28699,12.99227,0],[76.28648,12.9943,0],[76.28636,12.99511,0],[76.28599,12.9961,0],[76.28602,12.99693,0],[76.28608,12.99838,0],[76.28605,12.99961,0],[76.2861,13.00001,0],[76.28592,13.00121,0],[76.28562,13.00269,0],[76.28483,13.00384,0],[76.28301,13.00543,0],[76.28198,13.00671,0],[76.28142,13.00845,0],[76.28051,13.00993,0],[76.27943,13.01212,0],[76.27822,13.01391,0],[76.27752,13.01532,0],[76.27733,13.0161,0],[76.27727,13.01752,0],[76.27754,13.01923,0],[76.2782,13.02046,0],[76.27913,13.02133,0],[76.28053,13.02211,0],[76.28202,13.0227,0],[76.28293,13.02297,0],[76.28826,13.02183,0],[76.2909,13.02191,0],[76.29243,13.02192,0],[76.29317,13.02207,0],[76.29602,13.02445,0],[76.29794,13.02587,0],[76.29852,13.02613,0],[76.30017,13.02743,0],[76.30056,13.0282,0],[76.30213,13.03034,0],[76.30279,13.03131,0],[76.30318,13.0326,0],[76.30416,13.03377,0],[76.30327,13.04313,0],[76.30085,13.04754,0],[76.29391,13.0507,0],[76.29433,13.05102,0],[76.29456,13.05134,0],[76.29509,13.05246,0],[76.29631,13.05479,0],[76.29649,13.05548,0],[76.29649,13.05653,0],[76.296,13.06116,0],[76.29572,13.06336,0],[76.29567,13.06701,0],[76.29572,13.06815,0],[76.29567,13.06856,0],[76.29523,13.0687,0],[76.29501,13.06886,0],[76.29511,13.06911,0],[76.29572,13.07012,0],[76.29688,13.07185,0],[76.29812,13.07443,0],[76.29826,13.0748,0],[76.29828,13.07516,0],[76.29793,13.07548,0],[76.29761,13.0758,0],[76.29761,13.07621,0],[76.29784,13.07649,0],[76.2984,13.07704,0],[76.29891,13.07768,0],[76.29794,13.07751,0],[76.2974,13.07748,0],[76.297,13.07754,0],[76.2965,13.0781,0],[76.29443,13.08134,0],[76.29227,13.0859,0],[76.29154,13.08734,0],[76.28895,13.09223,0],[76.28848,13.09353,0],[76.28635,13.09806,0],[76.28568,13.09918,0],[76.2853,13.10037,0],[76.28493,13.10138,0],[76.28456,13.10171,0],[76.28393,13.10201,0],[76.28189,13.10295,0],[76.28025,13.10354,0],[76.27696,13.1047,0],[76.27496,13.10565,0],[76.27332,13.10617,0],[76.27156,13.10678,0],[76.27066,13.10717,0],[76.27017,13.10771,0],[76.27003,13.10838,0],[76.26969,13.11201,0],[76.26947,13.11268,0],[76.26937,13.11356,0],[76.26937,13.11458,0],[76.26967,13.11631,0],[76.27007,13.11808,0],[76.27019,13.11894,0],[76.27015,13.1195,0],[76.26982,13.12097,0],[76.26905,13.12274,0],[76.26875,13.12323,0],[76.26835,13.12365,0],[76.26781,13.12392,0],[76.26586,13.12432,0],[76.26399,13.12468,0],[76.26151,13.12511,0],[76.25605,13.12577,0],[76.25515,13.12594,0],[76.25466,13.12602,0],[76.25396,13.12602,0],[76.25332,13.12605,0],[76.25252,13.12612,0],[76.25192,13.12631,0],[76.25108,13.12648,0],[76.25042,13.12667,0],[76.24994,13.12686,0],[76.24942,13.12699,0],[76.24872,13.12713,0],[76.24809,13.12723,0],[76.24699,13.12743,0],[76.24628,13.1276,0],[76.24574,13.12766,0],[76.24529,13.12769,0],[76.24458,13.12781,0],[76.24323,13.12808,0],[76.24251,13.12818,0],[76.24191,13.1283,0],[76.24126,13.12843,0],[76.24002,13.12868,0],[76.23936,13.12877,0],[76.23881,13.12884,0],[76.23828,13.12892,0],[76.23755,13.12906,0],[76.23635,13.12923,0],[76.23579,13.12934,0],[76.23525,13.12943,0],[76.23447,13.12954,0],[76.2338,13.12968,0],[76.2327,13.12992,0],[76.23194,13.13004,0],[76.23134,13.13019,0],[76.23068,13.1304,0],[76.23006,13.13058,0],[76.22893,13.1309,0],[76.22826,13.13108,0],[76.2276,13.13119,0],[76.22664,13.13144,0],[76.2254,13.13178,0],[76.2247,13.13198,0],[76.22426,13.13217,0],[76.22346,13.13239,0],[76.22219,13.13272,0],[76.22165,13.13284,0],[76.22106,13.13296,0],[76.22019,13.13319,0],[76.21895,13.13353,0],[76.21841,13.13368,0],[76.21802,13.13381,0],[76.21764,13.13403,0],[76.21737,13.13438,0],[76.21714,13.13492,0],[76.21696,13.13551,0],[76.21675,13.13626,0],[76.21661,13.13662,0],[76.21641,13.1372,0],[76.21627,13.13792,0],[76.21619,13.13848,0],[76.21613,13.13901,0],[76.21602,13.13962,0],[76.21589,13.14005,0],[76.21569,13.14082,0],[76.21552,13.14129,0],[76.21539,13.14181,0],[76.21522,13.14273,0],[76.21511,13.14328,0],[76.21495,13.14389,0],[76.21475,13.1444,0],[76.21462,13.14474,0],[76.21451,13.14502,0],[76.21436,13.14529,0],[76.21416,13.14555,0],[76.21363,13.14596,0],[76.2132,13.14629,0],[76.21281,13.14659,0],[76.21246,13.14691,0],[76.21201,13.14742,0],[76.21158,13.14806,0],[76.21125,13.14848,0],[76.21096,13.14891,0],[76.21068,13.1494,0],[76.21027,13.15025,0],[76.21003,13.15056,0],[76.20957,13.15062,0],[76.20918,13.15057,0],[76.20877,13.15045,0],[76.20822,13.15029,0],[76.2076,13.15019,0],[76.20697,13.15005,0],[76.20637,13.1499,0],[76.20578,13.14981,0],[76.20525,13.14981,0],[76.20449,13.14975,0],[76.20321,13.14974,0],[76.2025,13.14972,0],[76.20188,13.14975,0],[76.20132,13.1498,0],[76.20079,13.14994,0],[76.20045,13.15011,0],[76.20023,13.15024,0],[76.19995,13.1505,0],[76.1996,13.15083,0],[76.19934,13.15103,0],[76.19912,13.1512,0],[76.19886,13.15133,0],[76.19845,13.15147,0],[76.19811,13.15151,0],[76.19762,13.15151,0],[76.19729,13.15145,0],[76.19687,13.1514,0],[76.19628,13.15131,0],[76.19556,13.15123,0],[76.19435,13.15102,0],[76.19355,13.15079,0],[76.19291,13.1506,0],[76.1924,13.15044,0],[76.19196,13.15031,0],[76.1916,13.15016,0],[76.19137,13.15001,0],[76.19116,13.14979,0],[76.19106,13.14938,0],[76.19104,13.14849,0],[76.19095,13.14732,0],[76.19083,13.14603,0],[76.19079,13.14576,0],[76.19071,13.14445,0],[76.19046,13.14265,0],[76.1904,13.14203,0],[76.19037,13.14165,0],[76.19043,13.14137,0],[76.19061,13.14109,0],[76.19084,13.14089,0],[76.19123,13.1407,0],[76.19172,13.14045,0],[76.19202,13.14013,0],[76.19212,13.13961,0],[76.19208,13.13871,0],[76.19201,13.13808,0],[76.19183,13.13486,0],[76.19177,13.13443,0],[76.19167,13.13419,0],[76.1913,13.13406,0],[76.19072,13.1339,0],[76.18981,13.13376,0],[76.18831,13.13349,0],[76.18752,13.13334,0],[76.18672,13.13322,0],[76.18582,13.13303,0],[76.18475,13.1327,0],[76.18414,13.1325,0],[76.18325,13.13231,0],[76.18229,13.13218,0],[76.18102,13.13208,0],[76.18007,13.13194,0],[76.17941,13.13185,0],[76.17889,13.13178,0],[76.17807,13.13164,0],[76.17663,13.13146,0],[76.17587,13.13134,0],[76.17496,13.13123,0],[76.17393,13.13114,0],[76.17279,13.13103,0],[76.17188,13.131,0],[76.17114,13.13093,0],[76.17024,13.13081,0],[76.16992,13.1308,0],[76.16951,13.13091,0],[76.16926,13.13121,0],[76.16914,13.13147,0],[76.16917,13.13186,0],[76.16929,13.13233,0],[76.16933,13.13298,0],[76.1693,13.13378,0],[76.16925,13.13463,0],[76.16919,13.13551,0],[76.16916,13.13584,0],[76.16915,13.1364,0],[76.16915,13.137,0],[76.16912,13.13778,0],[76.16903,13.13837,0],[76.16898,13.13938,0],[76.16895,13.13973,0],[76.16894,13.14031,0],[76.16898,13.14083,0],[76.16911,13.14148,0],[76.16919,13.14205,0],[76.16927,13.14253,0],[76.16942,13.14321,0],[76.16961,13.14397,0],[76.16975,13.1444,0],[76.16991,13.14491,0],[76.16997,13.1454,0],[76.17008,13.14596,0],[76.17022,13.14652,0],[76.17045,13.14737,0],[76.17053,13.14777,0],[76.17072,13.14851,0],[76.17093,13.1492,0],[76.17116,13.1498,0],[76.17142,13.15076,0],[76.17162,13.15122,0],[76.17181,13.15195,0],[76.17196,13.15256,0],[76.17203,13.15295,0],[76.17204,13.1534,0],[76.17194,13.154,0],[76.17182,13.15448,0],[76.17159,13.15517,0],[76.17128,13.15571,0],[76.17065,13.15645,0],[76.17029,13.157,0],[76.17007,13.15728,0],[76.16978,13.1575,0],[76.16726,13.1588,0],[76.16563,13.15864,0],[76.16393,13.15864,0],[76.16197,13.15848,0],[76.16051,13.15864,0],[76.15937,13.15903,0]]]},"properties":{"RANGE":"HASSAN"}},
{"type":"Feature","geometry":{"type":"Polygon","coordinates":[[[76.24018,12.93236,0],[76.24006,12.93268,0],[76.23999,12.9334,0],[76.23993,12.93389,0],[76.23984,12.93443,0],[76.23954,12.93487,0],[76.23928,12.93521,0],[76.23923,12.93557,0],[76.2392,12.93678,0],[76.23924,12.9383,0],[76.23924,12.93863,0],[76.23924,12.93906,0],[76.23908,12.93951,0],[76.23876,12.93971,0],[76.23806,12.93989,0],[76.2363,12.94018,0],[76.23551,12.94034,0],[76.23425,12.94038,0],[76.23315,12.94052,0],[76.23072,12.94069,0],[76.22888,12.94071,0],[76.22753,12.94081,0],[76.2267,12.94085,0],[76.2263,12.94077,0],[76.22586,12.94059,0],[76.2257,12.9402,0],[76.22558,12.9384,0],[76.22542,12.93761,0],[76.22517,12.93747,0],[76.22481,12.93738,0],[76.22455,12.93706,0],[76.22401,12.93629,0],[76.22355,12.93558,0],[76.22233,12.9341,0],[76.22155,12.933,0],[76.22084,12.93215,0],[76.21925,12.9296,0],[76.21871,12.92866,0],[76.21836,12.92783,0],[76.21776,12.92643,0],[76.21683,12.9246,0],[76.21627,12.92361,0],[76.21594,12.92312,0],[76.21563,12.92266,0],[76.21548,12.92213,0],[76.21542,12.92156,0],[76.21551,12.92111,0],[76.21578,12.92038,0],[76.21617,12.91969,0],[76.21651,12.91893,0],[76.21648,12.9184,0],[76.21605,12.91799,0],[76.21549,12.91755,0],[76.21479,12.91694,0],[76.21414,12.91641,0],[76.21373,12.91604,0],[76.21344,12.91576,0],[76.21328,12.91529,0],[76.21332,12.91485,0],[76.2134,12.9143,0],[76.21348,12.91329,0],[76.21363,12.91254,0],[76.21382,12.91195,0],[76.21411,12.91136,0],[76.21442,12.91097,0],[76.21452,12.91065,0],[76.2145,12.9102,0],[76.21436,12.90992,0],[76.21392,12.9094,0],[76.21357,12.90883,0],[76.2131,12.90814,0],[76.21283,12.90781,0],[76.21272,12.90745,0],[76.21272,12.90676,0],[76.21266,12.90417,0],[76.21267,12.90344,0],[76.21259,12.90293,0],[76.21224,12.90289,0],[76.21215,12.90264,0],[76.21219,12.90228,0],[76.21221,12.90104,0],[76.2123,12.89873,0],[76.2123,12.89739,0],[76.21228,12.89481,0],[76.2122,12.89285,0],[76.21226,12.89157,0],[76.21216,12.89021,0],[76.21216,12.88928,0],[76.21192,12.8878,0],[76.21169,12.88687,0],[76.21159,12.88597,0],[76.21161,12.88524,0],[76.21163,12.88478,0],[76.21171,12.88439,0],[76.21229,12.88313,0],[76.21267,12.88243,0],[76.21292,12.88188,0],[76.21304,12.88137,0],[76.21321,12.88044,0],[76.21331,12.87953,0],[76.21332,12.87825,0],[76.21336,12.87692,0],[76.21328,12.87539,0],[76.2132,12.87387,0],[76.21318,12.87257,0],[76.21322,12.87148,0],[76.21304,12.86935,0],[76.21298,12.86607,0],[76.21294,12.86434,0],[76.21292,12.86255,0],[76.21294,12.86059,0],[76.21309,12.85881,0],[76.21336,12.85653,0],[76.21357,12.85521,0],[76.21386,12.85352,0],[76.21399,12.85267,0],[76.21386,12.85228,0],[76.21349,12.85237,0],[76.21289,12.85287,0],[76.21206,12.85362,0],[76.21067,12.85511,0],[76.20965,12.85601,0],[76.20882,12.8569,0],[76.20766,12.85796,0],[76.20662,12.85914,0],[76.20635,12.85957,0],[76.206,12.86,0],[76.20536,12.86064,0],[76.20467,12.86117,0],[76.20441,12.86146,0],[76.20434,12.86174,0],[76.20451,12.86225,0],[76.20492,12.86304,0],[76.20525,12.86367,0],[76.20536,12.86401,0],[76.20517,12.86438,0],[76.20459,12.86455,0],[76.20409,12.86466,0],[76.20355,12.8647,0],[76.20305,12.86466,0],[76.20245,12.86459,0],[76.20185,12.86457,0],[76.20133,12.86455,0],[76.20086,12.86455,0],[76.20003,12.8647,0],[76.19959,12.86484,0],[76.19918,12.86503,0],[76.19847,12.86537,0],[76.19775,12.86561,0],[76.19706,12.86586,0],[76.19671,12.866,0],[76.19638,12.86604,0],[76.19607,12.866,0],[76.19538,12.86587,0],[76.19482,12.8658,0],[76.19437,12.86586,0],[76.19395,12.8659,0],[76.19352,12.86588,0],[76.19304,12.8658,0],[76.19263,12.8657,0],[76.19198,12.86556,0],[76.19153,12.86543,0],[76.19118,12.86531,0],[76.19082,12.86531,0],[76.19045,12.86545,0],[76.18962,12.86593,0],[76.18902,12.86642,0],[76.18838,12.86696,0],[76.18788,12.86747,0],[76.18713,12.86857,0],[76.1862,12.87028,0],[76.18553,12.87176,0],[76.18512,12.87302,0],[76.18474,12.87396,0],[76.18451,12.87459,0],[76.18435,12.87524,0],[76.18414,12.87562,0],[76.18387,12.87587,0],[76.18362,12.87601,0],[76.18331,12.87601,0],[76.18302,12.87593,0],[76.18265,12.87565,0],[76.18184,12.87492,0],[76.18101,12.87423,0],[76.18043,12.87378,0],[76.17979,12.87339,0],[76.17911,12.87311,0],[76.17809,12.87273,0],[76.17741,12.87251,0],[76.17681,12.8724,0],[76.17645,12.87245,0],[76.1762,12.87273,0],[76.17593,12.87322,0],[76.1756,12.87368,0],[76.17534,12.87395,0],[76.17492,12.87397,0],[76.17444,12.87376,0],[76.17368,12.87342,0],[76.17266,12.8732,0],[76.1722,12.87316,0],[76.17177,12.87314,0],[76.17104,12.87316,0],[76.17021,12.87322,0],[76.16943,12.8733,0],[76.16858,12.87328,0],[76.16789,12.87336,0],[76.16748,12.87331,0],[76.16725,12.87289,0],[76.16729,12.87219,0],[76.16748,12.87093,0],[76.16759,12.8702,0],[76.16763,12.86939,0],[76.16755,12.86883,0],[76.16726,12.86847,0],[76.16684,12.86808,0],[76.16626,12.86765,0],[76.16566,12.8673,0],[76.16506,12.8671,0],[76.16409,12.86685,0],[76.16297,12.86663,0],[76.16119,12.86617,0],[76.15995,12.8659,0],[76.15866,12.86562,0],[76.1574,12.86539,0],[76.15553,12.86513,0],[76.15481,12.86503,0],[76.15381,12.86481,0],[76.15296,12.86466,0],[76.15178,12.86442,0],[76.15043,12.86416,0],[76.14952,12.86404,0],[76.14886,12.86398,0],[76.14811,12.86379,0],[76.14737,12.86361,0],[76.14686,12.86352,0],[76.14648,12.86332,0],[76.14627,12.86308,0],[76.14606,12.86272,0],[76.1459,12.86221,0],[76.14578,12.86152,0],[76.14571,12.86089,0],[76.14574,12.86002,0],[76.14578,12.85901,0],[76.14586,12.85826,0],[76.14597,12.85767,0],[76.1462,12.85673,0],[76.14636,12.85552,0],[76.14651,12.85353,0],[76.14658,12.85246,0],[76.14662,12.85189,0],[76.14672,12.85148,0],[76.14693,12.85093,0],[76.14722,12.85013,0],[76.14753,12.84899,0],[76.14789,12.84792,0],[76.14816,12.8467,0],[76.14837,12.8453,0],[76.14868,12.8436,0],[76.14885,12.84312,0],[76.1491,12.8423,0],[76.14924,12.84165,0],[76.14933,12.841,0],[76.14939,12.84035,0],[76.14952,12.83967,0],[76.14964,12.83912,0],[76.14985,12.83801,0],[76.15008,12.83646,0],[76.15025,12.83547,0],[76.15031,12.83504,0],[76.1505,12.83464,0],[76.15087,12.83432,0],[76.15139,12.83396,0],[76.15172,12.83379,0],[76.1524,12.83341,0],[76.154,12.83278,0],[76.15448,12.83248,0],[76.15471,12.83234,0],[76.15514,12.83193,0],[76.15535,12.83172,0],[76.1556,12.83146,0],[76.15586,12.83108,0],[76.15609,12.8305,0],[76.15627,12.82978,0],[76.15645,12.82891,0],[76.15657,12.82838,0],[76.1569,12.82721,0],[76.15719,12.82656,0],[76.15747,12.82608,0],[76.15782,12.8256,0],[76.15817,12.82527,0],[76.15858,12.82483,0],[76.15898,12.82441,0],[76.15947,12.82397,0],[76.15995,12.82352,0],[76.16093,12.8227,0],[76.1615,12.82229,0],[76.16179,12.82198,0],[76.16199,12.82174,0],[76.16218,12.8214,0],[76.16231,12.82093,0],[76.16236,12.8205,0],[76.16257,12.81924,0],[76.16289,12.81777,0],[76.16321,12.81669,0],[76.16354,12.81528,0],[76.1637,12.81466,0],[76.16428,12.81303,0],[76.16478,12.81182,0],[76.16541,12.81012,0],[76.16603,12.80832,0],[76.1662,12.8076,0],[76.16631,12.80677,0],[76.16651,12.80548,0],[76.16677,12.80342,0],[76.16691,12.80272,0],[76.16709,12.80212,0],[76.16734,12.80182,0],[76.16769,12.80167,0],[76.1683,12.8015,0],[76.16987,12.80113,0],[76.17113,12.80087,0],[76.17175,12.80079,0],[76.17211,12.80074,0],[76.17247,12.80065,0],[76.1728,12.80056,0],[76.17312,12.80033,0],[76.17324,12.80001,0],[76.17324,12.79963,0],[76.17328,12.79894,0],[76.17329,12.7979,0],[76.17324,12.79618,0],[76.17334,12.79376,0],[76.17341,12.79183,0],[76.17348,12.78935,0],[76.17352,12.78802,0],[76.1735,12.78731,0],[76.17335,12.78684,0],[76.17308,12.78662,0],[76.17261,12.78651,0],[76.17159,12.78632,0],[76.17017,12.78592,0],[76.16892,12.78554,0],[76.16708,12.78503,0],[76.16611,12.7847,0],[76.16553,12.78457,0],[76.16522,12.78443,0],[76.16492,12.78427,0],[76.16471,12.78405,0],[76.1645,12.78378,0],[76.16429,12.78328,0],[76.16408,12.78264,0],[76.16392,12.7819,0],[76.16369,12.78094,0],[76.16361,12.78025,0],[76.16355,12.77951,0],[76.16347,12.77857,0],[76.16349,12.77788,0],[76.16354,12.77702,0],[76.16347,12.77621,0],[76.16338,12.77542,0],[76.16331,12.77488,0],[76.16328,12.77374,0],[76.1633,12.77266,0],[76.16328,12.77221,0],[76.1634,12.77188,0],[76.16376,12.7715,0],[76.16416,12.77126,0],[76.16497,12.77083,0],[76.16627,12.77021,0],[76.1674,12.76974,0],[76.16843,12.76921,0],[76.16957,12.76869,0],[76.17089,12.76793,0],[76.17133,12.7676,0],[76.17159,12.76729,0],[76.17174,12.76693,0],[76.17174,12.76648,0],[76.17163,12.7659,0],[76.17151,12.76514,0],[76.17132,12.76426,0],[76.17095,12.76317,0],[76.17067,12.76241,0],[76.17039,12.76181,0],[76.17004,12.76122,0],[76.1698,12.76074,0],[76.1695,12.76029,0],[76.16909,12.75976,0],[76.16871,12.75942,0],[76.16827,12.75918,0],[76.1679,12.75907,0],[76.16702,12.75893,0],[76.16592,12.75885,0],[76.1653,12.75888,0],[76.16455,12.7588,0],[76.16341,12.75858,0],[76.1623,12.75832,0],[76.16077,12.75799,0],[76.15942,12.75767,0],[76.15886,12.75753,0],[76.15839,12.75722,0],[76.15835,12.75684,0],[76.15842,12.7565,0],[76.15853,12.75596,0],[76.15869,12.75524,0],[76.15892,12.75415,0],[76.15906,12.7535,0],[76.15929,12.75292,0],[76.15948,12.75242,0],[76.15971,12.7521,0],[76.16008,12.75158,0],[76.1604,12.75129,0],[76.16069,12.75117,0],[76.16112,12.75103,0],[76.16168,12.75096,0],[76.16233,12.75084,0],[76.1628,12.75069,0],[76.16343,12.75037,0],[76.16351,12.75003,0],[76.16408,12.74971,0],[76.16435,12.74949,0],[76.16475,12.74915,0],[76.16506,12.7488,0],[76.16532,12.74778,0],[76.16527,12.74667,0],[76.16532,12.7451,0],[76.16554,12.7439,0],[76.16584,12.74307,0],[76.1661,12.74241,0],[76.16608,12.74203,0],[76.16546,12.74112,0],[76.16494,12.74005,0],[76.16458,12.73879,0],[76.16453,12.73792,0],[76.16453,12.73716,0],[76.16474,12.7362,0],[76.16453,12.73498,0],[76.16443,12.73463,0],[76.16391,12.73453,0],[76.1635,12.73458,0],[76.16262,12.73473,0],[76.16205,12.73483,0],[76.16179,12.73463,0],[76.16156,12.7344,0],[76.16027,12.73186,0],[76.15951,12.73023,0],[76.15836,12.72776,0],[76.15787,12.72449,0],[76.15777,12.72388,0],[76.15787,12.72322,0],[76.15777,12.72144,0],[76.15767,12.71977,0],[76.15772,12.71932,0],[76.15798,12.71899,0],[76.1588,12.71876,0],[76.15943,12.7184,0],[76.15999,12.718,0],[76.1602,12.7177,0],[76.16036,12.71739,0],[76.16041,12.71699,0],[76.16056,12.71673,0],[76.16106,12.71668,0],[76.16144,12.71668,0],[76.1615,12.71643,0],[76.16142,12.71585,0],[76.16121,12.71468,0],[76.16111,12.71387,0],[76.1609,12.71331,0],[76.16049,12.71306,0],[76.15977,12.71296,0],[76.15939,12.71284,0],[76.16205,12.71249,0],[76.16211,12.71211,0],[76.16213,12.71179,0],[76.16212,12.7115,0],[76.1621,12.71119,0],[76.16207,12.71087,0],[76.16203,12.71047,0],[76.162,12.71015,0],[76.16197,12.70985,0],[76.16193,12.70946,0],[76.1619,12.70916,0],[76.16188,12.7089,0],[76.16184,12.70856,0],[76.16178,12.70822,0],[76.16173,12.70791,0],[76.16171,12.70743,0],[76.1617,12.70699,0],[76.15807,12.7067,0],[76.15564,12.70685,0],[76.15608,12.70558,0],[76.15623,12.70467,0],[76.15613,12.70335,0],[76.15598,12.70274,0],[76.15603,12.70233,0],[76.15639,12.70203,0],[76.1567,12.70152,0],[76.15691,12.70097,0],[76.15711,12.69985,0],[76.15725,12.6981,0],[76.15725,12.69643,0],[76.15725,12.69537,0],[76.1572,12.69319,0],[76.1572,12.69177,0],[76.15736,12.69095,0],[76.15751,12.6904,0],[76.15798,12.68969,0],[76.15831,12.68913,0],[76.15831,12.68855,0],[76.15806,12.68779,0],[76.15764,12.68637,0],[76.15749,12.68586,0],[76.15744,12.68561,0],[76.15764,12.68541,0],[76.15795,12.6851,0],[76.15847,12.68454,0],[76.15956,12.68333,0],[76.1607,12.68191,0],[76.16105,12.68132,0],[76.16197,12.67977,0],[76.16279,12.67808,0],[76.16347,12.67611,0],[76.16393,12.67373,0],[76.16407,12.6702,0],[76.16402,12.6696,0],[76.16391,12.66873,0],[76.16355,12.66706,0],[76.16314,12.66605,0],[76.16278,12.66503,0],[76.16273,12.66442,0],[76.16278,12.66387,0],[76.16304,12.66361,0],[76.16335,12.6629,0],[76.16366,12.6623,0],[76.16366,12.66169,0],[76.16382,12.66108,0],[76.16405,12.6607,0],[76.16576,12.65827,0],[76.16591,12.65771,0],[76.16596,12.6569,0],[76.16566,12.65507,0],[76.16566,12.65467,0],[76.16571,12.65437,0],[76.16612,12.65421,0],[76.1669,12.65376,0],[76.16772,12.6534,0],[76.16835,12.65295,0],[76.1685,12.65269,0],[76.16855,12.65224,0],[76.16845,12.65173,0],[76.1678,12.6511,0],[76.16651,12.65059,0],[76.1662,12.65021,0],[76.16625,12.64958,0],[76.16569,12.64932,0],[76.16512,12.64927,0],[76.16326,12.64927,0],[76.16078,12.64906,0],[76.16031,12.64906,0],[76.15985,12.64883,0],[76.15964,12.64845,0],[76.15964,12.64805,0],[76.15964,12.64749,0],[76.15977,12.64595,0],[76.15993,12.64539,0],[76.16019,12.64483,0],[76.16055,12.64422,0],[76.16091,12.64361,0],[76.16138,12.64311,0],[76.16194,12.6424,0],[76.1621,12.64199,0],[76.1622,12.64118,0],[76.16205,12.64017,0],[76.162,12.6389,0],[76.1619,12.63784,0],[76.162,12.63733,0],[76.16223,12.63685,0],[76.16254,12.63644,0],[76.16275,12.63614,0],[76.16306,12.63573,0],[76.16311,12.63528,0],[76.16311,12.63477,0],[76.16296,12.63437,0],[76.1627,12.63401,0],[76.16306,12.63386,0],[76.16348,12.63376,0],[76.16467,12.63376,0],[76.16523,12.63376,0],[76.16616,12.63381,0],[76.16653,12.63381,0],[76.16694,12.63407,0],[76.16735,12.63406,0],[76.16792,12.63417,0],[76.16844,12.63452,0],[76.16883,12.63467,0],[76.16939,12.63462,0],[76.16983,12.63462,0],[76.17027,12.63468,0],[76.17102,12.63463,0],[76.171,12.63402,0],[76.17076,12.63356,0],[76.17061,12.63331,0],[76.17045,12.6329,0],[76.17012,12.63176,0],[76.16996,12.63075,0],[76.16971,12.63014,0],[76.1696,12.62948,0],[76.16961,12.62871,0],[76.16955,12.62796,0],[76.16966,12.62745,0],[76.16981,12.62659,0],[76.16992,12.62608,0],[76.16981,12.62527,0],[76.16966,12.62446,0],[76.16951,12.6235,0],[76.1693,12.62269,0],[76.16962,12.62227,0],[76.17005,12.62231,0],[76.17031,12.62216,0],[76.17108,12.622,0],[76.17176,12.6218,0],[76.17196,12.6216,0],[76.17207,12.62119,0],[76.17207,12.62084,0],[76.17217,12.62043,0],[76.17253,12.62003,0],[76.173,12.61972,0],[76.17362,12.61947,0],[76.17496,12.61917,0],[76.17558,12.61902,0],[76.17594,12.61881,0],[76.17607,12.61838,0],[76.17615,12.618,0],[76.17605,12.61714,0],[76.17602,12.61575,0],[76.17602,12.61509,0],[76.17592,12.61413,0],[76.17587,12.61306,0],[76.17587,12.61255,0],[76.17608,12.6122,0],[76.17639,12.61179,0],[76.1767,12.61154,0],[76.17691,12.61114,0],[76.17701,12.61068,0],[76.17706,12.61017,0],[76.17717,12.60977,0],[76.17773,12.60972,0],[76.17804,12.60956,0],[76.1783,12.60916,0],[76.1783,12.6086,0],[76.1783,12.6081,0],[76.1783,12.60764,0],[76.17851,12.60739,0],[76.17877,12.60728,0],[76.17962,12.60716,0],[76.18102,12.60711,0],[76.18159,12.60736,0],[76.18179,12.60767,0],[76.18195,12.60812,0],[76.18215,12.60888,0],[76.18241,12.60939,0],[76.18251,12.60985,0],[76.18262,12.6103,0],[76.18267,12.61066,0],[76.18287,12.61091,0],[76.1835,12.61106,0],[76.1837,12.61132,0],[76.18355,12.61157,0],[76.18303,12.61147,0],[76.18256,12.61139,0],[76.18225,12.61187,0],[76.18215,12.61228,0],[76.1822,12.61253,0],[76.18246,12.61274,0],[76.18287,12.61279,0],[76.18329,12.61284,0],[76.1837,12.61289,0],[76.18406,12.61274,0],[76.18442,12.61253,0],[76.18468,12.61228,0],[76.1852,12.61198,0],[76.18561,12.61172,0],[76.18618,12.61132,0],[76.18634,12.61107,0],[76.18665,12.61086,0],[76.18696,12.61081,0],[76.18716,12.61102,0],[76.18737,12.61137,0],[76.18747,12.61198,0],[76.18742,12.61233,0],[76.18763,12.61263,0],[76.18794,12.61231,0],[76.18843,12.61216,0],[76.189,12.61167,0],[76.18976,12.61117,0],[76.1904,12.61029,0],[76.19085,12.60923,0],[76.19111,12.60817,0],[76.1913,12.60673,0],[76.19159,12.60501,0],[76.19203,12.60319,0],[76.19229,12.60225,0],[76.19293,12.60069,0],[76.1937,12.59931,0],[76.19402,12.59881,0],[76.19459,12.59806,0],[76.19478,12.59743,0],[76.19491,12.59656,0],[76.19472,12.59562,0],[76.19466,12.59505,0],[76.19423,12.59391,0],[76.19423,12.59391,0],[76.19543,12.59561,0],[76.19568,12.59597,0],[76.19698,12.59792,0],[76.19737,12.59863,0],[76.19765,12.59916,0],[76.1981,12.5999,0],[76.19816,12.6,0],[76.19885,12.60143,0],[76.19891,12.60193,0],[76.19894,12.60223,0],[76.19906,12.6025,0],[76.19928,12.60297,0],[76.19995,12.60394,0],[76.20001,12.60403,0],[76.201,12.60577,0],[76.20133,12.60654,0],[76.20137,12.60665,0],[76.20138,12.60666,0],[76.20147,12.60715,0],[76.20155,12.60756,0],[76.20174,12.60875,0],[76.20178,12.60896,0],[76.2019,12.60955,0],[76.20203,12.60986,0],[76.20209,12.60999,0],[76.20218,12.61018,0],[76.20229,12.61035,0],[76.20269,12.61095,0],[76.20362,12.61208,0],[76.20405,12.6126,0],[76.20692,12.61542,0],[76.20714,12.6157,0],[76.20715,12.61571,0],[76.20742,12.61586,0],[76.20742,12.61586,0],[76.20743,12.61586,0],[76.20784,12.61586,0],[76.21127,12.61533,0],[76.21303,12.61497,0],[76.21325,12.61493,0],[76.21337,12.61491,0],[76.21337,12.61491,0],[76.21377,12.61501,0],[76.21377,12.61501,0],[76.21377,12.61501,0],[76.21521,12.61757,0],[76.21528,12.61768,0],[76.21561,12.61918,0],[76.21587,12.62036,0],[76.21647,12.62322,0],[76.21655,12.6237,0],[76.21643,12.62419,0],[76.21474,12.62632,0],[76.21419,12.62692,0],[76.21395,12.62711,0],[76.21391,12.62714,0],[76.2134,12.6272,0],[76.20832,12.62751,0],[76.20781,12.62752,0],[76.20781,12.62752,0],[76.20764,12.62753,0],[76.20729,12.62753,0],[76.20638,12.62755,0],[76.2061,12.62762,0],[76.2061,12.62762,0],[76.2061,12.62762,0],[76.20621,12.62787,0],[76.20688,12.62925,0],[76.20708,12.62964,0],[76.20812,12.63178,0],[76.20897,12.63353,0],[76.20916,12.63382,0],[76.21009,12.63519,0],[76.2111,12.63623,0],[76.21143,12.63656,0],[76.21215,12.63726,0],[76.21266,12.63775,0],[76.21288,12.63797,0],[76.21407,12.63882,0],[76.21407,12.63882,0],[76.2181,12.64175,0],[76.21879,12.64222,0],[76.21967,12.64282,0],[76.22021,12.64304,0],[76.22078,12.6431,0],[76.22091,12.64309,0],[76.22122,12.64307,0],[76.22123,12.64307,0],[76.2227,12.6429,0],[76.22281,12.64289,0],[76.22281,12.64289,0],[76.22428,12.64295,0],[76.22437,12.64295,0],[76.22679,12.64312,0],[76.22715,12.64309,0],[76.22715,12.64309,0],[76.22838,12.643,0],[76.22952,12.64288,0],[76.2311,12.64257,0],[76.23129,12.64253,0],[76.23138,12.64252,0],[76.23138,12.64252,0],[76.23185,12.64243,0],[76.23335,12.64215,0],[76.23428,12.64146,0],[76.23428,12.64146,0],[76.23445,12.64134,0],[76.23528,12.64028,0],[76.23604,12.6396,0],[76.23682,12.63909,0],[76.23718,12.63885,0],[76.23853,12.63793,0],[76.23888,12.63784,0],[76.23965,12.63763,0],[76.24002,12.63753,0],[76.24075,12.63735,0],[76.24212,12.637,0],[76.24279,12.63684,0],[76.24307,12.63677,0],[76.24359,12.63664,0],[76.24364,12.63663,0],[76.24364,12.63663,0],[76.24391,12.63649,0],[76.24534,12.63577,0],[76.24576,12.63554,0],[76.24628,12.63525,0],[76.24705,12.63497,0],[76.24742,12.63459,0],[76.24751,12.63441,0],[76.24759,12.63425,0],[76.24759,12.63422,0],[76.24762,12.63397,0],[76.24768,12.63372,0],[76.24775,12.63344,0],[76.24778,12.63318,0],[76.24781,12.63294,0],[76.24784,12.63269,0],[76.24791,12.63217,0],[76.24787,12.63132,0],[76.24783,12.63031,0],[76.24776,12.62907,0],[76.24765,12.62857,0],[76.24765,12.62856,0],[76.24745,12.62767,0],[76.24704,12.62624,0],[76.24691,12.62588,0],[76.24673,12.62541,0],[76.24673,12.6254,0],[76.24665,12.62497,0],[76.24671,12.62485,0],[76.24683,12.62457,0],[76.24695,12.62452,0],[76.24695,12.62452,0],[76.24712,12.62445,0],[76.24754,12.62432,0],[76.24785,12.62423,0],[76.24785,12.62423,0],[76.2484,12.62402,0],[76.25,12.62397,0],[76.25013,12.62395,0],[76.25062,12.62389,0],[76.25092,12.62347,0],[76.25096,12.62325,0],[76.25101,12.62301,0],[76.25126,12.62292,0],[76.25134,12.62289,0],[76.25198,12.62281,0],[76.25255,12.62282,0],[76.25355,12.62285,0],[76.25366,12.62279,0],[76.2541,12.62256,0],[76.25409,12.62241,0],[76.25408,12.62218,0],[76.25415,12.62158,0],[76.2542,12.62115,0],[76.25424,12.6206,0],[76.25425,12.62052,0],[76.25446,12.62027,0],[76.25463,12.62006,0],[76.25492,12.61976,0],[76.25552,12.61911,0],[76.25591,12.61907,0],[76.25653,12.61923,0],[76.25688,12.61932,0],[76.25688,12.61932,0],[76.2576,12.61944,0],[76.25798,12.61969,0],[76.25823,12.62023,0],[76.25832,12.6205,0],[76.25841,12.62078,0],[76.25841,12.62078,0],[76.25859,12.62078,0],[76.25879,12.62078,0],[76.25879,12.62078,0],[76.25914,12.62067,0],[76.25951,12.62057,0],[76.26131,12.61986,0],[76.26246,12.61938,0],[76.2639,12.61878,0],[76.26572,12.61808,0],[76.26572,12.61808,0],[76.26614,12.6182,0],[76.26614,12.6182,0],[76.26694,12.62016,0],[76.26731,12.62093,0],[76.26759,12.62149,0],[76.26792,12.62228,0],[76.26792,12.62228,0],[76.26801,12.62282,0],[76.26782,12.62354,0],[76.26781,12.62357,0],[76.26781,12.62358,0],[76.26747,12.62482,0],[76.26688,12.62656,0],[76.26667,12.62714,0],[76.26662,12.62727,0],[76.26675,12.6276,0],[76.26714,12.62781,0],[76.2679,12.62801,0],[76.26794,12.62802,0],[76.26908,12.62831,0],[76.27082,12.62864,0],[76.27309,12.62919,0],[76.27388,12.62947,0],[76.27534,12.62998,0],[76.27607,12.63032,0],[76.2766,12.63056,0],[76.27783,12.6309,0],[76.2786,12.6313,0],[76.27894,12.63148,0],[76.27893,12.6316,0],[76.27889,12.6319,0],[76.27892,12.63193,0],[76.27926,12.63227,0],[76.27962,12.63227,0],[76.27962,12.63227,0],[76.27963,12.63227,0],[76.28012,12.63223,0],[76.28039,12.6322,0],[76.28039,12.6322,0],[76.28055,12.63219,0],[76.28055,12.63219,0],[76.28055,12.63177,0],[76.28048,12.63158,0],[76.2803,12.63102,0],[76.28021,12.63044,0],[76.28043,12.63011,0],[76.28119,12.6299,0],[76.28163,12.62971,0],[76.28207,12.62953,0],[76.28246,12.62928,0],[76.2825,12.62906,0],[76.2825,12.62903,0],[76.28243,12.62882,0],[76.28231,12.62849,0],[76.2821,12.62724,0],[76.28176,12.62616,0],[76.281,12.62458,0],[76.28075,12.62371,0],[76.28056,12.62121,0],[76.28056,12.61921,0],[76.2806,12.6166,0],[76.28082,12.61593,0],[76.28089,12.61578,0],[76.28094,12.61568,0],[76.28094,12.61568,0],[76.28166,12.61556,0],[76.28278,12.6153,0],[76.28549,12.6147,0],[76.28571,12.61464,0],[76.28583,12.61462,0],[76.28741,12.61427,0],[76.28813,12.61427,0],[76.28857,12.61441,0],[76.28881,12.61448,0],[76.28931,12.61469,0],[76.28951,12.61478,0],[76.29008,12.61502,0],[76.29123,12.61536,0],[76.29131,12.61537,0],[76.29182,12.61544,0],[76.2919,12.61577,0],[76.29198,12.61669,0],[76.2922,12.61802,0],[76.29245,12.61968,0],[76.2927,12.62098,0],[76.29298,12.62247,0],[76.29334,12.62399,0],[76.29379,12.62531,0],[76.29381,12.62536,0],[76.29403,12.62591,0],[76.29427,12.62611,0],[76.29434,12.62611,0],[76.29496,12.62611,0],[76.29496,12.62611,0],[76.29517,12.62613,0],[76.29568,12.62617,0],[76.29616,12.62625,0],[76.29651,12.6263,0],[76.29843,12.62742,0],[76.29852,12.62746,0],[76.29861,12.62749,0],[76.29937,12.6278,0],[76.29937,12.6278,0],[76.30056,12.62785,0],[76.30085,12.62776,0],[76.30094,12.62774,0],[76.30094,12.62774,0],[76.30101,12.62768,0],[76.30137,12.62734,0],[76.30153,12.62699,0],[76.30155,12.62635,0],[76.30151,12.6256,0],[76.30143,12.62484,0],[76.30132,12.62371,0],[76.30133,12.6237,0],[76.30155,12.62339,0],[76.30213,12.62321,0],[76.30222,12.62288,0],[76.30223,12.62256,0],[76.30224,12.62158,0],[76.30245,12.62102,0],[76.30286,12.62094,0],[76.30301,12.62093,0],[76.30301,12.62093,0],[76.30375,12.62089,0],[76.30418,12.62086,0],[76.30418,12.62086,0],[76.30498,12.62097,0],[76.30498,12.62097,0],[76.30518,12.6212,0],[76.30561,12.62223,0],[76.30565,12.62232,0],[76.30611,12.62385,0],[76.30632,12.62405,0],[76.30632,12.62405,0],[76.30654,12.62398,0],[76.30657,12.62396,0],[76.30701,12.62365,0],[76.30762,12.62327,0],[76.30766,12.62325,0],[76.30833,12.62282,0],[76.30928,12.62259,0],[76.30956,12.62253,0],[76.31033,12.62221,0],[76.31038,12.62196,0],[76.31041,12.62184,0],[76.31038,12.62112,0],[76.31037,12.6206,0],[76.31036,12.62017,0],[76.31021,12.61908,0],[76.30987,12.61747,0],[76.30974,12.61685,0],[76.30849,12.61355,0],[76.30765,12.6113,0],[76.30763,12.6111,0],[76.30756,12.61033,0],[76.30777,12.60935,0],[76.30787,12.60925,0],[76.308,12.60912,0],[76.30844,12.60906,0],[76.30853,12.60906,0],[76.30903,12.60907,0],[76.3096,12.60904,0],[76.30988,12.60904,0],[76.30988,12.60904,0],[76.31218,12.6093,0],[76.3175,12.60987,0],[76.32015,12.61032,0],[76.32015,12.61032,0],[76.32198,12.61077,0],[76.32201,12.61078,0],[76.32262,12.61091,0],[76.32262,12.61091,0],[76.32288,12.61088,0],[76.32322,12.61083,0],[76.32527,12.60999,0],[76.32695,12.60954,0],[76.32794,12.60959,0],[76.32853,12.60982,0],[76.32872,12.61011,0],[76.32898,12.61189,0],[76.32902,12.61215,0],[76.32909,12.61261,0],[76.32921,12.61279,0],[76.32933,12.61296,0],[76.32955,12.61307,0],[76.32965,12.61313,0],[76.3299,12.61355,0],[76.3299,12.61355,0],[76.32991,12.61357,0],[76.32991,12.61395,0],[76.32992,12.61408,0],[76.3297,12.61546,0],[76.32943,12.61825,0],[76.32937,12.62007,0],[76.32935,12.62077,0],[76.32947,12.62319,0],[76.32951,12.62622,0],[76.32951,12.62623,0],[76.3295,12.62623,0],[76.32893,12.62689,0],[76.32893,12.62689,0],[76.32693,12.62859,0],[76.32626,12.62926,0],[76.32564,12.62988,0],[76.32452,12.63123,0],[76.32405,12.63181,0],[76.32403,12.63183,0],[76.32374,12.63249,0],[76.32364,12.63299,0],[76.32362,12.6331,0],[76.32372,12.63322,0],[76.32385,12.63338,0],[76.32405,12.63354,0],[76.32452,12.63392,0],[76.32626,12.63506,0],[76.32701,12.6356,0],[76.32772,12.63625,0],[76.32791,12.63646,0],[76.32835,12.63697,0],[76.32883,12.63751,0],[76.32935,12.6385,0],[76.32961,12.63905,0],[76.32983,12.63952,0],[76.33013,12.64004,0],[76.33046,12.64037,0],[76.33061,12.64051,0],[76.33125,12.64096,0],[76.33234,12.64161,0],[76.33237,12.64163,0],[76.33238,12.64164,0],[76.3326,12.64188,0],[76.33285,12.64222,0],[76.33308,12.64277,0],[76.33343,12.64306,0],[76.33429,12.64334,0],[76.3363,12.64384,0],[76.33683,12.64396,0],[76.33755,12.64413,0],[76.33877,12.6446,0],[76.33913,12.64493,0],[76.33915,12.64495,0],[76.3392,12.64502,0],[76.3394,12.6453,0],[76.33947,12.64549,0],[76.33963,12.64597,0],[76.33971,12.64639,0],[76.33971,12.64639,0],[76.33973,12.64651,0],[76.33973,12.64696,0],[76.33973,12.64718,0],[76.33973,12.6472,0],[76.33974,12.64755,0],[76.33978,12.6488,0],[76.33966,12.65157,0],[76.33966,12.6516,0],[76.33967,12.65194,0],[76.34017,12.65223,0],[76.34037,12.65237,0],[76.34058,12.65252,0],[76.34092,12.65279,0],[76.34126,12.65305,0],[76.3414,12.65314,0],[76.34184,12.65343,0],[76.3422,12.65367,0],[76.34242,12.65383,0],[76.34301,12.6543,0],[76.34282,12.65523,0],[76.34281,12.65526,0],[76.34261,12.65616,0],[76.34251,12.65706,0],[76.34263,12.65784,0],[76.34292,12.65844,0],[76.34292,12.65844,0],[76.34334,12.65932,0],[76.34347,12.65954,0],[76.34366,12.65987,0],[76.34515,12.66236,0],[76.34575,12.66325,0],[76.34617,12.66387,0],[76.34728,12.6655,0],[76.34765,12.66605,0],[76.34792,12.66646,0],[76.34811,12.66663,0],[76.34842,12.66691,0],[76.34894,12.6671,0],[76.34927,12.66722,0],[76.34958,12.66723,0],[76.35007,12.66725,0],[76.35141,12.6671,0],[76.35196,12.66698,0],[76.35332,12.6667,0],[76.35398,12.6667,0],[76.35349,12.6702,0],[76.35349,12.67022,0],[76.35357,12.67074,0],[76.35357,12.67074,0],[76.35357,12.67074,0],[76.35401,12.67082,0],[76.35401,12.67082,0],[76.35466,12.67097,0],[76.35466,12.67097,0],[76.35467,12.67098,0],[76.35479,12.6712,0],[76.35479,12.6712,0],[76.35479,12.6712,0],[76.35474,12.67155,0],[76.35459,12.67231,0],[76.35448,12.67362,0],[76.35435,12.67509,0],[76.35455,12.67786,0],[76.35455,12.67793,0],[76.35455,12.67793,0],[76.35478,12.67969,0],[76.35506,12.68336,0],[76.35522,12.68351,0],[76.35526,12.68355,0],[76.35539,12.68355,0],[76.35563,12.68355,0],[76.35563,12.68355,0],[76.35585,12.6836,0],[76.35631,12.6837,0],[76.35632,12.6837,0],[76.35661,12.68373,0],[76.35661,12.68373,0],[76.35747,12.6838,0],[76.35785,12.68395,0],[76.35818,12.68409,0],[76.35906,12.68457,0],[76.3605,12.68537,0],[76.3605,12.68538,0],[76.36078,12.68569,0],[76.36078,12.68569,0],[76.36078,12.6857,0],[76.36078,12.68604,0],[76.36056,12.68669,0],[76.36044,12.68702,0],[76.36021,12.68769,0],[76.35994,12.68843,0],[76.35994,12.68859,0],[76.35993,12.68887,0],[76.36014,12.68921,0],[76.36014,12.68921,0],[76.3603,12.68929,0],[76.36072,12.68951,0],[76.36096,12.6896,0],[76.36124,12.68969,0],[76.36183,12.68972,0],[76.36184,12.68972,0],[76.36237,12.68972,0],[76.36245,12.68972,0],[76.36268,12.68972,0],[76.36276,12.68972,0],[76.3628,12.68987,0],[76.36286,12.69011,0],[76.36278,12.69149,0],[76.36271,12.69265,0],[76.36267,12.69315,0],[76.36261,12.69378,0],[76.36261,12.69419,0],[76.36272,12.6945,0],[76.36308,12.69499,0],[76.36369,12.69599,0],[76.36387,12.69641,0],[76.36387,12.69705,0],[76.36387,12.69732,0],[76.36387,12.69732,0],[76.36386,12.69777,0],[76.36362,12.69874,0],[76.36341,12.69983,0],[76.3634,12.69993,0],[76.3632,12.70152,0],[76.36311,12.70551,0],[76.36313,12.70628,0],[76.36314,12.70875,0],[76.36314,12.70875,0],[76.36314,12.7097,0],[76.36314,12.70971,0],[76.36308,12.71005,0],[76.36308,12.71005,0],[76.36308,12.71005,0],[76.36285,12.71026,0],[76.36285,12.71026,0],[76.36236,12.71026,0],[76.36236,12.71026,0],[76.36221,12.71024,0],[76.36107,12.71003,0],[76.36055,12.70995,0],[76.35989,12.70985,0],[76.35879,12.7097,0],[76.35817,12.70962,0],[76.35817,12.70962,0],[76.35738,12.70964,0],[76.35649,12.70985,0],[76.35516,12.71034,0],[76.35372,12.71115,0],[76.3532,12.71144,0],[76.35152,12.71257,0],[76.35077,12.7132,0],[76.35029,12.7136,0],[76.34977,12.71421,0],[76.34977,12.71421,0],[76.34826,12.71599,0],[76.34779,12.71667,0],[76.34763,12.71692,0],[76.34744,12.71719,0],[76.34715,12.71763,0],[76.34692,12.71826,0],[76.34664,12.71902,0],[76.34591,12.72028,0],[76.34569,12.72078,0],[76.34554,12.72113,0],[76.34532,12.72166,0],[76.34515,12.72208,0],[76.34507,12.72255,0],[76.34502,12.72285,0],[76.34502,12.72302,0],[76.34501,12.72418,0],[76.34518,12.72604,0],[76.3453,12.72665,0],[76.34534,12.72681,0],[76.34532,12.72771,0],[76.34501,12.72787,0],[76.34501,12.72787,0],[76.34459,12.72792,0],[76.34443,12.72794,0],[76.34383,12.72817,0],[76.34351,12.72833,0],[76.34299,12.72864,0],[76.3427,12.72892,0],[76.34267,12.72894,0],[76.34266,12.72896,0],[76.34228,12.72948,0],[76.34204,12.72995,0],[76.34195,12.73019,0],[76.34185,12.73046,0],[76.34205,12.73076,0],[76.34206,12.73077,0],[76.34206,12.73077,0],[76.34297,12.73176,0],[76.34407,12.73295,0],[76.34407,12.73295,0],[76.3452,12.73417,0],[76.34646,12.73566,0],[76.34647,12.73568,0],[76.34681,12.73611,0],[76.34679,12.73651,0],[76.34661,12.73679,0],[76.34647,12.73702,0],[76.34636,12.73728,0],[76.34597,12.73815,0],[76.34566,12.7389,0],[76.34548,12.73928,0],[76.34548,12.73928,0],[76.34523,12.73985,0],[76.34518,12.73995,0],[76.34505,12.74022,0],[76.34489,12.74055,0],[76.34491,12.74076,0],[76.34492,12.74087,0],[76.34515,12.7412,0],[76.34576,12.74145,0],[76.34729,12.74217,0],[76.34786,12.74257,0],[76.34817,12.74282,0],[76.34847,12.74292,0],[76.34847,12.74292,0],[76.34847,12.74292,0],[76.3488,12.74279,0],[76.34949,12.74225,0],[76.35074,12.74135,0],[76.3508,12.74132,0],[76.35117,12.74112,0],[76.35139,12.74099,0],[76.35143,12.74097,0],[76.35173,12.74085,0],[76.35203,12.74082,0],[76.35204,12.74082,0],[76.35255,12.74085,0],[76.35255,12.74085,0],[76.35352,12.7411,0],[76.35477,12.74155,0],[76.3549,12.74161,0],[76.35566,12.74202,0],[76.35627,12.74255,0],[76.35701,12.74347,0],[76.35714,12.74368,0],[76.35775,12.74467,0],[76.35838,12.74563,0],[76.35842,12.74569,0],[76.3586,12.74619,0],[76.3586,12.74667,0],[76.35858,12.74708,0],[76.35857,12.74712,0],[76.35847,12.74769,0],[76.35835,12.74846,0],[76.35822,12.74883,0],[76.35822,12.74883,0],[76.35822,12.74883,0],[76.35808,12.74909,0],[76.35791,12.74916,0],[76.35779,12.74921,0],[76.35778,12.74921,0],[76.35728,12.7493,0],[76.35635,12.74934,0],[76.35581,12.7495,0],[76.35553,12.74957,0],[76.35534,12.7496,0],[76.35534,12.7496,0],[76.35489,12.74966,0],[76.35469,12.74976,0],[76.35445,12.74987,0],[76.35413,12.74996,0],[76.35393,12.75002,0],[76.35392,12.75002,0],[76.3536,12.75022,0],[76.3536,12.75022,0],[76.3536,12.75022,0],[76.35283,12.75081,0],[76.35268,12.75092,0],[76.35192,12.75152,0],[76.35152,12.75184,0],[76.35133,12.75205,0],[76.35081,12.75264,0],[76.35029,12.75323,0],[76.34742,12.75615,0],[76.3457,12.75793,0],[76.34422,12.75961,0],[76.34398,12.75985,0],[76.34341,12.76042,0],[76.34305,12.76157,0],[76.34296,12.76243,0],[76.34296,12.76246,0],[76.34288,12.76363,0],[76.34283,12.76429,0],[76.34284,12.76434,0],[76.3429,12.76484,0],[76.34294,12.7652,0],[76.34296,12.76545,0],[76.34318,12.76596,0],[76.34323,12.76602,0],[76.3435,12.76638,0],[76.34468,12.76696,0],[76.34628,12.76745,0],[76.34782,12.76802,0],[76.34912,12.76857,0],[76.34913,12.76857,0],[76.34985,12.76914,0],[76.35071,12.77006,0],[76.35088,12.77051,0],[76.35092,12.77063,0],[76.35097,12.77075,0],[76.35096,12.77101,0],[76.35092,12.77174,0],[76.35084,12.77232,0],[76.35073,12.7731,0],[76.35062,12.77358,0],[76.35053,12.77396,0],[76.35017,12.77483,0],[76.34988,12.77542,0],[76.34972,12.77577,0],[76.34896,12.77676,0],[76.34896,12.77676,0],[76.34892,12.77689,0],[76.34849,12.77823,0],[76.34849,12.77952,0],[76.34859,12.78051,0],[76.34883,12.78116,0],[76.34943,12.78269,0],[76.34984,12.78375,0],[76.35005,12.78445,0],[76.35023,12.78504,0],[76.35021,12.7852,0],[76.35016,12.78561,0],[76.34992,12.78587,0],[76.34972,12.78595,0],[76.34952,12.78603,0],[76.34918,12.7861,0],[76.34911,12.78612,0],[76.34911,12.78612,0],[76.34907,12.78612,0],[76.34879,12.78612,0],[76.34818,12.78603,0],[76.34515,12.78566,0],[76.34471,12.78558,0],[76.34327,12.78532,0],[76.33933,12.785,0],[76.33808,12.78495,0],[76.33797,12.78497,0],[76.33701,12.7851,0],[76.33608,12.78563,0],[76.33603,12.78568,0],[76.33561,12.78607,0],[76.33511,12.78695,0],[76.33508,12.7871,0],[76.33481,12.7883,0],[76.33473,12.78884,0],[76.33473,12.78884,0],[76.33464,12.78944,0],[76.33443,12.7901,0],[76.33432,12.79042,0],[76.33272,12.79369,0],[76.33263,12.79388,0],[76.33249,12.79415,0],[76.33194,12.79521,0],[76.33118,12.79781,0],[76.33071,12.79944,0],[76.33064,12.79977,0],[76.33064,12.79977,0],[76.33054,12.80026,0],[76.33047,12.80108,0],[76.33039,12.80193,0],[76.33019,12.80595,0],[76.3302,12.80612,0],[76.33023,12.80711,0],[76.33036,12.8084,0],[76.33048,12.80867,0],[76.33069,12.80916,0],[76.33125,12.80994,0],[76.33211,12.81067,0],[76.33381,12.81147,0],[76.33416,12.81155,0],[76.33453,12.81164,0],[76.3351,12.8118,0],[76.33521,12.81183,0],[76.3353,12.81183,0],[76.33596,12.81179,0],[76.33628,12.81175,0],[76.33725,12.81145,0],[76.33792,12.81124,0],[76.33844,12.81108,0],[76.33914,12.81085,0],[76.33914,12.81085,0],[76.34029,12.81094,0],[76.34121,12.81101,0],[76.34203,12.81107,0],[76.34203,12.81107,0],[76.34356,12.81088,0],[76.34374,12.81081,0],[76.34459,12.81049,0],[76.34592,12.80958,0],[76.34833,12.80871,0],[76.34961,12.80824,0],[76.35007,12.80813,0],[76.35133,12.80784,0],[76.35152,12.80785,0],[76.35269,12.80791,0],[76.35383,12.80822,0],[76.35406,12.80829,0],[76.35482,12.80841,0],[76.35543,12.80835,0],[76.35624,12.80826,0],[76.35682,12.80822,0],[76.35738,12.80819,0],[76.35774,12.80815,0],[76.35774,12.80815,0],[76.35802,12.80812,0],[76.35852,12.80807,0],[76.35852,12.80807,0],[76.3599,12.80812,0],[76.36179,12.80818,0],[76.36235,12.8082,0],[76.36292,12.80821,0],[76.36378,12.80821,0],[76.36525,12.80811,0],[76.36608,12.80806,0],[76.3672,12.80793,0],[76.36785,12.80787,0],[76.36814,12.80785,0],[76.36855,12.80781,0],[76.36916,12.80779,0],[76.3695,12.80787,0],[76.36976,12.80806,0],[76.37047,12.80919,0],[76.37068,12.80995,0],[76.37093,12.81084,0],[76.37116,12.81175,0],[76.37125,12.81264,0],[76.37124,12.81284,0],[76.37121,12.81364,0],[76.37117,12.8139,0],[76.37109,12.81442,0],[76.37096,12.8152,0],[76.37073,12.81581,0],[76.37011,12.81679,0],[76.36969,12.81746,0],[76.36951,12.81775,0],[76.36937,12.81797,0],[76.36801,12.82036,0],[76.36796,12.82046,0],[76.36758,12.82124,0],[76.36762,12.82213,0],[76.36764,12.82219,0],[76.36777,12.82262,0],[76.36812,12.82351,0],[76.36882,12.82461,0],[76.36928,12.82531,0],[76.36946,12.82577,0],[76.36993,12.82695,0],[76.37011,12.82733,0],[76.37031,12.82776,0],[76.37032,12.82776,0],[76.37068,12.82794,0],[76.37068,12.82794,0],[76.36995,12.82999,0],[76.36931,12.83072,0],[76.36798,12.83211,0],[76.36571,12.83433,0],[76.36485,12.83517,0],[76.36369,12.83612,0],[76.3622,12.83681,0],[76.36125,12.83703,0],[76.36015,12.83721,0],[76.35854,12.83751,0],[76.35769,12.83776,0],[76.35605,12.83786,0],[76.35423,12.83815,0],[76.35215,12.83806,0],[76.35069,12.83782,0],[76.34825,12.83757,0],[76.34676,12.83759,0],[76.34524,12.8378,0],[76.34341,12.83872,0],[76.3425,12.83957,0],[76.34157,12.84109,0],[76.341,12.84331,0],[76.34018,12.84433,0],[76.33933,12.84484,0],[76.33791,12.84539,0],[76.33627,12.84656,0],[76.33433,12.84916,0],[76.33355,12.85125,0],[76.33306,12.8518,0],[76.33253,12.85222,0],[76.33124,12.85303,0],[76.3287,12.8545,0],[76.32737,12.85473,0],[76.32681,12.85453,0],[76.32645,12.85421,0],[76.32625,12.85392,0],[76.32628,12.8533,0],[76.32665,12.85181,0],[76.32701,12.85094,0],[76.32771,12.84867,0],[76.32797,12.84763,0],[76.32801,12.84682,0],[76.32764,12.84588,0],[76.32738,12.84538,0],[76.32685,12.84464,0],[76.32579,12.84412,0],[76.32401,12.84337,0],[76.32285,12.84295,0],[76.32193,12.84233,0],[76.3212,12.84136,0],[76.32071,12.83958,0],[76.32018,12.83571,0],[76.31969,12.83211,0],[76.31923,12.83017,0],[76.3192,12.82913,0],[76.31936,12.82789,0],[76.3196,12.8275,0],[76.31969,12.82695,0],[76.31969,12.82649,0],[76.3197,12.82588,0],[76.31946,12.82533,0],[76.31907,12.82484,0],[76.31732,12.82419,0],[76.31458,12.8239,0],[76.31249,12.82374,0],[76.31218,12.82363,0],[76.3118,12.82371,0],[76.31119,12.82425,0],[76.31095,12.82446,0],[76.3104,12.82495,0],[76.30982,12.82533,0],[76.30919,12.8257,0],[76.30889,12.82603,0],[76.30872,12.82632,0],[76.30883,12.82665,0],[76.30949,12.82853,0],[76.31015,12.82934,0],[76.31037,12.82953,0],[76.31037,12.8298,0],[76.30995,12.8302,0],[76.30806,12.83279,0],[76.30715,12.8341,0],[76.30577,12.83659,0],[76.30554,12.83689,0],[76.30528,12.83708,0],[76.30492,12.83711,0],[76.30404,12.837,0],[76.30267,12.83694,0],[76.3019,12.83713,0],[76.30113,12.83764,0],[76.29962,12.83881,0],[76.29937,12.83903,0],[76.29912,12.83911,0],[76.2986,12.839,0],[76.29753,12.83838,0],[76.29651,12.838,0],[76.29619,12.83795,0],[76.29569,12.83785,0],[76.29569,12.83819,0],[76.29643,12.83983,0],[76.29684,12.84099,0],[76.2972,12.8422,0],[76.2981,12.84468,0],[76.29843,12.84588,0],[76.29868,12.84607,0],[76.29915,12.8461,0],[76.2997,12.84618,0],[76.30046,12.84634,0],[76.30261,12.84672,0],[76.30313,12.8468,0],[76.30355,12.84681,0],[76.30375,12.84698,0],[76.30378,12.84731,0],[76.30377,12.84803,0],[76.30399,12.84906,0],[76.30486,12.85421,0],[76.30507,12.85535,0],[76.30543,12.85713,0],[76.30589,12.85751,0],[76.30624,12.8576,0],[76.30631,12.85795,0],[76.30626,12.85857,0],[76.30623,12.86118,0],[76.30639,12.8631,0],[76.30615,12.86498,0],[76.30607,12.86873,0],[76.30609,12.87205,0],[76.30592,12.87316,0],[76.30582,12.87374,0],[76.30623,12.87398,0],[76.30669,12.87386,0],[76.30793,12.87353,0],[76.30847,12.87344,0],[76.30977,12.8733,0],[76.31046,12.87315,0],[76.3111,12.87314,0],[76.31152,12.87314,0],[76.31195,12.87305,0],[76.31229,12.87283,0],[76.31272,12.87246,0],[76.31298,12.87225,0],[76.3135,12.87225,0],[76.31379,12.87236,0],[76.31445,12.87245,0],[76.31577,12.87284,0],[76.31801,12.87335,0],[76.3197,12.87377,0],[76.32188,12.87476,0],[76.32249,12.87506,0],[76.32263,12.87559,0],[76.32292,12.87652,0],[76.32326,12.87759,0],[76.32356,12.87877,0],[76.32332,12.87911,0],[76.32182,12.88021,0],[76.3197,12.88198,0],[76.31883,12.88301,0],[76.31872,12.88354,0],[76.31855,12.88405,0],[76.31817,12.88633,0],[76.31795,12.88942,0],[76.31705,12.88983,0],[76.31578,12.88986,0],[76.31458,12.89003,0],[76.3136,12.89011,0],[76.31311,12.89022,0],[76.3128,12.89118,0],[76.31193,12.89247,0],[76.31127,12.89374,0],[76.3107,12.8946,0],[76.31027,12.89496,0],[76.30969,12.89513,0],[76.30883,12.89547,0],[76.30791,12.8962,0],[76.30765,12.89657,0],[76.30745,12.89687,0],[76.30719,12.89699,0],[76.30668,12.89693,0],[76.30524,12.89679,0],[76.30452,12.89665,0],[76.3032,12.89638,0],[76.3024,12.89632,0],[76.30188,12.89632,0],[76.30159,12.89615,0],[76.30088,12.8955,0],[76.30042,12.89525,0],[76.29964,12.89528,0],[76.29775,12.89533,0],[76.29513,12.89558,0],[76.29258,12.89607,0],[76.29123,12.89613,0],[76.29008,12.89627,0],[76.2889,12.89633,0],[76.28749,12.89658,0],[76.28568,12.89698,0],[76.28453,12.89721,0],[76.28405,12.89715,0],[76.28267,12.89752,0],[76.28192,12.89774,0],[76.28135,12.89785,0],[76.28071,12.89785,0],[76.28031,12.89799,0],[76.28051,12.8987,0],[76.28151,12.90333,0],[76.28193,12.90591,0],[76.28133,12.90624,0],[76.27977,12.90671,0],[76.27911,12.90702,0],[76.27842,12.90715,0],[76.27714,12.90749,0],[76.27596,12.90766,0],[76.27534,12.90786,0],[76.27444,12.90817,0],[76.2735,12.90837,0],[76.27281,12.90854,0],[76.27122,12.90911,0],[76.27077,12.90956,0],[76.27042,12.90959,0],[76.27007,12.90959,0],[76.26969,12.90959,0],[76.26893,12.90979,0],[76.26744,12.91008,0],[76.26654,12.91018,0],[76.26581,12.91018,0],[76.26495,12.91059,0],[76.26394,12.91147,0],[76.26321,12.91187,0],[76.26242,12.91208,0],[76.26176,12.91199,0],[76.26152,12.91275,0],[76.26158,12.9132,0],[76.26238,12.91483,0],[76.26297,12.9154,0],[76.26345,12.91591,0],[76.26394,12.91591,0],[76.26505,12.91578,0],[76.26602,12.91571,0],[76.2684,12.91588,0],[76.2691,12.91622,0],[76.26962,12.91653,0],[76.27,12.9169,0],[76.27045,12.9169,0],[76.27131,12.91636,0],[76.27232,12.91558,0],[76.27339,12.91518,0],[76.27402,12.91457,0],[76.27467,12.91423,0],[76.27585,12.91406,0],[76.27672,12.91409,0],[76.27703,12.91421,0],[76.27755,12.91397,0],[76.27821,12.91353,0],[76.27914,12.91299,0],[76.28039,12.91245,0],[76.28081,12.91243,0],[76.28105,12.91269,0],[76.28129,12.91343,0],[76.28184,12.91469,0],[76.28233,12.91601,0],[76.28257,12.91649,0],[76.28271,12.91673,0],[76.2826,12.91697,0],[76.28226,12.9171,0],[76.28149,12.9172,0],[76.28021,12.91752,0],[76.27955,12.91768,0],[76.27845,12.91795,0],[76.2764,12.91859,0],[76.27502,12.91883,0],[76.2736,12.9192,0],[76.27297,12.9192,0],[76.27261,12.91918,0],[76.27238,12.91933,0],[76.27242,12.91971,0],[76.27252,12.92005,0],[76.27214,12.92015,0],[76.27173,12.92004,0],[76.27076,12.91991,0],[76.26989,12.91986,0],[76.26972,12.92026,0],[76.26999,12.92108,0],[76.2701,12.92179,0],[76.27013,12.92244,0],[76.26968,12.92257,0],[76.26874,12.9225,0],[76.26774,12.92257,0],[76.26743,12.92257,0],[76.26698,12.92277,0],[76.26708,12.92399,0],[76.26706,12.92433,0],[76.26656,12.92457,0],[76.26594,12.9246,0],[76.26344,12.92487,0],[76.26227,12.92516,0],[76.26187,12.92524,0],[76.26157,12.92564,0],[76.26168,12.92625,0],[76.26181,12.92723,0],[76.26183,12.92767,0],[76.26175,12.92807,0],[76.26109,12.92825,0],[76.25956,12.92835,0],[76.25793,12.92842,0],[76.25745,12.92838,0],[76.25703,12.92845,0],[76.25656,12.92844,0],[76.25627,12.92814,0],[76.25631,12.92774,0],[76.25617,12.92712,0],[76.25617,12.92675,0],[76.25619,12.92638,0],[76.25598,12.92604,0],[76.25517,12.92617,0],[76.25399,12.92661,0],[76.25361,12.92671,0],[76.25284,12.9268,0],[76.25267,12.9266,0],[76.25253,12.92612,0],[76.25201,12.9251,0],[76.25179,12.92473,0],[76.25153,12.92483,0],[76.25125,12.92512,0],[76.25091,12.92527,0],[76.25032,12.92564,0],[76.24992,12.92571,0],[76.2494,12.92567,0],[76.24902,12.92536,0],[76.24848,12.92473,0],[76.24755,12.92404,0],[76.24687,12.92355,0],[76.24643,12.92354,0],[76.24635,12.9239,0],[76.24637,12.92424,0],[76.24637,12.92524,0],[76.24651,12.9276,0],[76.24657,12.92915,0],[76.24659,12.93027,0],[76.24643,12.93094,0],[76.24595,12.93102,0],[76.24551,12.93104,0],[76.24501,12.93104,0],[76.24421,12.93104,0],[76.2435,12.93105,0],[76.24271,12.93103,0],[76.24225,12.93124,0],[76.24217,12.93176,0],[76.24211,12.93205,0],[76.2418,12.93218,0],[76.24153,12.93216,0],[76.24074,12.9322,0],[76.24018,12.93236,0]]]},"properties":{"RANGE":"HOLE_NARASIPURA"}},
{"type":"Feature","geometry":{"type":"Polygon","coordinates":[[[75.69612,13.04329,0],[75.69602,13.04396,0],[75.69578,13.04438,0],[75.69578,13.04438,0],[75.69578,13.04438,0],[75.6954,13.04431,0],[75.69494,13.04404,0],[75.69494,13.04404,0],[75.69481,13.04401,0],[75.69481,13.04401,0],[75.69449,13.04393,0],[75.69412,13.04378,0],[75.69405,13.04373,0],[75.69361,13.04341,0],[75.69334,13.04328,0],[75.69327,13.04327,0],[75.69298,13.04324,0],[75.69255,13.04329,0],[75.69238,13.0433,0],[75.69216,13.04332,0],[75.69216,13.04332,0],[75.69173,13.0432,0],[75.69173,13.0432,0],[75.69173,13.0432,0],[75.69143,13.04277,0],[75.69143,13.04277,0],[75.69143,13.04277,0],[75.6914,13.04258,0],[75.69135,13.04222,0],[75.69131,13.0414,0],[75.69133,13.04052,0],[75.69135,13.03991,0],[75.69135,13.03991,0],[75.69131,13.03977,0],[75.69126,13.03954,0],[75.69126,13.03954,0],[75.69101,13.03929,0],[75.69076,13.03914,0],[75.69063,13.03907,0],[75.6901,13.03888,0],[75.68961,13.03858,0],[75.68944,13.03825,0],[75.68944,13.03825,0],[75.68949,13.03786,0],[75.68949,13.03786,0],[75.6896,13.03764,0],[75.68965,13.03753,0],[75.68977,13.03715,0],[75.68976,13.03691,0],[75.68975,13.03681,0],[75.68964,13.03652,0],[75.68939,13.03629,0],[75.68925,13.03599,0],[75.68925,13.03599,0],[75.68925,13.03597,0],[75.68925,13.03597,0],[75.6892,13.03567,0],[75.6892,13.03567,0],[75.68939,13.03515,0],[75.68956,13.03465,0],[75.68964,13.03438,0],[75.68972,13.03412,0],[75.68993,13.0337,0],[75.6902,13.03345,0],[75.69056,13.03327,0],[75.69093,13.03307,0],[75.69125,13.03284,0],[75.69116,13.03249,0],[75.69116,13.03249,0],[75.69073,13.03249,0],[75.69073,13.03249,0],[75.69066,13.0325,0],[75.69046,13.03253,0],[75.69001,13.03248,0],[75.68979,13.03232,0],[75.68945,13.03201,0],[75.68945,13.03201,0],[75.68878,13.03189,0],[75.68878,13.03189,0],[75.68832,13.0319,0],[75.68791,13.03208,0],[75.6876,13.03223,0],[75.68743,13.03241,0],[75.6873,13.03253,0],[75.68729,13.03254,0],[75.68714,13.03275,0],[75.68695,13.03313,0],[75.68694,13.03317,0],[75.68694,13.03317,0],[75.68683,13.03335,0],[75.68671,13.03355,0],[75.68661,13.03368,0],[75.68629,13.03408,0],[75.68629,13.03408,0],[75.68591,13.03446,0],[75.68591,13.03446,0],[75.68591,13.03446,0],[75.68543,13.03455,0],[75.68512,13.03446,0],[75.68479,13.03418,0],[75.68472,13.03384,0],[75.68477,13.03333,0],[75.68488,13.03285,0],[75.68489,13.0326,0],[75.6849,13.03198,0],[75.6849,13.03198,0],[75.6849,13.03162,0],[75.68489,13.0313,0],[75.68486,13.03119,0],[75.68477,13.03081,0],[75.68465,13.03059,0],[75.68462,13.03055,0],[75.68436,13.03036,0],[75.68373,13.03,0],[75.68365,13.02996,0],[75.6836,13.02993,0],[75.68297,13.02956,0],[75.68275,13.02945,0],[75.68263,13.02939,0],[75.68231,13.02934,0],[75.68185,13.02938,0],[75.6815,13.02953,0],[75.68112,13.02981,0],[75.68091,13.03001,0],[75.68068,13.03023,0],[75.6804,13.03041,0],[75.68032,13.03043,0],[75.68013,13.03049,0],[75.67979,13.03047,0],[75.67964,13.03046,0],[75.6795,13.03042,0],[75.67911,13.03032,0],[75.678,13.02988,0],[75.67711,13.02959,0],[75.67629,13.02936,0],[75.67595,13.02927,0],[75.67541,13.02917,0],[75.67505,13.02911,0],[75.67478,13.02906,0],[75.67413,13.02889,0],[75.67352,13.02871,0],[75.67294,13.02861,0],[75.67246,13.02852,0],[75.67194,13.02863,0],[75.67194,13.02863,0],[75.67155,13.02905,0],[75.67122,13.02929,0],[75.67122,13.02929,0],[75.67122,13.02929,0],[75.6709,13.02933,0],[75.67082,13.02931,0],[75.67051,13.02926,0],[75.66993,13.02914,0],[75.66993,13.02914,0],[75.66921,13.0289,0],[75.66875,13.02877,0],[75.66834,13.02873,0],[75.66821,13.02877,0],[75.66807,13.02882,0],[75.66794,13.02889,0],[75.66775,13.02898,0],[75.66744,13.0294,0],[75.66741,13.02944,0],[75.66707,13.03009,0],[75.66698,13.03022,0],[75.66685,13.03041,0],[75.66665,13.0305,0],[75.66652,13.03056,0],[75.66608,13.03059,0],[75.66572,13.03055,0],[75.66566,13.03052,0],[75.66543,13.03039,0],[75.66528,13.03028,0],[75.66511,13.03015,0],[75.66498,13.02995,0],[75.66492,13.02985,0],[75.66484,13.0294,0],[75.6648,13.02927,0],[75.66474,13.0291,0],[75.66461,13.02891,0],[75.66455,13.02883,0],[75.66423,13.02856,0],[75.66391,13.02838,0],[75.66372,13.02828,0],[75.66354,13.02817,0],[75.66325,13.028,0],[75.66305,13.02775,0],[75.66291,13.02735,0],[75.66289,13.02705,0],[75.66286,13.02663,0],[75.6628,13.0261,0],[75.66268,13.02576,0],[75.6626,13.02553,0],[75.66243,13.02521,0],[75.66212,13.02498,0],[75.66176,13.0248,0],[75.66152,13.02469,0],[75.66132,13.02461,0],[75.66072,13.0244,0],[75.66007,13.02426,0],[75.6596,13.02425,0],[75.65925,13.02424,0],[75.65808,13.02415,0],[75.65781,13.02407,0],[75.65751,13.02398,0],[75.65751,13.02398,0],[75.65723,13.02372,0],[75.65723,13.02372,0],[75.65721,13.02369,0],[75.65701,13.0234,0],[75.65695,13.02322,0],[75.65695,13.02321,0],[75.65685,13.02293,0],[75.65683,13.02265,0],[75.65682,13.0225,0],[75.65688,13.02214,0],[75.65691,13.02196,0],[75.65689,13.02129,0],[75.65663,13.02116,0],[75.65643,13.02169,0],[75.65643,13.02169,0],[75.65643,13.02169,0],[75.65637,13.02224,0],[75.65633,13.02252,0],[75.65627,13.02289,0],[75.65619,13.02355,0],[75.65619,13.02358,0],[75.65619,13.02359,0],[75.65606,13.02431,0],[75.65597,13.02487,0],[75.65592,13.02518,0],[75.65592,13.02518,0],[75.65583,13.02586,0],[75.6558,13.02598,0],[75.65566,13.02661,0],[75.65551,13.02737,0],[75.65545,13.02755,0],[75.65537,13.02775,0],[75.65537,13.02775,0],[75.65513,13.02799,0],[75.65475,13.02812,0],[75.65416,13.0282,0],[75.65367,13.02817,0],[75.65345,13.02816,0],[75.65306,13.02813,0],[75.65291,13.02812,0],[75.65288,13.02812,0],[75.65256,13.02804,0],[75.65241,13.02792,0],[75.65222,13.02778,0],[75.6518,13.02758,0],[75.6514,13.02749,0],[75.65116,13.02749,0],[75.65105,13.02749,0],[75.65086,13.0275,0],[75.65039,13.02754,0],[75.65008,13.0276,0],[75.65005,13.02762,0],[75.64973,13.02779,0],[75.64953,13.02804,0],[75.6494,13.02821,0],[75.64918,13.02856,0],[75.64918,13.02856,0],[75.64915,13.02864,0],[75.64902,13.02895,0],[75.64902,13.02895,0],[75.64891,13.02938,0],[75.64891,13.02943,0],[75.6489,13.02986,0],[75.64885,13.03014,0],[75.64884,13.03018,0],[75.64853,13.03054,0],[75.6484,13.03066,0],[75.64828,13.03076,0],[75.64798,13.03093,0],[75.64769,13.0311,0],[75.6472,13.03132,0],[75.64697,13.03135,0],[75.64673,13.03138,0],[75.64623,13.03136,0],[75.64606,13.03135,0],[75.64591,13.03129,0],[75.6459,13.03129,0],[75.64544,13.03112,0],[75.64533,13.03103,0],[75.64512,13.03088,0],[75.64461,13.03058,0],[75.64457,13.03057,0],[75.64424,13.03043,0],[75.64409,13.03042,0],[75.64396,13.03041,0],[75.64361,13.03045,0],[75.64331,13.03036,0],[75.64311,13.03007,0],[75.64303,13.02983,0],[75.64292,13.02949,0],[75.64284,13.02874,0],[75.64285,13.02742,0],[75.64294,13.02713,0],[75.6431,13.02691,0],[75.64315,13.02686,0],[75.64346,13.02657,0],[75.64358,13.02619,0],[75.64339,13.02597,0],[75.64339,13.02597,0],[75.64301,13.02587,0],[75.64292,13.02586,0],[75.64268,13.02585,0],[75.64268,13.02585,0],[75.64221,13.02575,0],[75.64221,13.02575,0],[75.64221,13.02575,0],[75.64197,13.02542,0],[75.64187,13.02511,0],[75.64163,13.02436,0],[75.64163,13.02436,0],[75.64143,13.02401,0],[75.64143,13.02401,0],[75.64143,13.02401,0],[75.64105,13.02397,0],[75.64082,13.02382,0],[75.64065,13.02345,0],[75.64058,13.02314,0],[75.64054,13.02295,0],[75.64054,13.02295,0],[75.64029,13.02174,0],[75.64029,13.02174,0],[75.6402,13.0213,0],[75.6401,13.02074,0],[75.6401,13.02074,0],[75.64003,13.01982,0],[75.64003,13.01982,0],[75.64009,13.01934,0],[75.64019,13.01901,0],[75.64019,13.019,0],[75.6402,13.01899,0],[75.64039,13.01867,0],[75.64081,13.01807,0],[75.64098,13.0176,0],[75.64098,13.0176,0],[75.64095,13.01722,0],[75.64081,13.01696,0],[75.64031,13.01695,0],[75.64031,13.01695,0],[75.63989,13.01705,0],[75.63952,13.01703,0],[75.63925,13.01681,0],[75.6391,13.01645,0],[75.63906,13.01614,0],[75.63905,13.01607,0],[75.63894,13.01524,0],[75.63897,13.01419,0],[75.63896,13.01329,0],[75.63896,13.01317,0],[75.63889,13.01216,0],[75.63874,13.01107,0],[75.63859,13.01046,0],[75.63859,13.01046,0],[75.6383,13.01014,0],[75.63786,13.01001,0],[75.63786,13.01001,0],[75.63653,13.01007,0],[75.63582,13.01016,0],[75.63526,13.01023,0],[75.63489,13.01027,0],[75.63444,13.01032,0],[75.6336,13.01038,0],[75.63359,13.01038,0],[75.63273,13.01039,0],[75.63259,13.01036,0],[75.63239,13.01031,0],[75.63238,13.01031,0],[75.63204,13.01016,0],[75.63173,13.00992,0],[75.63102,13.00902,0],[75.63089,13.00885,0],[75.63018,13.00796,0],[75.62948,13.00711,0],[75.62936,13.00697,0],[75.6283,13.00559,0],[75.62781,13.00489,0],[75.62778,13.00484,0],[75.62774,13.00479,0],[75.62733,13.00417,0],[75.62722,13.00397,0],[75.62691,13.00337,0],[75.62653,13.00252,0],[75.62578,13.0012,0],[75.62568,13.00002,0],[75.62567,13,0],[75.62409,12.99726,0],[75.62338,12.99612,0],[75.62313,12.99565,0],[75.62294,12.9953,0],[75.62275,12.99474,0],[75.62273,12.99468,0],[75.62273,12.99468,0],[75.62212,12.99334,0],[75.62207,12.99318,0],[75.62195,12.99285,0],[75.62182,12.9926,0],[75.62177,12.9925,0],[75.62165,12.99186,0],[75.62153,12.99162,0],[75.62152,12.9916,0],[75.62132,12.9912,0],[75.62132,12.9912,0],[75.62093,12.99023,0],[75.62093,12.99023,0],[75.62086,12.99009,0],[75.6205,12.98942,0],[75.61953,12.98832,0],[75.61833,12.98725,0],[75.61642,12.98543,0],[75.61564,12.98474,0],[75.61392,12.98324,0],[75.61339,12.98277,0],[75.61154,12.98117,0],[75.61126,12.98098,0],[75.61054,12.98048,0],[75.61034,12.98026,0],[75.61031,12.98023,0],[75.61009,12.97967,0],[75.6104,12.97715,0],[75.61039,12.97714,0],[75.61038,12.97676,0],[75.61002,12.97645,0],[75.60908,12.97566,0],[75.60675,12.97368,0],[75.60668,12.97362,0],[75.60617,12.97319,0],[75.60604,12.97305,0],[75.60604,12.97305,0],[75.60551,12.97252,0],[75.60539,12.97233,0],[75.60527,12.97215,0],[75.60494,12.97139,0],[75.60479,12.97083,0],[75.60475,12.97068,0],[75.60459,12.97024,0],[75.60428,12.96936,0],[75.60366,12.96778,0],[75.60366,12.96778,0],[75.60345,12.96689,0],[75.60328,12.96617,0],[75.60312,12.9649,0],[75.60298,12.96293,0],[75.60296,12.96256,0],[75.60296,12.96246,0],[75.60297,12.96202,0],[75.6031,12.96116,0],[75.60332,12.95963,0],[75.6034,12.95933,0],[75.60349,12.95901,0],[75.60372,12.9584,0],[75.60382,12.95812,0],[75.60382,12.95812,0],[75.60398,12.95755,0],[75.60399,12.95746,0],[75.60404,12.95697,0],[75.60383,12.95631,0],[75.60382,12.95628,0],[75.6036,12.95585,0],[75.60292,12.95452,0],[75.60099,12.95082,0],[75.59933,12.94749,0],[75.59792,12.94471,0],[75.59733,12.94357,0],[75.59692,12.9428,0],[75.59668,12.94248,0],[75.59638,12.94237,0],[75.59571,12.94223,0],[75.59481,12.94205,0],[75.59274,12.94185,0],[75.5927,12.94184,0],[75.59269,12.94184,0],[75.59218,12.94174,0],[75.59113,12.94142,0],[75.59012,12.94109,0],[75.5901,12.94108,0],[75.58863,12.94084,0],[75.58764,12.9405,0],[75.5875,12.94045,0],[75.58739,12.94036,0],[75.58715,12.94016,0],[75.5863,12.93979,0],[75.58275,12.93837,0],[75.58131,12.93781,0],[75.57902,12.93699,0],[75.57842,12.93663,0],[75.57809,12.93643,0],[75.57694,12.93574,0],[75.5749,12.93442,0],[75.57405,12.93391,0],[75.57382,12.93367,0],[75.57382,12.93367,0],[75.57342,12.93328,0],[75.57328,12.93303,0],[75.5731,12.9327,0],[75.57294,12.93214,0],[75.57291,12.93202,0],[75.57291,12.93202,0],[75.57255,12.93053,0],[75.5725,12.92996,0],[75.57245,12.92952,0],[75.57241,12.92926,0],[75.57236,12.92896,0],[75.57219,12.92872,0],[75.56992,12.92637,0],[75.56793,12.92456,0],[75.56726,12.92384,0],[75.56687,12.92342,0],[75.5665,12.92295,0],[75.56648,12.92292,0],[75.56499,12.92103,0],[75.56416,12.91978,0],[75.56333,12.91852,0],[75.56116,12.91593,0],[75.55906,12.91315,0],[75.55906,12.91314,0],[75.55793,12.91161,0],[75.558,12.91119,0],[75.55801,12.91114,0],[75.55813,12.91031,0],[75.55811,12.91002,0],[75.55811,12.91001,0],[75.55795,12.9097,0],[75.55795,12.9097,0],[75.55774,12.9096,0],[75.55764,12.90955,0],[75.55763,12.90953,0],[75.5573,12.90907,0],[75.5573,12.90907,0],[75.5573,12.90907,0],[75.55703,12.9083,0],[75.55676,12.90794,0],[75.5564,12.90773,0],[75.55619,12.90761,0],[75.55602,12.90751,0],[75.55601,12.90749,0],[75.55577,12.90724,0],[75.55568,12.90687,0],[75.5556,12.90638,0],[75.55558,12.90629,0],[75.55554,12.90612,0],[75.55543,12.9058,0],[75.55527,12.90534,0],[75.5553,12.90494,0],[75.5553,12.90493,0],[75.5553,12.90493,0],[75.5555,12.90464,0],[75.55551,12.90464,0],[75.5556,12.90456,0],[75.55597,12.90428,0],[75.55598,12.90428,0],[75.55599,12.90427,0],[75.5568,12.90375,0],[75.55722,12.90372,0],[75.55722,12.90372,0],[75.55732,12.90379,0],[75.55746,12.90388,0],[75.55765,12.90402,0],[75.55769,12.90405,0],[75.55769,12.90405,0],[75.55769,12.90405,0],[75.55815,12.90409,0],[75.5582,12.9038,0],[75.5582,12.9038,0],[75.5582,12.90375,0],[75.55821,12.9034,0],[75.55828,12.90288,0],[75.55842,12.90247,0],[75.55862,12.90217,0],[75.55873,12.90176,0],[75.55873,12.90176,0],[75.55886,12.90131,0],[75.55901,12.89961,0],[75.55902,12.89838,0],[75.55903,12.89733,0],[75.55913,12.89677,0],[75.55936,12.8962,0],[75.55962,12.89577,0],[75.56125,12.89368,0],[75.56138,12.8935,0],[75.56155,12.89327,0],[75.56173,12.89306,0],[75.562,12.89273,0],[75.56225,12.89229,0],[75.56225,12.89228,0],[75.56225,12.89227,0],[75.56226,12.8916,0],[75.56226,12.89153,0],[75.56213,12.88976,0],[75.56205,12.88805,0],[75.56185,12.8867,0],[75.5619,12.88602,0],[75.5619,12.88543,0],[75.56181,12.88517,0],[75.56166,12.88476,0],[75.56155,12.88448,0],[75.5614,12.88414,0],[75.56139,12.88397,0],[75.56138,12.88379,0],[75.56138,12.88376,0],[75.56142,12.88344,0],[75.56142,12.88344,0],[75.56147,12.88333,0],[75.56163,12.88293,0],[75.56177,12.88249,0],[75.56178,12.88244,0],[75.56174,12.88186,0],[75.56171,12.88152,0],[75.56171,12.88108,0],[75.56118,12.87836,0],[75.56108,12.87782,0],[75.56098,12.87717,0],[75.56099,12.87716,0],[75.56108,12.8769,0],[75.56143,12.8768,0],[75.56169,12.87676,0],[75.56171,12.87676,0],[75.56194,12.8766,0],[75.56203,12.87643,0],[75.56237,12.87578,0],[75.56237,12.87578,0],[75.56252,12.87544,0],[75.56272,12.87516,0],[75.56294,12.87493,0],[75.56294,12.87493,0],[75.56373,12.87463,0],[75.56513,12.87427,0],[75.56513,12.87427,0],[75.56513,12.87427,0],[75.56532,12.87404,0],[75.56509,12.87377,0],[75.56502,12.87363,0],[75.56496,12.87354,0],[75.56492,12.87346,0],[75.56483,12.87328,0],[75.56479,12.87302,0],[75.56478,12.87298,0],[75.56477,12.87272,0],[75.56478,12.87262,0],[75.5648,12.87242,0],[75.56495,12.872,0],[75.56503,12.87164,0],[75.56517,12.87142,0],[75.56531,12.87119,0],[75.56531,12.87118,0],[75.56541,12.87095,0],[75.56541,12.87095,0],[75.56541,12.87095,0],[75.56532,12.87055,0],[75.56531,12.87053,0],[75.56522,12.87016,0],[75.56522,12.87016,0],[75.56522,12.87016,0],[75.56523,12.86969,0],[75.56523,12.86963,0],[75.56533,12.86934,0],[75.56541,12.86912,0],[75.56541,12.86873,0],[75.56539,12.86835,0],[75.56526,12.86793,0],[75.56506,12.86731,0],[75.5649,12.86661,0],[75.5648,12.86622,0],[75.56476,12.86606,0],[75.56467,12.86573,0],[75.56467,12.8657,0],[75.56471,12.86525,0],[75.56499,12.8651,0],[75.5654,12.86517,0],[75.56585,12.86506,0],[75.566,12.86466,0],[75.566,12.86466,0],[75.56625,12.86457,0],[75.56625,12.86456,0],[75.56687,12.86462,0],[75.56687,12.86462,0],[75.56698,12.86464,0],[75.5676,12.8648,0],[75.56813,12.86505,0],[75.56828,12.86516,0],[75.56844,12.86528,0],[75.56864,12.86552,0],[75.56897,12.86604,0],[75.56922,12.86644,0],[75.56949,12.86698,0],[75.56977,12.86722,0],[75.57,12.86729,0],[75.57015,12.86734,0],[75.57037,12.86738,0],[75.57054,12.86741,0],[75.57054,12.86741,0],[75.57133,12.86727,0],[75.57173,12.86727,0],[75.5718,12.86727,0],[75.5718,12.86727,0],[75.57208,12.86739,0],[75.57233,12.86758,0],[75.57243,12.86766,0],[75.57256,12.86777,0],[75.57316,12.86798,0],[75.57468,12.86846,0],[75.57555,12.8687,0],[75.576,12.86882,0],[75.57615,12.86905,0],[75.57615,12.86906,0],[75.57616,12.86911,0],[75.57622,12.86947,0],[75.57631,12.86973,0],[75.57635,12.86987,0],[75.57643,12.86994,0],[75.57658,12.8701,0],[75.5769,12.8703,0],[75.57691,12.8703,0],[75.57731,12.87043,0],[75.57812,12.8707,0],[75.58001,12.87115,0],[75.58067,12.8712,0],[75.58251,12.87135,0],[75.58302,12.87139,0],[75.58302,12.87139,0],[75.58369,12.87135,0],[75.5842,12.87132,0],[75.58441,12.87134,0],[75.58466,12.87137,0],[75.5851,12.87152,0],[75.58515,12.87152,0],[75.58552,12.87158,0],[75.58587,12.87162,0],[75.58612,12.87158,0],[75.5863,12.87155,0],[75.58657,12.87154,0],[75.58725,12.87157,0],[75.58777,12.8716,0],[75.58857,12.87165,0],[75.58857,12.87165,0],[75.58859,12.87166,0],[75.58913,12.87177,0],[75.58956,12.87197,0],[75.59016,12.87227,0],[75.59016,12.87227,0],[75.59069,12.87254,0],[75.59141,12.87295,0],[75.59196,12.87326,0],[75.59266,12.87361,0],[75.59271,12.87362,0],[75.59332,12.87376,0],[75.59374,12.87379,0],[75.59397,12.87386,0],[75.59413,12.87391,0],[75.59433,12.8741,0],[75.59451,12.87432,0],[75.59483,12.87445,0],[75.59515,12.87451,0],[75.59515,12.87451,0],[75.59515,12.87451,0],[75.59554,12.8744,0],[75.59828,12.87402,0],[75.59835,12.87401,0],[75.60012,12.87386,0],[75.60047,12.87383,0],[75.60087,12.87378,0],[75.60088,12.87378,0],[75.60146,12.87388,0],[75.60146,12.87388,0],[75.60365,12.87446,0],[75.60365,12.87446,0],[75.60405,12.87441,0],[75.60427,12.87426,0],[75.60433,12.87395,0],[75.60434,12.87392,0],[75.60434,12.87389,0],[75.60431,12.87304,0],[75.60404,12.87284,0],[75.6037,12.87259,0],[75.60369,12.87259,0],[75.60369,12.87259,0],[75.60371,12.87215,0],[75.60367,12.87174,0],[75.60362,12.87144,0],[75.60361,12.87137,0],[75.60352,12.87104,0],[75.603,12.87027,0],[75.6027,12.86988,0],[75.60239,12.86946,0],[75.6021,12.86907,0],[75.60213,12.86872,0],[75.60221,12.86856,0],[75.60221,12.86856,0],[75.60249,12.86806,0],[75.60296,12.86699,0],[75.6032,12.8664,0],[75.60328,12.86586,0],[75.60328,12.8656,0],[75.60332,12.86375,0],[75.60359,12.86368,0],[75.60359,12.86368,0],[75.60371,12.86368,0],[75.60398,12.86369,0],[75.60398,12.86369,0],[75.60398,12.86369,0],[75.60487,12.86353,0],[75.60584,12.86327,0],[75.6066,12.86307,0],[75.6072,12.86297,0],[75.60757,12.86276,0],[75.60803,12.86243,0],[75.60817,12.86232,0],[75.60818,12.86231,0],[75.60944,12.86152,0],[75.60944,12.86152,0],[75.60997,12.86135,0],[75.61032,12.86127,0],[75.61043,12.86123,0],[75.61079,12.86107,0],[75.61231,12.86027,0],[75.61404,12.85922,0],[75.61472,12.8587,0],[75.61476,12.85868,0],[75.61526,12.85831,0],[75.61633,12.85689,0],[75.61745,12.85512,0],[75.61755,12.85494,0],[75.61779,12.85463,0],[75.61807,12.85435,0],[75.61807,12.85435,0],[75.61808,12.85435,0],[75.61838,12.85426,0],[75.61839,12.85426,0],[75.61839,12.85426,0],[75.6191,12.8543,0],[75.6191,12.8543,0],[75.6208,12.85431,0],[75.62111,12.8543,0],[75.62185,12.85429,0],[75.62222,12.85428,0],[75.62222,12.85428,0],[75.62276,12.85395,0],[75.62282,12.85345,0],[75.62287,12.85274,0],[75.62295,12.8523,0],[75.623,12.85206,0],[75.62324,12.85127,0],[75.62329,12.85107,0],[75.62342,12.85058,0],[75.62345,12.85013,0],[75.62346,12.85004,0],[75.62341,12.84869,0],[75.62341,12.84813,0],[75.62341,12.84774,0],[75.62333,12.84691,0],[75.62333,12.84691,0],[75.62323,12.84572,0],[75.62314,12.84525,0],[75.62196,12.84351,0],[75.62114,12.84215,0],[75.62078,12.84157,0],[75.62004,12.84003,0],[75.61948,12.83886,0],[75.61929,12.83851,0],[75.61903,12.83799,0],[75.61782,12.83531,0],[75.61776,12.83515,0],[75.61759,12.83467,0],[75.61612,12.83167,0],[75.61605,12.83143,0],[75.61601,12.83128,0],[75.61601,12.83128,0],[75.61596,12.83089,0],[75.61595,12.83085,0],[75.61597,12.83072,0],[75.61599,12.83051,0],[75.6161,12.83017,0],[75.61619,12.8299,0],[75.61654,12.8278,0],[75.61661,12.82642,0],[75.61674,12.82517,0],[75.61683,12.82394,0],[75.61689,12.82312,0],[75.61695,12.82241,0],[75.61697,12.82219,0],[75.61706,12.82191,0],[75.6172,12.8215,0],[75.61738,12.82116,0],[75.61746,12.82099,0],[75.61797,12.82057,0],[75.61802,12.82052,0],[75.61827,12.82029,0],[75.61838,12.82014,0],[75.6185,12.81996,0],[75.61881,12.81904,0],[75.61888,12.81879,0],[75.61919,12.81758,0],[75.61932,12.81669,0],[75.61923,12.81586,0],[75.61918,12.8151,0],[75.61914,12.81447,0],[75.61855,12.81257,0],[75.6185,12.81215,0],[75.61848,12.81203,0],[75.61836,12.81149,0],[75.61784,12.80927,0],[75.61713,12.80596,0],[75.61705,12.80536,0],[75.61652,12.80253,0],[75.6165,12.80223,0],[75.61647,12.80207,0],[75.61645,12.80194,0],[75.61633,12.80121,0],[75.61633,12.80121,0],[75.61617,12.80026,0],[75.61607,12.79972,0],[75.61594,12.79899,0],[75.61583,12.7983,0],[75.61566,12.7967,0],[75.61565,12.79661,0],[75.61562,12.79631,0],[75.61576,12.796,0],[75.61604,12.79574,0],[75.61641,12.79562,0],[75.61667,12.79552,0],[75.61858,12.79528,0],[75.61891,12.79517,0],[75.61891,12.79517,0],[75.61899,12.79513,0],[75.61928,12.79497,0],[75.62025,12.79404,0],[75.62035,12.79395,0],[75.62082,12.79359,0],[75.62204,12.79302,0],[75.62242,12.79278,0],[75.62276,12.79256,0],[75.62283,12.79249,0],[75.62296,12.79234,0],[75.62305,12.79204,0],[75.62306,12.79175,0],[75.62328,12.79136,0],[75.6237,12.79085,0],[75.62386,12.79053,0],[75.62405,12.7902,0],[75.6241,12.78976,0],[75.62385,12.78745,0],[75.62375,12.78665,0],[75.62373,12.78543,0],[75.6236,12.78398,0],[75.62354,12.78377,0],[75.62343,12.78333,0],[75.62313,12.78226,0],[75.62283,12.78007,0],[75.62253,12.77887,0],[75.62252,12.77882,0],[75.62248,12.77813,0],[75.62273,12.77802,0],[75.62301,12.77817,0],[75.62338,12.77848,0],[75.62372,12.77855,0],[75.62406,12.7784,0],[75.62407,12.7784,0],[75.62451,12.77832,0],[75.62451,12.77832,0],[75.62451,12.77832,0],[75.6249,12.77859,0],[75.62528,12.77908,0],[75.62552,12.77922,0],[75.62593,12.77917,0],[75.62593,12.77917,0],[75.62593,12.77917,0],[75.62635,12.77897,0],[75.62677,12.77894,0],[75.62714,12.77889,0],[75.62714,12.77889,0],[75.62714,12.77889,0],[75.62757,12.77875,0],[75.62762,12.77873,0],[75.62795,12.77926,0],[75.62857,12.78002,0],[75.62905,12.78109,0],[75.62937,12.78169,0],[75.63022,12.78279,0],[75.63098,12.7837,0],[75.63236,12.78533,0],[75.63309,12.78595,0],[75.63366,12.78644,0],[75.63437,12.78725,0],[75.63545,12.78863,0],[75.63617,12.78956,0],[75.63702,12.78932,0],[75.63797,12.78932,0],[75.63884,12.78925,0],[75.63932,12.78919,0],[75.6402,12.78906,0],[75.64121,12.78893,0],[75.64175,12.78873,0],[75.64277,12.7884,0],[75.64344,12.78807,0],[75.64507,12.78715,0],[75.64716,12.78689,0],[75.64756,12.78709,0],[75.64835,12.78747,0],[75.65373,12.79284,0],[75.65402,12.79313,0],[75.65657,12.80677,0],[75.65776,12.80833,0],[75.6613,12.81285,0],[75.67945,12.82298,0],[75.67945,12.82334,0],[75.68106,12.82625,0],[75.68376,12.83104,0],[75.68431,12.83024,0],[75.68511,12.83017,0],[75.68607,12.82973,0],[75.68658,12.82959,0],[75.68731,12.82937,0],[75.68812,12.82901,0],[75.68892,12.82872,0],[75.68965,12.82871,0],[75.69054,12.82864,0],[75.69186,12.82863,0],[75.69296,12.8287,0],[75.69376,12.82862,0],[75.69479,12.82848,0],[75.69582,12.8284,0],[75.69714,12.82861,0],[75.69809,12.82918,0],[75.69868,12.8299,0],[75.69905,12.83069,0],[75.69927,12.83126,0],[75.69956,12.83176,0],[75.70016,12.83219,0],[75.70081,12.83219,0],[75.70147,12.83161,0],[75.70191,12.83082,0],[75.70242,12.82988,0],[75.70307,12.82902,0],[75.70344,12.82815,0],[75.70395,12.82722,0],[75.70453,12.82621,0],[75.7049,12.82549,0],[75.70533,12.82506,0],[75.70576,12.82478,0],[75.70672,12.82455,0],[75.7071,12.82461,0],[75.70759,12.82484,0],[75.70792,12.82492,0],[75.70807,12.82464,0],[75.7086,12.82462,0],[75.70961,12.82507,0],[75.71777,12.82774,0],[75.72151,12.82892,0],[75.72181,12.82929,0],[75.72181,12.82969,0],[75.72173,12.83021,0],[75.72179,12.83046,0],[75.72214,12.83041,0],[75.72267,12.83021,0],[75.72359,12.83033,0],[75.72463,12.8307,0],[75.72546,12.83088,0],[75.72611,12.83114,0],[75.72723,12.83138,0],[75.72765,12.83167,0],[75.72793,12.83191,0],[75.72851,12.83253,0],[75.72816,12.83278,0],[75.72841,12.83315,0],[75.72888,12.83438,0],[75.72944,12.83586,0],[75.72962,12.83691,0],[75.73,12.83735,0],[75.73128,12.83773,0],[75.73235,12.83762,0],[75.73284,12.83752,0],[75.73339,12.83742,0],[75.73443,12.8371,0],[75.73541,12.83681,0],[75.73598,12.83673,0],[75.73681,12.83679,0],[75.73726,12.83676,0],[75.73779,12.83662,0],[75.73836,12.83627,0],[75.7388,12.83563,0],[75.739,12.83519,0],[75.73932,12.83525,0],[75.73993,12.83569,0],[75.74012,12.83588,0],[75.74057,12.83604,0],[75.74108,12.83607,0],[75.74143,12.83607,0],[75.74171,12.83616,0],[75.74149,12.83647,0],[75.74124,12.83702,0],[75.74082,12.83774,0],[75.7408,12.83814,0],[75.74098,12.83846,0],[75.7413,12.8389,0],[75.74136,12.83934,0],[75.74125,12.84011,0],[75.74144,12.84074,0],[75.74176,12.84118,0],[75.74217,12.84162,0],[75.74247,12.84186,0],[75.74277,12.84266,0],[75.74416,12.84247,0],[75.7449,12.84556,0],[75.7455,12.84606,0],[75.74799,12.84799,0],[75.74749,12.84936,0],[75.7494,12.8495,0],[75.74948,12.85144,0],[75.75117,12.8533,0],[75.75167,12.85565,0],[75.75549,12.85359,0],[75.76058,12.85868,0],[75.76277,12.85853,0],[75.76511,12.85629,0],[75.76821,12.85665,0],[75.77034,12.85916,0],[75.77222,12.85826,0],[75.77692,12.85987,0],[75.77785,12.8631,0],[75.77878,12.86126,0],[75.78002,12.85894,0],[75.78008,12.85744,0],[75.78133,12.85655,0],[75.7823,12.8562,0],[75.78264,12.85637,0],[75.78328,12.85668,0],[75.78377,12.85688,0],[75.78439,12.85674,0],[75.78481,12.85667,0],[75.78433,12.85892,0],[75.7881,12.8617,0],[75.78915,12.86292,0],[75.7893,12.86496,0],[75.79097,12.86543,0],[75.79208,12.86543,0],[75.79354,12.86542,0],[75.79828,12.86799,0],[75.80099,12.86696,0],[75.80097,12.86848,0],[75.80444,12.8709,0],[75.80798,12.86958,0],[75.8087,12.8714,0],[75.8081,12.87575,0],[75.81227,12.87521,0],[75.81271,12.87469,0],[75.81297,12.87382,0],[75.81413,12.87346,0],[75.81438,12.87216,0],[75.81429,12.87173,0],[75.81376,12.87121,0],[75.81367,12.87008,0],[75.81392,12.86764,0],[75.81552,12.86806,0],[75.81818,12.86726,0],[75.82084,12.86656,0],[75.82538,12.86932,0],[75.82653,12.87011,0],[75.82634,12.87081,0],[75.82587,12.87209,0],[75.82576,12.8724,0],[75.82556,12.87277,0],[75.82538,12.87348,0],[75.82448,12.87492,0],[75.82338,12.87565,0],[75.82297,12.87597,0],[75.82273,12.87627,0],[75.82325,12.87652,0],[75.82392,12.87685,0],[75.82468,12.87713,0],[75.82645,12.87777,0],[75.8274,12.87789,0],[75.82893,12.87787,0],[75.83107,12.87815,0],[75.83168,12.8782,0],[75.83207,12.87845,0],[75.83241,12.87882,0],[75.83307,12.87932,0],[75.83402,12.8797,0],[75.83552,12.88037,0],[75.83603,12.88065,0],[75.83651,12.88071,0],[75.8369,12.88013,0],[75.83769,12.8788,0],[75.8379,12.87813,0],[75.83756,12.87624,0],[75.83744,12.87369,0],[75.83749,12.87341,0],[75.83779,12.87329,0],[75.83815,12.87331,0],[75.83987,12.87326,0],[75.84092,12.87333,0],[75.84305,12.87325,0],[75.84389,12.87328,0],[75.84448,12.87328,0],[75.84519,12.87333,0],[75.84565,12.87343,0],[75.84644,12.87348,0],[75.84713,12.87363,0],[75.84883,12.87385,0],[75.85017,12.87417,0],[75.8512,12.87434,0],[75.85316,12.87468,0],[75.85659,12.87548,0],[75.85727,12.87574,0],[75.85757,12.87607,0],[75.85762,12.87649,0],[75.85761,12.87706,0],[75.8577,12.87737,0],[75.85783,12.87795,0],[75.85825,12.87875,0],[75.85864,12.87946,0],[75.85966,12.88093,0],[75.86099,12.88253,0],[75.86182,12.88431,0],[75.86339,12.88877,0],[75.86399,12.89053,0],[75.86416,12.89187,0],[75.86407,12.8928,0],[75.86402,12.89364,0],[75.86396,12.89441,0],[75.86421,12.89525,0],[75.86473,12.8963,0],[75.86596,12.89853,0],[75.86643,12.89954,0],[75.8666,12.90013,0],[75.86656,12.90063,0],[75.86647,12.90105,0],[75.86647,12.90159,0],[75.86647,12.90252,0],[75.86647,12.90315,0],[75.86651,12.90357,0],[75.86668,12.90386,0],[75.86715,12.90424,0],[75.86796,12.9047,0],[75.86878,12.90496,0],[75.86933,12.90504,0],[75.87077,12.90587,0],[75.8715,12.90617,0],[75.87197,12.90667,0],[75.87227,12.90777,0],[75.87239,12.90827,0],[75.87239,12.90903,0],[75.87239,12.90978,0],[75.87239,12.91012,0],[75.87248,12.91037,0],[75.87299,12.91071,0],[75.87406,12.911,0],[75.87751,12.91145,0],[75.87935,12.91183,0],[75.88029,12.912,0],[75.8826,12.912,0],[75.88716,12.91224,0],[75.88879,12.91229,0],[75.88999,12.91233,0],[75.89141,12.91229,0],[75.89192,12.91246,0],[75.89213,12.91288,0],[75.89251,12.91435,0],[75.89298,12.91586,0],[75.89367,12.91781,0],[75.89527,12.92044,0],[75.89605,12.92203,0],[75.89739,12.92417,0],[75.8979,12.92482,0],[75.89894,12.92562,0],[75.90005,12.92613,0],[75.90125,12.92663,0],[75.90232,12.92731,0],[75.90311,12.92789,0],[75.9032,12.92817,0],[75.9032,12.92851,0],[75.9032,12.92877,0],[75.9032,12.92904,0],[75.90319,12.92945,0],[75.9032,12.92985,0],[75.90333,12.93044,0],[75.90349,12.93091,0],[75.90376,12.93112,0],[75.90388,12.93144,0],[75.90376,12.93179,0],[75.90409,12.93576,0],[75.90445,12.93595,0],[75.90563,12.93651,0],[75.90626,12.93696,0],[75.90707,12.93783,0],[75.90784,12.93885,0],[75.90875,12.93945,0],[75.90997,12.93991,0],[75.9108,12.94037,0],[75.91102,12.94068,0],[75.91076,12.94127,0],[75.91017,12.9424,0],[75.91012,12.9432,0],[75.91007,12.94372,0],[75.91007,12.94441,0],[75.90987,12.94506,0],[75.90957,12.94553,0],[75.90854,12.94634,0],[75.90817,12.94673,0],[75.90797,12.94699,0],[75.9079,12.94726,0],[75.90826,12.94901,0],[75.90941,12.95112,0],[75.91019,12.95242,0],[75.91038,12.95288,0],[75.91026,12.95332,0],[75.91002,12.95361,0],[75.90911,12.95419,0],[75.90773,12.95507,0],[75.9063,12.95616,0],[75.905,12.95741,0],[75.90443,12.95791,0],[75.90397,12.95839,0],[75.90343,12.95882,0],[75.90296,12.95916,0],[75.90204,12.96003,0],[75.90145,12.96041,0],[75.90057,12.96108,0],[75.90007,12.96152,0],[75.89939,12.96197,0],[75.8989,12.96252,0],[75.89887,12.96322,0],[75.89893,12.96402,0],[75.89891,12.9645,0],[75.8989,12.96515,0],[75.89883,12.96578,0],[75.89851,12.9669,0],[75.89826,12.96753,0],[75.89805,12.96919,0],[75.89819,12.97064,0],[75.89849,12.97229,0],[75.89929,12.97446,0],[75.89938,12.97491,0],[75.89909,12.97498,0],[75.89875,12.97508,0],[75.89649,12.97567,0],[75.89546,12.97601,0],[75.89362,12.97675,0],[75.89142,12.9772,0],[75.89106,12.9773,0],[75.89082,12.97789,0],[75.89075,12.97826,0],[75.89061,12.97855,0],[75.89029,12.97857,0],[75.88911,12.97847,0],[75.88879,12.97835,0],[75.88847,12.97823,0],[75.88813,12.97816,0],[75.88785,12.97822,0],[75.88771,12.97852,0],[75.88714,12.97997,0],[75.88672,12.98174,0],[75.88674,12.98206,0],[75.88671,12.98237,0],[75.88646,12.98256,0],[75.88588,12.98256,0],[75.88424,12.98248,0],[75.88393,12.98253,0],[75.88372,12.98271,0],[75.88362,12.98312,0],[75.88355,12.98378,0],[75.88344,12.98451,0],[75.88344,12.98511,0],[75.88309,12.9878,0],[75.8828,12.98966,0],[75.88263,12.99028,0],[75.88243,12.99144,0],[75.88226,12.99199,0],[75.88184,12.99259,0],[75.88164,12.99299,0],[75.88074,12.99395,0],[75.8805,12.99432,0],[75.88056,12.99458,0],[75.88063,12.99496,0],[75.8807,12.99545,0],[75.88094,12.99747,0],[75.88118,13.00002,0],[75.88167,13.00074,0],[75.8818,13.00131,0],[75.88204,13.00168,0],[75.88244,13.002,0],[75.8829,13.00234,0],[75.88327,13.00278,0],[75.88335,13.0033,0],[75.88324,13.00375,0],[75.88278,13.00427,0],[75.88153,13.00563,0],[75.8802,13.00694,0],[75.87935,13.00773,0],[75.87909,13.00814,0],[75.8784,13.00844,0],[75.87767,13.00853,0],[75.87652,13.00856,0],[75.87546,13.00865,0],[75.87505,13.00872,0],[75.87444,13.00881,0],[75.87412,13.00896,0],[75.87393,13.00931,0],[75.87385,13.01029,0],[75.87362,13.01173,0],[75.87339,13.0128,0],[75.8731,13.01373,0],[75.87278,13.01436,0],[75.87204,13.01561,0],[75.8715,13.01639,0],[75.87118,13.01651,0],[75.87083,13.01648,0],[75.86929,13.01588,0],[75.86767,13.01554,0],[75.86685,13.01539,0],[75.86647,13.01545,0],[75.86612,13.01555,0],[75.86586,13.0157,0],[75.86551,13.01617,0],[75.86528,13.01677,0],[75.86509,13.01705,0],[75.86474,13.0173,0],[75.86394,13.01767,0],[75.86308,13.01786,0],[75.86215,13.01804,0],[75.861,13.0182,0],[75.85985,13.01832,0],[75.85878,13.01836,0],[75.8583,13.01836,0],[75.85782,13.01811,0],[75.85769,13.01748,0],[75.85766,13.01695,0],[75.85766,13.01642,0],[75.85757,13.01595,0],[75.85728,13.01526,0],[75.85668,13.01416,0],[75.85601,13.01303,0],[75.85531,13.01156,0],[75.85484,13.01043,0],[75.85453,13.01007,0],[75.85418,13.00995,0],[75.85377,13.01001,0],[75.85332,13.01013,0],[75.85306,13.01035,0],[75.85277,13.01057,0],[75.85233,13.01076,0],[75.85172,13.01082,0],[75.8514,13.011,0],[75.85076,13.01194,0],[75.85031,13.01282,0],[75.8496,13.01485,0],[75.8487,13.01682,0],[75.8482,13.01827,0],[75.84785,13.01984,0],[75.84768,13.021,0],[75.84752,13.02275,0],[75.84735,13.02475,0],[75.84732,13.0255,0],[75.84733,13.02668,0],[75.84739,13.02865,0],[75.84748,13.03027,0],[75.84761,13.03121,0],[75.84762,13.03198,0],[75.84741,13.03237,0],[75.84697,13.03243,0],[75.8461,13.03256,0],[75.84553,13.03279,0],[75.84508,13.03318,0],[75.84479,13.03377,0],[75.84429,13.03507,0],[75.84403,13.0357,0],[75.84371,13.03595,0],[75.84291,13.03623,0],[75.84231,13.03632,0],[75.84135,13.03655,0],[75.84096,13.03628,0],[75.84071,13.03569,0],[75.84052,13.03494,0],[75.84017,13.03459,0],[75.83969,13.03453,0],[75.8387,13.0349,0],[75.83755,13.03562,0],[75.8362,13.03633,0],[75.83456,13.03735,0],[75.83404,13.03766,0],[75.83376,13.03775,0],[75.83318,13.03772,0],[75.83174,13.0375,0],[75.83085,13.03749,0],[75.83024,13.03765,0],[75.82954,13.03787,0],[75.82883,13.03786,0],[75.8281,13.03805,0],[75.82738,13.03822,0],[75.82668,13.03831,0],[75.82597,13.03831,0],[75.82553,13.03812,0],[75.82492,13.03762,0],[75.82419,13.03684,0],[75.82323,13.03596,0],[75.8218,13.03517,0],[75.82068,13.0346,0],[75.8188,13.03363,0],[75.81795,13.03317,0],[75.81687,13.03273,0],[75.81623,13.0326,0],[75.81575,13.0327,0],[75.81514,13.03298,0],[75.81466,13.03335,0],[75.8136,13.03435,0],[75.81223,13.03532,0],[75.81143,13.0361,0],[75.81072,13.03675,0],[75.81038,13.03739,0],[75.81029,13.03799,0],[75.81028,13.03858,0],[75.81022,13.03893,0],[75.80996,13.03921,0],[75.80936,13.03946,0],[75.80801,13.0398,0],[75.80648,13.0402,0],[75.80501,13.04057,0],[75.80443,13.04044,0],[75.80405,13.04004,0],[75.8038,13.03928,0],[75.80329,13.03775,0],[75.80294,13.0364,0],[75.80243,13.03549,0],[75.80159,13.03435,0],[75.80044,13.03325,0],[75.79952,13.03222,0],[75.79882,13.03106,0],[75.7978,13.02933,0],[75.79726,13.02827,0],[75.79674,13.02643,0],[75.79636,13.0249,0],[75.79604,13.0234,0],[75.79579,13.02192,0],[75.79551,13.02014,0],[75.79559,13.01922,0],[75.79585,13.0184,0],[75.7964,13.01722,0],[75.79694,13.016,0],[75.79772,13.0144,0],[75.79887,13.01296,0],[75.79938,13.01234,0],[75.79988,13.01161,0],[75.80007,13.01107,0],[75.79995,13.01048,0],[75.79979,13.00985,0],[75.79963,13.00929,0],[75.79954,13.00857,0],[75.79947,13.0081,0],[75.79925,13.00766,0],[75.79871,13.00713,0],[75.79801,13.00631,0],[75.79766,13.00581,0],[75.79747,13.00515,0],[75.79738,13.00427,0],[75.79723,13.00354,0],[75.79704,13.00313,0],[75.79673,13.00279,0],[75.79599,13.00235,0],[75.79478,13.00187,0],[75.79392,13.00153,0],[75.79325,13.00131,0],[75.79239,13.00127,0],[75.79155,13.00124,0],[75.79079,13.00117,0],[75.78996,13.00105,0],[75.78925,13.00101,0],[75.78854,13.00087,0],[75.78815,13.00081,0],[75.7878,13.00065,0],[75.78745,13.00027,0],[75.78721,13.00001,0],[75.78709,12.99929,0],[75.78681,12.99842,0],[75.78649,12.99811,0],[75.78589,12.99765,0],[75.78547,12.99746,0],[75.7849,12.99726,0],[75.78384,12.99694,0],[75.78351,12.99685,0],[75.78295,12.99636,0],[75.78289,12.996,0],[75.78297,12.99492,0],[75.78309,12.99378,0],[75.78315,12.99319,0],[75.78297,12.99277,0],[75.78257,12.99237,0],[75.78199,12.99176,0],[75.78155,12.99091,0],[75.78082,12.98917,0],[75.78038,12.98835,0],[75.78016,12.98815,0],[75.77957,12.98775,0],[75.77921,12.98763,0],[75.77889,12.9875,0],[75.77847,12.9872,0],[75.77825,12.9869,0],[75.77781,12.98625,0],[75.77763,12.98602,0],[75.77745,12.9858,0],[75.77723,12.98567,0],[75.77656,12.98536,0],[75.77604,12.98532,0],[75.77565,12.98524,0],[75.77533,12.98506,0],[75.77499,12.98482,0],[75.77481,12.98453,0],[75.77467,12.98416,0],[75.77465,12.98354,0],[75.77474,12.98317,0],[75.77482,12.98256,0],[75.77477,12.98202,0],[75.77454,12.98164,0],[75.77433,12.98131,0],[75.77411,12.98068,0],[75.77397,12.98042,0],[75.77379,12.98009,0],[75.77336,12.97964,0],[75.77287,12.97944,0],[75.77263,12.97924,0],[75.77246,12.97901,0],[75.77244,12.97846,0],[75.77231,12.97796,0],[75.77192,12.9773,0],[75.77182,12.97667,0],[75.77196,12.9763,0],[75.77223,12.97576,0],[75.77231,12.97516,0],[75.77177,12.97475,0],[75.77134,12.9746,0],[75.77066,12.97404,0],[75.77067,12.9737,0],[75.77083,12.97325,0],[75.77106,12.97274,0],[75.77109,12.97239,0],[75.77099,12.97212,0],[75.77033,12.97183,0],[75.77014,12.97165,0],[75.76999,12.97143,0],[75.76948,12.97114,0],[75.76907,12.97095,0],[75.76888,12.97074,0],[75.76863,12.97056,0],[75.76785,12.96961,0],[75.76759,12.96943,0],[75.76737,12.96928,0],[75.76721,12.9696,0],[75.76722,12.96997,0],[75.76725,12.97226,0],[75.76732,12.97305,0],[75.76714,12.97422,0],[75.76699,12.97465,0],[75.76652,12.97514,0],[75.76563,12.9757,0],[75.76511,12.97577,0],[75.76467,12.97564,0],[75.76441,12.97557,0],[75.76408,12.97535,0],[75.76278,12.97491,0],[75.76225,12.975,0],[75.76178,12.97527,0],[75.76149,12.97556,0],[75.76078,12.97625,0],[75.76045,12.97683,0],[75.75954,12.97815,0],[75.75905,12.97862,0],[75.75816,12.97916,0],[75.75727,12.97945,0],[75.75675,12.97956,0],[75.75601,12.97996,0],[75.75546,12.98024,0],[75.75494,12.98057,0],[75.75457,12.98093,0],[75.75386,12.98151,0],[75.75353,12.98205,0],[75.75323,12.98285,0],[75.75293,12.98358,0],[75.75241,12.98444,0],[75.75227,12.98504,0],[75.75164,12.98609,0],[75.75142,12.98675,0],[75.75113,12.98709,0],[75.75068,12.9878,0],[75.75051,12.98803,0],[75.75,12.98835,0],[75.74952,12.98847,0],[75.74886,12.98874,0],[75.74835,12.98896,0],[75.74796,12.98949,0],[75.74787,12.99012,0],[75.7479,12.99076,0],[75.74813,12.99137,0],[75.74844,12.99194,0],[75.74867,12.99251,0],[75.74871,12.99323,0],[75.74851,12.99363,0],[75.74813,12.9938,0],[75.74766,12.99368,0],[75.74693,12.99338,0],[75.74476,12.9922,0],[75.74399,12.99185,0],[75.74356,12.99193,0],[75.74314,12.99212,0],[75.7429,12.99246,0],[75.74267,12.9931,0],[75.74247,12.99382,0],[75.74255,12.99519,0],[75.74266,12.99599,0],[75.74293,12.99694,0],[75.74335,12.99796,0],[75.74351,12.99849,0],[75.74351,12.99899,0],[75.7435,12.99925,0],[75.74335,13,0],[75.74221,13.00035,0],[75.74151,13.00067,0],[75.74081,13.00096,0],[75.74016,13.00123,0],[75.73943,13.00148,0],[75.73873,13.00172,0],[75.73778,13.00221,0],[75.73734,13.00246,0],[75.73702,13.00273,0],[75.73669,13.00306,0],[75.73646,13.00335,0],[75.73637,13.00366,0],[75.73636,13.00417,0],[75.73634,13.00461,0],[75.73644,13.00521,0],[75.73665,13.00592,0],[75.73709,13.0068,0],[75.7374,13.00769,0],[75.73757,13.00822,0],[75.73761,13.00867,0],[75.73764,13.00913,0],[75.73754,13.00962,0],[75.73736,13.00995,0],[75.73713,13.0102,0],[75.73676,13.01042,0],[75.73634,13.01066,0],[75.73564,13.01106,0],[75.7352,13.01144,0],[75.7349,13.01176,0],[75.73467,13.01205,0],[75.73437,13.0125,0],[75.73406,13.01309,0],[75.73369,13.01385,0],[75.73314,13.01483,0],[75.73243,13.01582,0],[75.73187,13.01652,0],[75.73131,13.01693,0],[75.73096,13.01705,0],[75.73054,13.01706,0],[75.73002,13.01697,0],[75.72929,13.01694,0],[75.72852,13.01697,0],[75.72778,13.0171,0],[75.72703,13.01717,0],[75.7265,13.01737,0],[75.7263,13.01767,0],[75.72628,13.01837,0],[75.72642,13.01909,0],[75.72662,13.01953,0],[75.72694,13.01989,0],[75.72735,13.02022,0],[75.72786,13.02063,0],[75.72833,13.02092,0],[75.72856,13.0212,0],[75.72873,13.02162,0],[75.7288,13.02207,0],[75.72868,13.02247,0],[75.72868,13.02247,0],[75.72835,13.02279,0],[75.72794,13.02313,0],[75.72753,13.02337,0],[75.7272,13.02353,0],[75.72698,13.02363,0],[75.72649,13.02381,0],[75.726,13.02408,0],[75.72597,13.0241,0],[75.72572,13.0244,0],[75.72529,13.02483,0],[75.72479,13.02579,0],[75.7247,13.02605,0],[75.72453,13.02654,0],[75.72453,13.02654,0],[75.72448,13.02734,0],[75.72453,13.02797,0],[75.72453,13.02797,0],[75.72476,13.02853,0],[75.72527,13.02934,0],[75.7254,13.02968,0],[75.72546,13.02983,0],[75.72546,13.02983,0],[75.72555,13.03007,0],[75.72529,13.03018,0],[75.72526,13.03018,0],[75.72462,13.03011,0],[75.72306,13.02993,0],[75.7222,13.02987,0],[75.72121,13.02981,0],[75.71964,13.02979,0],[75.71896,13.02974,0],[75.71849,13.02974,0],[75.71826,13.02975,0],[75.71785,13.02975,0],[75.7178,13.02975,0],[75.71735,13.0299,0],[75.71709,13.03039,0],[75.71709,13.03039,0],[75.71676,13.03102,0],[75.71669,13.03116,0],[75.71637,13.03179,0],[75.71621,13.03214,0],[75.71597,13.03267,0],[75.71597,13.03267,0],[75.71563,13.03316,0],[75.71563,13.03316,0],[75.71563,13.03316,0],[75.71524,13.03315,0],[75.71524,13.03315,0],[75.71505,13.0331,0],[75.7148,13.03302,0],[75.71425,13.03292,0],[75.71416,13.03293,0],[75.71397,13.03296,0],[75.71376,13.03308,0],[75.71368,13.03312,0],[75.71339,13.03346,0],[75.71339,13.03346,0],[75.71305,13.03401,0],[75.71257,13.03489,0],[75.71257,13.03489,0],[75.71192,13.03596,0],[75.7117,13.0363,0],[75.71156,13.03652,0],[75.71139,13.03673,0],[75.71139,13.03673,0],[75.71124,13.03678,0],[75.71114,13.03681,0],[75.71085,13.03676,0],[75.71037,13.03658,0],[75.70942,13.03612,0],[75.70923,13.03604,0],[75.70825,13.03562,0],[75.70737,13.03526,0],[75.70725,13.03521,0],[75.70696,13.03511,0],[75.70652,13.03496,0],[75.70597,13.0348,0],[75.70586,13.03479,0],[75.70548,13.03475,0],[75.70482,13.03477,0],[75.7048,13.03477,0],[75.70446,13.03477,0],[75.70352,13.03478,0],[75.70237,13.03483,0],[75.7016,13.03482,0],[75.70036,13.03486,0],[75.7003,13.03486,0],[75.69946,13.03481,0],[75.69901,13.03484,0],[75.69843,13.03501,0],[75.69777,13.03534,0],[75.69759,13.0355,0],[75.6975,13.03558,0],[75.69741,13.03575,0],[75.69706,13.03646,0],[75.69678,13.03713,0],[75.6967,13.03751,0],[75.69666,13.03769,0],[75.69663,13.03839,0],[75.69663,13.03842,0],[75.69661,13.03886,0],[75.6966,13.03936,0],[75.69659,13.04001,0],[75.69658,13.04073,0],[75.69657,13.04083,0],[75.69655,13.04102,0],[75.69643,13.04191,0],[75.69628,13.04264,0],[75.69628,13.04265,0],[75.69612,13.04329,0],[75.69612,13.04329,0]]]},"properties":{"RANGE":"SAKALESHPUR"}},
{"type":"Feature","geometry":{"type":"Polygon","coordinates":[[[75.81376,12.87121,0],[75.81429,12.87173,0],[75.81438,12.87216,0],[75.81413,12.87346,0],[75.81297,12.87382,0],[75.81271,12.87469,0],[75.81227,12.87521,0],[75.8081,12.87575,0],[75.8087,12.8714,0],[75.80798,12.86958,0],[75.80444,12.8709,0],[75.80097,12.86848,0],[75.80099,12.86696,0],[75.79828,12.86799,0],[75.79354,12.86542,0],[75.79208,12.86543,0],[75.79097,12.86543,0],[75.7893,12.86496,0],[75.78915,12.86292,0],[75.7881,12.8617,0],[75.78433,12.85892,0],[75.78481,12.85667,0],[75.78439,12.85674,0],[75.78377,12.85688,0],[75.78328,12.85668,0],[75.78264,12.85637,0],[75.7823,12.8562,0],[75.78133,12.85655,0],[75.78008,12.85744,0],[75.78002,12.85894,0],[75.77878,12.86126,0],[75.77785,12.8631,0],[75.77692,12.85987,0],[75.77222,12.85826,0],[75.77034,12.85916,0],[75.76821,12.85665,0],[75.76511,12.85629,0],[75.76277,12.85853,0],[75.76058,12.85868,0],[75.75549,12.85359,0],[75.75167,12.85565,0],[75.75117,12.8533,0],[75.74948,12.85144,0],[75.7494,12.8495,0],[75.74749,12.84936,0],[75.74799,12.84799,0],[75.7455,12.84606,0],[75.7449,12.84556,0],[75.74416,12.84247,0],[75.74277,12.84266,0],[75.74247,12.84186,0],[75.74217,12.84162,0],[75.74176,12.84118,0],[75.74144,12.84074,0],[75.74125,12.84011,0],[75.74136,12.83934,0],[75.7413,12.8389,0],[75.74098,12.83846,0],[75.7408,12.83814,0],[75.74082,12.83774,0],[75.74124,12.83702,0],[75.74149,12.83647,0],[75.74171,12.83616,0],[75.74143,12.83607,0],[75.74108,12.83607,0],[75.74057,12.83604,0],[75.74012,12.83588,0],[75.73993,12.83569,0],[75.73932,12.83525,0],[75.739,12.83519,0],[75.7388,12.83563,0],[75.73836,12.83627,0],[75.73779,12.83662,0],[75.73726,12.83676,0],[75.73681,12.83679,0],[75.73598,12.83673,0],[75.73541,12.83681,0],[75.73443,12.8371,0],[75.73339,12.83742,0],[75.73284,12.83752,0],[75.73235,12.83762,0],[75.73128,12.83773,0],[75.73,12.83735,0],[75.72962,12.83691,0],[75.72944,12.83586,0],[75.72888,12.83438,0],[75.72841,12.83315,0],[75.72816,12.83278,0],[75.72851,12.83253,0],[75.72793,12.83191,0],[75.72765,12.83167,0],[75.72723,12.83138,0],[75.72611,12.83114,0],[75.72546,12.83088,0],[75.72463,12.8307,0],[75.72359,12.83033,0],[75.72267,12.83021,0],[75.72214,12.83041,0],[75.72179,12.83046,0],[75.72173,12.83021,0],[75.72181,12.82969,0],[75.72181,12.82929,0],[75.72151,12.82892,0],[75.71777,12.82774,0],[75.70961,12.82507,0],[75.7086,12.82462,0],[75.70807,12.82464,0],[75.70792,12.82492,0],[75.70759,12.82484,0],[75.7071,12.82461,0],[75.70672,12.82455,0],[75.70576,12.82478,0],[75.70533,12.82506,0],[75.7049,12.82549,0],[75.70453,12.82621,0],[75.70395,12.82722,0],[75.70344,12.82815,0],[75.70307,12.82902,0],[75.70242,12.82988,0],[75.70191,12.83082,0],[75.70147,12.83161,0],[75.70081,12.83219,0],[75.70016,12.83219,0],[75.69956,12.83176,0],[75.69927,12.83126,0],[75.69905,12.83069,0],[75.69868,12.8299,0],[75.69809,12.82918,0],[75.69714,12.82861,0],[75.69582,12.8284,0],[75.69479,12.82848,0],[75.69376,12.82862,0],[75.69296,12.8287,0],[75.69186,12.82863,0],[75.69054,12.82864,0],[75.68965,12.82871,0],[75.68892,12.82872,0],[75.68812,12.82901,0],[75.68731,12.82937,0],[75.68658,12.82959,0],[75.68607,12.82973,0],[75.68511,12.83017,0],[75.68431,12.83024,0],[75.68376,12.83104,0],[75.68106,12.82625,0],[75.67945,12.82334,0],[75.67945,12.82298,0],[75.6613,12.81285,0],[75.65776,12.80833,0],[75.65657,12.80677,0],[75.65402,12.79313,0],[75.65373,12.79284,0],[75.64835,12.78747,0],[75.64756,12.78709,0],[75.64716,12.78689,0],[75.64507,12.78715,0],[75.64344,12.78807,0],[75.64277,12.7884,0],[75.64175,12.78873,0],[75.64121,12.78893,0],[75.6402,12.78906,0],[75.63932,12.78919,0],[75.63884,12.78925,0],[75.63797,12.78932,0],[75.63702,12.78932,0],[75.63617,12.78956,0],[75.63545,12.78863,0],[75.63437,12.78725,0],[75.63366,12.78644,0],[75.63309,12.78595,0],[75.63236,12.78533,0],[75.63098,12.7837,0],[75.63022,12.78279,0],[75.62937,12.78169,0],[75.62905,12.78109,0],[75.62857,12.78002,0],[75.62795,12.77926,0],[75.62762,12.77873,0],[75.62762,12.77873,0],[75.62813,12.77837,0],[75.62814,12.77837,0],[75.62843,12.77822,0],[75.62843,12.77822,0],[75.62843,12.77822,0],[75.62879,12.77825,0],[75.62885,12.77826,0],[75.62926,12.77833,0],[75.62966,12.7783,0],[75.62966,12.7783,0],[75.62967,12.7783,0],[75.62996,12.77814,0],[75.63,12.77812,0],[75.6302,12.77792,0],[75.63039,12.77771,0],[75.63077,12.77701,0],[75.63123,12.77615,0],[75.63167,12.7755,0],[75.63167,12.7755,0],[75.63193,12.77524,0],[75.63195,12.77522,0],[75.63332,12.77372,0],[75.63456,12.77262,0],[75.63591,12.77144,0],[75.63675,12.77029,0],[75.63675,12.77029,0],[75.63788,12.76895,0],[75.63819,12.76889,0],[75.63819,12.76889,0],[75.63828,12.76889,0],[75.63863,12.7689,0],[75.63889,12.7689,0],[75.63917,12.76891,0],[75.64027,12.76893,0],[75.64182,12.76886,0],[75.64192,12.76849,0],[75.64188,12.76822,0],[75.64177,12.76737,0],[75.64175,12.76704,0],[75.64177,12.76689,0],[75.64181,12.7667,0],[75.64181,12.76611,0],[75.64182,12.76583,0],[75.64154,12.76484,0],[75.64151,12.76441,0],[75.64151,12.7644,0],[75.64151,12.76439,0],[75.64136,12.76412,0],[75.64124,12.764,0],[75.64095,12.76369,0],[75.63985,12.76204,0],[75.63888,12.76031,0],[75.63893,12.7599,0],[75.63893,12.7599,0],[75.63893,12.75989,0],[75.63912,12.75961,0],[75.63912,12.75961,0],[75.63939,12.75949,0],[75.63939,12.75949,0],[75.63979,12.75941,0],[75.64024,12.75937,0],[75.64028,12.75936,0],[75.64054,12.7593,0],[75.64054,12.7593,0],[75.64065,12.75929,0],[75.64082,12.75928,0],[75.64121,12.75924,0],[75.64129,12.7592,0],[75.6415,12.75911,0],[75.64219,12.75875,0],[75.64284,12.75847,0],[75.6431,12.75837,0],[75.64342,12.75825,0],[75.64385,12.75809,0],[75.6444,12.75804,0],[75.6444,12.75804,0],[75.64452,12.75799,0],[75.64478,12.75789,0],[75.64486,12.75783,0],[75.64508,12.75764,0],[75.64512,12.75762,0],[75.64512,12.75761,0],[75.64537,12.75728,0],[75.64537,12.75727,0],[75.64556,12.75695,0],[75.64573,12.75673,0],[75.64573,12.75673,0],[75.64616,12.75628,0],[75.64677,12.75574,0],[75.647,12.75559,0],[75.64715,12.75548,0],[75.64775,12.75521,0],[75.64794,12.75505,0],[75.64805,12.75496,0],[75.64838,12.75458,0],[75.64864,12.75419,0],[75.64885,12.75403,0],[75.64909,12.75385,0],[75.64958,12.75355,0],[75.64958,12.75355,0],[75.64964,12.7535,0],[75.64969,12.75348,0],[75.65005,12.75328,0],[75.65016,12.75311,0],[75.65034,12.75285,0],[75.65051,12.75259,0],[75.6507,12.7523,0],[75.65113,12.75207,0],[75.65147,12.75196,0],[75.65171,12.75189,0],[75.65188,12.75185,0],[75.65255,12.75149,0],[75.65336,12.75109,0],[75.6534,12.75106,0],[75.65341,12.75106,0],[75.65341,12.75106,0],[75.65376,12.75088,0],[75.654,12.75068,0],[75.65408,12.75062,0],[75.65409,12.75061,0],[75.65464,12.74997,0],[75.65464,12.74997,0],[75.65464,12.74997,0],[75.65473,12.74963,0],[75.65494,12.74927,0],[75.65511,12.74904,0],[75.65516,12.74897,0],[75.65537,12.74867,0],[75.65558,12.74847,0],[75.65558,12.74846,0],[75.65558,12.74846,0],[75.65609,12.7485,0],[75.65643,12.74885,0],[75.65668,12.74919,0],[75.65672,12.74924,0],[75.65676,12.7493,0],[75.65676,12.7493,0],[75.65701,12.74965,0],[75.65756,12.75001,0],[75.65785,12.75036,0],[75.65786,12.75037,0],[75.65807,12.75058,0],[75.6583,12.75036,0],[75.6586,12.75005,0],[75.65833,12.74963,0],[75.65831,12.7496,0],[75.65788,12.74929,0],[75.65788,12.74929,0],[75.65742,12.74895,0],[75.65726,12.74851,0],[75.65724,12.74846,0],[75.65698,12.74803,0],[75.65691,12.74781,0],[75.65691,12.74781,0],[75.65684,12.74757,0],[75.65681,12.74726,0],[75.65685,12.74696,0],[75.65686,12.74695,0],[75.65702,12.74666,0],[75.65729,12.74617,0],[75.65751,12.74592,0],[75.65753,12.74589,0],[75.65779,12.74542,0],[75.65802,12.745,0],[75.65806,12.74493,0],[75.65811,12.74483,0],[75.6583,12.74444,0],[75.65855,12.74376,0],[75.65867,12.74339,0],[75.65876,12.74286,0],[75.65881,12.74255,0],[75.65887,12.74192,0],[75.65886,12.74148,0],[75.65881,12.74114,0],[75.65866,12.74063,0],[75.65856,12.74032,0],[75.65849,12.74007,0],[75.65834,12.73962,0],[75.65834,12.73962,0],[75.65818,12.73911,0],[75.65805,12.73871,0],[75.658,12.73858,0],[75.65786,12.73822,0],[75.65758,12.73741,0],[75.65755,12.73733,0],[75.65732,12.73651,0],[75.6573,12.73643,0],[75.65713,12.73581,0],[75.65694,12.73526,0],[75.65676,12.73484,0],[75.65653,12.73441,0],[75.65616,12.73374,0],[75.65598,12.73342,0],[75.65582,12.73314,0],[75.65573,12.73299,0],[75.65562,12.73278,0],[75.65536,12.7323,0],[75.65517,12.73195,0],[75.65494,12.73155,0],[75.65488,12.73145,0],[75.65458,12.73096,0],[75.65432,12.73053,0],[75.65383,12.72983,0],[75.65361,12.72962,0],[75.65344,12.72946,0],[75.6532,12.72916,0],[75.65302,12.72881,0],[75.65302,12.72881,0],[75.65302,12.7288,0],[75.65302,12.72847,0],[75.65302,12.72841,0],[75.65308,12.72799,0],[75.65312,12.72764,0],[75.65317,12.72726,0],[75.65327,12.72637,0],[75.65332,12.72573,0],[75.65334,12.72527,0],[75.65321,12.72457,0],[75.65315,12.72435,0],[75.65301,12.72388,0],[75.65281,12.72315,0],[75.65274,12.72289,0],[75.65261,12.72232,0],[75.65251,12.72189,0],[75.65251,12.72159,0],[75.65257,12.72125,0],[75.6526,12.72082,0],[75.65264,12.71994,0],[75.65266,12.71937,0],[75.65261,12.71907,0],[75.65255,12.71888,0],[75.65249,12.71867,0],[75.6523,12.71829,0],[75.65225,12.71822,0],[75.65202,12.7179,0],[75.65189,12.71774,0],[75.65166,12.71745,0],[75.65124,12.71691,0],[75.65088,12.7165,0],[75.65044,12.71614,0],[75.6503,12.71605,0],[75.6498,12.71576,0],[75.64959,12.71563,0],[75.64936,12.7155,0],[75.64915,12.71541,0],[75.64896,12.71533,0],[75.6487,12.71521,0],[75.64862,12.71517,0],[75.64823,12.71504,0],[75.64774,12.71488,0],[75.64754,12.71481,0],[75.64724,12.7147,0],[75.64677,12.71459,0],[75.64639,12.71446,0],[75.64597,12.71429,0],[75.64571,12.71416,0],[75.64558,12.7141,0],[75.64543,12.71406,0],[75.64498,12.71394,0],[75.64397,12.71358,0],[75.64326,12.71327,0],[75.64272,12.71307,0],[75.64244,12.71297,0],[75.6422,12.71287,0],[75.64183,12.71275,0],[75.64183,12.71275,0],[75.64172,12.71272,0],[75.64163,12.71269,0],[75.64135,12.7126,0],[75.64095,12.7125,0],[75.64095,12.7125,0],[75.64059,12.71246,0],[75.64059,12.71246,0],[75.63978,12.7124,0],[75.6394,12.71238,0],[75.63927,12.71237,0],[75.63871,12.71226,0],[75.63839,12.71216,0],[75.63813,12.712,0],[75.63813,12.712,0],[75.63811,12.71199,0],[75.63811,12.71199,0],[75.6379,12.71176,0],[75.63778,12.71159,0],[75.63765,12.7114,0],[75.63739,12.71096,0],[75.63684,12.71004,0],[75.63681,12.70998,0],[75.63644,12.70946,0],[75.63615,12.70899,0],[75.6358,12.70853,0],[75.6355,12.70802,0],[75.63525,12.70765,0],[75.63488,12.70716,0],[75.63444,12.70664,0],[75.63443,12.70664,0],[75.63411,12.70633,0],[75.63411,12.70633,0],[75.6341,12.70633,0],[75.63373,12.70623,0],[75.63373,12.70623,0],[75.63331,12.7062,0],[75.63265,12.70618,0],[75.63206,12.70618,0],[75.6316,12.70616,0],[75.63131,12.70618,0],[75.6311,12.70615,0],[75.63084,12.70612,0],[75.63052,12.70605,0],[75.63031,12.70598,0],[75.63006,12.70588,0],[75.62975,12.70574,0],[75.62974,12.70574,0],[75.62974,12.70574,0],[75.62973,12.70573,0],[75.62942,12.70557,0],[75.6291,12.70541,0],[75.62859,12.7051,0],[75.62845,12.70502,0],[75.62822,12.7049,0],[75.62769,12.70459,0],[75.62727,12.70435,0],[75.62699,12.70408,0],[75.62724,12.7038,0],[75.62743,12.70377,0],[75.62766,12.70372,0],[75.62808,12.70361,0],[75.6282,12.70357,0],[75.62849,12.70347,0],[75.62875,12.70332,0],[75.62898,12.70318,0],[75.62912,12.70309,0],[75.62923,12.70301,0],[75.62952,12.70276,0],[75.6297,12.70253,0],[75.62975,12.70239,0],[75.62978,12.70228,0],[75.62984,12.70179,0],[75.6298,12.70135,0],[75.62977,12.70099,0],[75.62979,12.70051,0],[75.62979,12.70051,0],[75.6298,12.70021,0],[75.62981,12.70013,0],[75.62989,12.69965,0],[75.63007,12.6992,0],[75.63024,12.69869,0],[75.63055,12.69809,0],[75.63092,12.69749,0],[75.63123,12.69709,0],[75.63152,12.69663,0],[75.63171,12.69626,0],[75.63172,12.69625,0],[75.63172,12.69624,0],[75.63192,12.69601,0],[75.63194,12.69599,0],[75.63201,12.69594,0],[75.63227,12.69575,0],[75.63227,12.69575,0],[75.63253,12.69547,0],[75.63253,12.69547,0],[75.63253,12.69547,0],[75.63265,12.69507,0],[75.63269,12.69476,0],[75.63273,12.6946,0],[75.63276,12.69446,0],[75.63278,12.69442,0],[75.63296,12.69395,0],[75.63297,12.69394,0],[75.63311,12.6935,0],[75.63307,12.69311,0],[75.63306,12.6931,0],[75.63306,12.6931,0],[75.6329,12.69278,0],[75.63264,12.69255,0],[75.63265,12.69208,0],[75.63265,12.69207,0],[75.63266,12.69206,0],[75.63289,12.69165,0],[75.63308,12.69125,0],[75.63322,12.6909,0],[75.63332,12.69062,0],[75.63342,12.69037,0],[75.63362,12.68989,0],[75.63384,12.68944,0],[75.63387,12.68939,0],[75.63419,12.68894,0],[75.6342,12.68892,0],[75.63442,12.68875,0],[75.63471,12.68865,0],[75.635,12.68863,0],[75.635,12.68863,0],[75.63501,12.68863,0],[75.63528,12.68874,0],[75.63548,12.68904,0],[75.63554,12.6893,0],[75.63556,12.68958,0],[75.63556,12.68992,0],[75.63556,12.69007,0],[75.63556,12.69039,0],[75.63553,12.6911,0],[75.63553,12.69138,0],[75.63554,12.6918,0],[75.63557,12.69212,0],[75.63557,12.69217,0],[75.63583,12.69274,0],[75.63589,12.69282,0],[75.63602,12.693,0],[75.63635,12.69322,0],[75.63676,12.69349,0],[75.63693,12.69358,0],[75.63708,12.69366,0],[75.63733,12.69376,0],[75.63761,12.69387,0],[75.63811,12.69403,0],[75.63844,12.69413,0],[75.63881,12.69424,0],[75.63908,12.69427,0],[75.63917,12.69428,0],[75.63932,12.69427,0],[75.63956,12.69424,0],[75.64002,12.69417,0],[75.64008,12.69416,0],[75.6404,12.69407,0],[75.64084,12.6939,0],[75.64114,12.69381,0],[75.64137,12.69374,0],[75.64252,12.69331,0],[75.64303,12.69318,0],[75.64337,12.6931,0],[75.64405,12.69297,0],[75.64405,12.69297,0],[75.6446,12.69294,0],[75.64499,12.69295,0],[75.64529,12.69296,0],[75.64579,12.69296,0],[75.64629,12.69297,0],[75.64629,12.69297,0],[75.64637,12.69298,0],[75.64667,12.69303,0],[75.64705,12.69323,0],[75.64719,12.6933,0],[75.64737,12.69337,0],[75.64762,12.69346,0],[75.64812,12.69365,0],[75.6483,12.69372,0],[75.64883,12.69385,0],[75.64884,12.69385,0],[75.64892,12.69385,0],[75.64928,12.69389,0],[75.64975,12.69389,0],[75.65002,12.69388,0],[75.65056,12.69385,0],[75.65116,12.69382,0],[75.65139,12.69381,0],[75.6517,12.6938,0],[75.65212,12.69378,0],[75.65229,12.69377,0],[75.65274,12.69377,0],[75.65289,12.69379,0],[75.65314,12.69382,0],[75.65357,12.69392,0],[75.65393,12.69408,0],[75.6544,12.69448,0],[75.65495,12.69475,0],[75.65531,12.69492,0],[75.65535,12.69494,0],[75.65557,12.69505,0],[75.65568,12.69512,0],[75.65594,12.69529,0],[75.65641,12.69562,0],[75.65687,12.69589,0],[75.6573,12.69596,0],[75.6579,12.69599,0],[75.65818,12.69599,0],[75.65842,12.69599,0],[75.65885,12.69599,0],[75.6592,12.69599,0],[75.65954,12.696,0],[75.65974,12.69601,0],[75.66003,12.69604,0],[75.66035,12.69607,0],[75.66036,12.69607,0],[75.66095,12.6961,0],[75.66137,12.69612,0],[75.66158,12.69613,0],[75.66244,12.69619,0],[75.66325,12.6962,0],[75.66325,12.6962,0],[75.66352,12.69621,0],[75.66412,12.69623,0],[75.66412,12.69623,0],[75.66458,12.69621,0],[75.66458,12.69621,0],[75.665,12.69624,0],[75.66522,12.69628,0],[75.66529,12.69629,0],[75.66529,12.69629,0],[75.66574,12.69646,0],[75.66613,12.69659,0],[75.66667,12.69683,0],[75.66692,12.69693,0],[75.66719,12.69702,0],[75.66746,12.697,0],[75.6677,12.6968,0],[75.66777,12.69673,0],[75.66784,12.69667,0],[75.66805,12.69646,0],[75.66833,12.69624,0],[75.66833,12.69624,0],[75.66833,12.69624,0],[75.66874,12.69615,0],[75.66874,12.69615,0],[75.6688,12.69615,0],[75.66907,12.69615,0],[75.66907,12.69615,0],[75.66907,12.69615,0],[75.6696,12.69632,0],[75.6696,12.69632,0],[75.67026,12.69678,0],[75.67034,12.69682,0],[75.67128,12.69737,0],[75.67237,12.69791,0],[75.67344,12.69838,0],[75.67457,12.69891,0],[75.67483,12.69906,0],[75.67524,12.69928,0],[75.67524,12.69928,0],[75.67578,12.6994,0],[75.67578,12.6994,0],[75.67578,12.6994,0],[75.67605,12.69942,0],[75.67612,12.69942,0],[75.67612,12.69942,0],[75.67688,12.69943,0],[75.6769,12.69943,0],[75.67765,12.69938,0],[75.67765,12.69938,0],[75.67902,12.69931,0],[75.67929,12.6993,0],[75.67981,12.69927,0],[75.68052,12.69933,0],[75.68141,12.69963,0],[75.68223,12.6999,0],[75.68223,12.6999,0],[75.68315,12.70012,0],[75.68363,12.70016,0],[75.6838,12.70017,0],[75.68447,12.70015,0],[75.68497,12.70008,0],[75.68584,12.69988,0],[75.68656,12.69967,0],[75.68717,12.69958,0],[75.68779,12.69961,0],[75.68856,12.69971,0],[75.68909,12.69988,0],[75.68916,12.6999,0],[75.68978,12.70019,0],[75.69018,12.70042,0],[75.69023,12.70045,0],[75.69067,12.70069,0],[75.69071,12.7007,0],[75.69144,12.70077,0],[75.69217,12.70089,0],[75.69259,12.701,0],[75.69293,12.70109,0],[75.69417,12.70118,0],[75.69418,12.70118,0],[75.69561,12.70145,0],[75.69648,12.70157,0],[75.69715,12.70175,0],[75.69755,12.70187,0],[75.69799,12.70202,0],[75.69844,12.70214,0],[75.69872,12.70222,0],[75.69991,12.70254,0],[75.70124,12.70287,0],[75.70163,12.70297,0],[75.7025,12.70326,0],[75.70327,12.70358,0],[75.70357,12.70378,0],[75.70372,12.70388,0],[75.70404,12.70417,0],[75.70404,12.70417,0],[75.70404,12.70417,0],[75.70404,12.70417,0],[75.70407,12.70419,0],[75.70434,12.70439,0],[75.7045,12.70445,0],[75.70479,12.70454,0],[75.70499,12.70463,0],[75.70513,12.70469,0],[75.70552,12.70503,0],[75.70553,12.70503,0],[75.70585,12.70557,0],[75.70588,12.70562,0],[75.70605,12.7058,0],[75.70618,12.70595,0],[75.7063,12.706,0],[75.70651,12.70609,0],[75.70651,12.70609,0],[75.70693,12.70612,0],[75.70728,12.706,0],[75.70728,12.706,0],[75.70768,12.706,0],[75.70787,12.70605,0],[75.70822,12.70615,0],[75.70837,12.70613,0],[75.70877,12.7061,0],[75.70907,12.70593,0],[75.70942,12.70557,0],[75.70957,12.70546,0],[75.70977,12.70532,0],[75.71007,12.70527,0],[75.71062,12.7052,0],[75.71085,12.7051,0],[75.71104,12.70501,0],[75.71135,12.70473,0],[75.71135,12.70473,0],[75.71168,12.70446,0],[75.71185,12.70442,0],[75.71194,12.70439,0],[75.71195,12.70439,0],[75.71212,12.70442,0],[75.71225,12.70444,0],[75.71239,12.70468,0],[75.71253,12.70499,0],[75.71253,12.70499,0],[75.71272,12.70539,0],[75.71279,12.70552,0],[75.71329,12.70635,0],[75.71361,12.70671,0],[75.71405,12.70679,0],[75.71441,12.70653,0],[75.71442,12.70653,0],[75.71442,12.70653,0],[75.71452,12.70601,0],[75.71453,12.70596,0],[75.71466,12.70549,0],[75.71473,12.70525,0],[75.715,12.7045,0],[75.7151,12.70403,0],[75.71535,12.7036,0],[75.71536,12.70359,0],[75.71568,12.70334,0],[75.71605,12.70333,0],[75.71606,12.70333,0],[75.71645,12.70357,0],[75.71677,12.70373,0],[75.717,12.70384,0],[75.71721,12.70387,0],[75.71737,12.70389,0],[75.71754,12.70389,0],[75.71782,12.70387,0],[75.71812,12.70377,0],[75.71837,12.70346,0],[75.71844,12.70295,0],[75.71832,12.70236,0],[75.71805,12.70175,0],[75.71804,12.70174,0],[75.71797,12.70146,0],[75.71798,12.70126,0],[75.71798,12.70102,0],[75.71832,12.70042,0],[75.71859,12.69993,0],[75.71896,12.69964,0],[75.71918,12.69951,0],[75.71948,12.69933,0],[75.71996,12.69901,0],[75.72006,12.69873,0],[75.72009,12.69865,0],[75.72009,12.6983,0],[75.72009,12.69823,0],[75.72018,12.69772,0],[75.72026,12.69748,0],[75.72031,12.69728,0],[75.7206,12.69694,0],[75.7206,12.69694,0],[75.72099,12.69662,0],[75.72114,12.69646,0],[75.72128,12.69631,0],[75.72154,12.69597,0],[75.72171,12.69575,0],[75.72205,12.69557,0],[75.72205,12.69557,0],[75.72218,12.69555,0],[75.72269,12.69547,0],[75.72324,12.69547,0],[75.72379,12.69557,0],[75.72475,12.69575,0],[75.72534,12.69588,0],[75.7257,12.69597,0],[75.72667,12.69617,0],[75.72722,12.69628,0],[75.72758,12.69636,0],[75.72855,12.69654,0],[75.72916,12.69668,0],[75.72932,12.69672,0],[75.72943,12.69674,0],[75.72996,12.6968,0],[75.73043,12.6968,0],[75.73072,12.69681,0],[75.73116,12.69683,0],[75.73173,12.69675,0],[75.73215,12.69666,0],[75.73242,12.69654,0],[75.7327,12.69622,0],[75.73293,12.6959,0],[75.73295,12.69588,0],[75.7333,12.69544,0],[75.73358,12.69509,0],[75.7337,12.69495,0],[75.73376,12.69487,0],[75.73402,12.69449,0],[75.73421,12.69425,0],[75.73434,12.69408,0],[75.73489,12.69318,0],[75.7354,12.69234,0],[75.73572,12.69194,0],[75.73573,12.69192,0],[75.73609,12.69158,0],[75.73611,12.69156,0],[75.73611,12.69156,0],[75.73658,12.69115,0],[75.73709,12.69073,0],[75.73723,12.69061,0],[75.73732,12.69054,0],[75.7379,12.6901,0],[75.73827,12.68979,0],[75.73851,12.68959,0],[75.73888,12.68927,0],[75.73914,12.68906,0],[75.7393,12.68893,0],[75.73949,12.68869,0],[75.73988,12.68792,0],[75.74016,12.68729,0],[75.74023,12.68705,0],[75.74029,12.68683,0],[75.74032,12.68664,0],[75.74032,12.68664,0],[75.74035,12.6865,0],[75.74043,12.68609,0],[75.74046,12.68593,0],[75.74059,12.68515,0],[75.74062,12.68487,0],[75.74064,12.68473,0],[75.74069,12.6846,0],[75.74077,12.68437,0],[75.74084,12.68416,0],[75.74091,12.68395,0],[75.74107,12.68366,0],[75.74115,12.68354,0],[75.74142,12.6832,0],[75.74159,12.68302,0],[75.74201,12.68259,0],[75.74248,12.6822,0],[75.74268,12.68204,0],[75.74313,12.68178,0],[75.74329,12.68166,0],[75.74347,12.68153,0],[75.74384,12.68122,0],[75.74422,12.68088,0],[75.74445,12.68059,0],[75.74462,12.68039,0],[75.74476,12.68025,0],[75.74496,12.68005,0],[75.74534,12.67968,0],[75.74567,12.67929,0],[75.74575,12.67921,0],[75.74602,12.67895,0],[75.74631,12.67869,0],[75.74641,12.67859,0],[75.74679,12.67832,0],[75.74724,12.67817,0],[75.74787,12.67797,0],[75.74794,12.67796,0],[75.74844,12.67785,0],[75.74854,12.6778,0],[75.74854,12.6778,0],[75.74896,12.67761,0],[75.74903,12.6776,0],[75.74947,12.67756,0],[75.75,12.67746,0],[75.75,12.67746,0],[75.75127,12.67679,0],[75.75204,12.67652,0],[75.75235,12.67637,0],[75.75258,12.67609,0],[75.75274,12.67575,0],[75.75305,12.67554,0],[75.75305,12.67554,0],[75.75305,12.67554,0],[75.75375,12.6756,0],[75.75398,12.67555,0],[75.75406,12.67554,0],[75.75457,12.67531,0],[75.75491,12.67542,0],[75.75491,12.67542,0],[75.75513,12.67574,0],[75.75513,12.67574,0],[75.75513,12.67574,0],[75.75554,12.67564,0],[75.75547,12.67522,0],[75.75546,12.67517,0],[75.75558,12.67492,0],[75.75586,12.67474,0],[75.75586,12.67474,0],[75.75598,12.6747,0],[75.76137,12.67297,0],[75.76137,12.67297,0],[75.76137,12.67297,0],[75.76179,12.67287,0],[75.76472,12.6754,0],[75.76532,12.67592,0],[75.76533,12.67594,0],[75.76605,12.67658,0],[75.76621,12.67673,0],[75.76637,12.67692,0],[75.76646,12.67702,0],[75.76684,12.67747,0],[75.76824,12.6791,0],[75.76867,12.67961,0],[75.76899,12.67999,0],[75.76919,12.68029,0],[75.7692,12.68029,0],[75.7692,12.68029,0],[75.76952,12.68037,0],[75.76952,12.68037,0],[75.76952,12.68037,0],[75.76981,12.6802,0],[75.7726,12.67887,0],[75.77261,12.67886,0],[75.77359,12.67836,0],[75.77359,12.67836,0],[75.7738,12.67817,0],[75.7738,12.67817,0],[75.7738,12.67817,0],[75.77407,12.67821,0],[75.77509,12.68296,0],[75.77516,12.68317,0],[75.77531,12.68358,0],[75.77562,12.68417,0],[75.77608,12.68477,0],[75.77629,12.68509,0],[75.77663,12.6856,0],[75.77695,12.68607,0],[75.77695,12.68607,0],[75.77715,12.68635,0],[75.77747,12.68673,0],[75.77783,12.68716,0],[75.77785,12.68717,0],[75.77835,12.6875,0],[75.77835,12.6875,0],[75.77835,12.6875,0],[75.77878,12.68753,0],[75.77878,12.68753,0],[75.77878,12.68753,0],[75.77919,12.68722,0],[75.77964,12.68739,0],[75.77965,12.68739,0],[75.78021,12.68728,0],[75.78022,12.68728,0],[75.78022,12.68728,0],[75.78037,12.68684,0],[75.78037,12.68684,0],[75.78074,12.68645,0],[75.78111,12.68609,0],[75.78154,12.68625,0],[75.78364,12.68733,0],[75.78445,12.68774,0],[75.78451,12.68777,0],[75.78481,12.68793,0],[75.78506,12.68801,0],[75.78516,12.68805,0],[75.78546,12.6881,0],[75.78549,12.6881,0],[75.78577,12.68804,0],[75.78589,12.68802,0],[75.78687,12.68784,0],[75.78883,12.68761,0],[75.79009,12.68746,0],[75.79063,12.6874,0],[75.79183,12.68722,0],[75.79221,12.68719,0],[75.79249,12.6872,0],[75.79276,12.6872,0],[75.79281,12.68722,0],[75.79311,12.68733,0],[75.79324,12.6874,0],[75.7934,12.68748,0],[75.79978,12.69278,0],[75.80144,12.6942,0],[75.80144,12.6942,0],[75.80187,12.69456,0],[75.80227,12.6949,0],[75.80505,12.6972,0],[75.80675,12.69869,0],[75.80699,12.6989,0],[75.80843,12.70016,0],[75.80948,12.70013,0],[75.81203,12.69791,0],[75.81221,12.69759,0],[75.81249,12.69706,0],[75.81284,12.6966,0],[75.81332,12.69614,0],[75.81376,12.69558,0],[75.8142,12.69515,0],[75.81559,12.69438,0],[75.81625,12.69404,0],[75.81655,12.69375,0],[75.81692,12.69325,0],[75.81741,12.69264,0],[75.81766,12.69236,0],[75.81813,12.69187,0],[75.81886,12.69103,0],[75.81955,12.69044,0],[75.81965,12.69035,0],[75.81971,12.6903,0],[75.81996,12.69008,0],[75.82011,12.68981,0],[75.82012,12.68979,0],[75.82024,12.6895,0],[75.82055,12.68828,0],[75.82096,12.68663,0],[75.82156,12.68475,0],[75.82197,12.68431,0],[75.82288,12.68347,0],[75.82508,12.68126,0],[75.82639,12.67995,0],[75.82666,12.67955,0],[75.82681,12.67932,0],[75.82738,12.67855,0],[75.82783,12.67756,0],[75.82795,12.67729,0],[75.82835,12.67638,0],[75.82835,12.67638,0],[75.82862,12.67561,0],[75.829,12.67519,0],[75.82922,12.67496,0],[75.82964,12.67462,0],[75.8298,12.67448,0],[75.82999,12.67433,0],[75.83031,12.67405,0],[75.83047,12.67385,0],[75.83069,12.67359,0],[75.83088,12.67316,0],[75.83107,12.67266,0],[75.83124,12.67239,0],[75.83144,12.67208,0],[75.83166,12.67181,0],[75.83192,12.67149,0],[75.83271,12.67091,0],[75.83454,12.66986,0],[75.83458,12.66985,0],[75.83556,12.66954,0],[75.83589,12.6695,0],[75.83611,12.66947,0],[75.83708,12.66951,0],[75.83708,12.66951,0],[75.83755,12.66963,0],[75.83756,12.66964,0],[75.83791,12.66973,0],[75.83791,12.66973,0],[75.83828,12.66973,0],[75.83828,12.66973,0],[75.83878,12.66954,0],[75.83944,12.66932,0],[75.83944,12.66932,0],[75.8403,12.66903,0],[75.84065,12.66891,0],[75.84162,12.66859,0],[75.84222,12.66837,0],[75.8425,12.66827,0],[75.8425,12.66827,0],[75.84293,12.66814,0],[75.84327,12.66815,0],[75.84328,12.66815,0],[75.84334,12.66822,0],[75.84353,12.66842,0],[75.84428,12.66979,0],[75.8446,12.67016,0],[75.84504,12.67059,0],[75.84525,12.67073,0],[75.84541,12.67084,0],[75.84617,12.67137,0],[75.84659,12.67143,0],[75.8468,12.67146,0],[75.84732,12.67144,0],[75.84786,12.67147,0],[75.84876,12.67136,0],[75.84877,12.67136,0],[75.84877,12.67135,0],[75.84884,12.67133,0],[75.84934,12.67111,0],[75.85035,12.67046,0],[75.85043,12.6704,0],[75.85083,12.67008,0],[75.85198,12.66917,0],[75.85237,12.66886,0],[75.85313,12.66826,0],[75.85352,12.6682,0],[75.85352,12.6682,0],[75.85368,12.66821,0],[75.85381,12.66823,0],[75.85506,12.66845,0],[75.85947,12.66941,0],[75.86049,12.66963,0],[75.86088,12.66971,0],[75.86088,12.66971,0],[75.86151,12.6698,0],[75.86165,12.66985,0],[75.86214,12.67002,0],[75.86302,12.67039,0],[75.86344,12.67066,0],[75.86699,12.67292,0],[75.86701,12.67293,0],[75.86747,12.67329,0],[75.86747,12.67329,0],[75.86782,12.67357,0],[75.8682,12.67363,0],[75.8682,12.67363,0],[75.87003,12.67331,0],[75.87025,12.67327,0],[75.87104,12.67321,0],[75.87169,12.6731,0],[75.87169,12.6731,0],[75.87221,12.67302,0],[75.87239,12.67296,0],[75.87328,12.67268,0],[75.87378,12.67245,0],[75.87402,12.67233,0],[75.87447,12.67193,0],[75.87478,12.67169,0],[75.87478,12.67169,0],[75.87478,12.67168,0],[75.87503,12.67144,0],[75.87509,12.6714,0],[75.87538,12.67122,0],[75.87555,12.67112,0],[75.87579,12.67097,0],[75.87651,12.67079,0],[75.87732,12.67069,0],[75.87772,12.67064,0],[75.87772,12.67064,0],[75.8785,12.67067,0],[75.8785,12.67067,0],[75.87929,12.6708,0],[75.88028,12.67149,0],[75.88063,12.67182,0],[75.88097,12.67214,0],[75.88167,12.67267,0],[75.88223,12.67313,0],[75.88266,12.67338,0],[75.88277,12.67344,0],[75.88277,12.67344,0],[75.88281,12.67346,0],[75.8838,12.67373,0],[75.88458,12.67391,0],[75.88513,12.67404,0],[75.88539,12.67412,0],[75.88568,12.67421,0],[75.88618,12.67446,0],[75.88647,12.67461,0],[75.88675,12.67467,0],[75.88716,12.67492,0],[75.88741,12.67542,0],[75.88741,12.67562,0],[75.88741,12.67594,0],[75.8874,12.6763,0],[75.88766,12.67659,0],[75.88797,12.67683,0],[75.88826,12.67724,0],[75.88821,12.67766,0],[75.88821,12.67766,0],[75.88821,12.67766,0],[75.88785,12.67795,0],[75.8878,12.67806,0],[75.8877,12.67829,0],[75.88764,12.67856,0],[75.88763,12.67863,0],[75.88763,12.67894,0],[75.88766,12.67922,0],[75.88772,12.67943,0],[75.88783,12.67979,0],[75.88815,12.68013,0],[75.8882,12.6802,0],[75.88849,12.68056,0],[75.8886,12.68084,0],[75.88865,12.68097,0],[75.88868,12.68177,0],[75.88866,12.68189,0],[75.88861,12.6822,0],[75.88858,12.68257,0],[75.88869,12.68291,0],[75.88871,12.68296,0],[75.88892,12.68356,0],[75.88892,12.68394,0],[75.88885,12.68419,0],[75.8888,12.68437,0],[75.8882,12.68511,0],[75.88819,12.68513,0],[75.88808,12.68543,0],[75.888,12.68586,0],[75.88799,12.6859,0],[75.88801,12.68599,0],[75.88805,12.68621,0],[75.88815,12.68651,0],[75.88825,12.6868,0],[75.88828,12.68689,0],[75.88827,12.68691,0],[75.88813,12.68726,0],[75.88806,12.68766,0],[75.88807,12.68814,0],[75.88822,12.68857,0],[75.88824,12.68862,0],[75.88855,12.68927,0],[75.88871,12.68951,0],[75.88893,12.68967,0],[75.88893,12.68967,0],[75.88922,12.68986,0],[75.88966,12.68995,0],[75.89009,12.69004,0],[75.8901,12.69004,0],[75.8901,12.69004,0],[75.89057,12.6902,0],[75.89071,12.69071,0],[75.89068,12.69077,0],[75.89059,12.69096,0],[75.89046,12.69129,0],[75.89046,12.6913,0],[75.89046,12.6913,0],[75.89046,12.6913,0],[75.8903,12.69164,0],[75.89043,12.69195,0],[75.89049,12.69207,0],[75.89049,12.69214,0],[75.89048,12.69243,0],[75.89041,12.69285,0],[75.89041,12.69286,0],[75.89041,12.69286,0],[75.88998,12.6933,0],[75.88972,12.69349,0],[75.88971,12.69349,0],[75.88948,12.69363,0],[75.88947,12.69363,0],[75.88925,12.6938,0],[75.88918,12.6939,0],[75.88908,12.69403,0],[75.88882,12.69411,0],[75.88876,12.69412,0],[75.88876,12.69412,0],[75.88838,12.6941,0],[75.88832,12.69438,0],[75.88831,12.69443,0],[75.88829,12.69447,0],[75.88821,12.69469,0],[75.88801,12.69486,0],[75.88774,12.69517,0],[75.88763,12.69542,0],[75.88763,12.69542,0],[75.88758,12.69544,0],[75.88739,12.69553,0],[75.88739,12.69553,0],[75.88716,12.69567,0],[75.88701,12.69624,0],[75.88701,12.69636,0],[75.88701,12.69667,0],[75.88696,12.69687,0],[75.88695,12.69695,0],[75.88694,12.69695,0],[75.88671,12.69724,0],[75.88671,12.69724,0],[75.88651,12.69775,0],[75.88638,12.69801,0],[75.88634,12.69809,0],[75.88618,12.69837,0],[75.88599,12.69883,0],[75.88571,12.69926,0],[75.88569,12.69937,0],[75.88562,12.69966,0],[75.88562,12.7001,0],[75.88575,12.70039,0],[75.88588,12.70067,0],[75.88603,12.70094,0],[75.88617,12.70119,0],[75.88629,12.70155,0],[75.88629,12.70155,0],[75.88629,12.70157,0],[75.88629,12.70157,0],[75.88667,12.70203,0],[75.8868,12.70253,0],[75.88679,12.70253,0],[75.88668,12.70308,0],[75.88668,12.70308,0],[75.88644,12.70339,0],[75.88632,12.70344,0],[75.88613,12.70351,0],[75.88581,12.70362,0],[75.88581,12.70399,0],[75.886,12.70429,0],[75.88604,12.70437,0],[75.88616,12.7046,0],[75.88624,12.70471,0],[75.88631,12.70481,0],[75.88627,12.70512,0],[75.8862,12.70523,0],[75.88611,12.70538,0],[75.88592,12.70574,0],[75.88594,12.70612,0],[75.88596,12.7063,0],[75.8858,12.70669,0],[75.8858,12.7067,0],[75.88557,12.70702,0],[75.88516,12.70714,0],[75.88466,12.70714,0],[75.88447,12.70717,0],[75.8842,12.7072,0],[75.88312,12.70734,0],[75.88312,12.70734,0],[75.88232,12.70745,0],[75.88159,12.70747,0],[75.88159,12.70747,0],[75.88071,12.70751,0],[75.88048,12.70751,0],[75.88012,12.70751,0],[75.8797,12.70772,0],[75.87928,12.70803,0],[75.87884,12.70792,0],[75.87884,12.70792,0],[75.87865,12.70767,0],[75.87862,12.70763,0],[75.87843,12.70739,0],[75.87824,12.70705,0],[75.87824,12.70705,0],[75.87805,12.70684,0],[75.87774,12.70678,0],[75.87774,12.70677,0],[75.87774,12.70677,0],[75.87742,12.70679,0],[75.87711,12.70687,0],[75.87711,12.70687,0],[75.8771,12.70687,0],[75.8771,12.70687,0],[75.87679,12.70699,0],[75.87588,12.70736,0],[75.87563,12.70739,0],[75.87543,12.70742,0],[75.8748,12.70763,0],[75.87442,12.70773,0],[75.87418,12.70779,0],[75.87319,12.70818,0],[75.87289,12.70829,0],[75.87281,12.70833,0],[75.87258,12.70845,0],[75.87233,12.70874,0],[75.87223,12.70885,0],[75.87179,12.70937,0],[75.87144,12.71002,0],[75.87122,12.71107,0],[75.87119,12.71172,0],[75.87119,12.71182,0],[75.87125,12.71293,0],[75.87124,12.71301,0],[75.87116,12.71353,0],[75.87091,12.71381,0],[75.87065,12.71401,0],[75.87063,12.71403,0],[75.87032,12.71421,0],[75.87018,12.71424,0],[75.87,12.71427,0],[75.86971,12.71434,0],[75.86962,12.71436,0],[75.86962,12.71436,0],[75.86932,12.71438,0],[75.86908,12.71439,0],[75.86908,12.71439,0],[75.86782,12.71455,0],[75.86764,12.71461,0],[75.86723,12.71476,0],[75.86618,12.71504,0],[75.86407,12.71587,0],[75.86308,12.71647,0],[75.86197,12.71715,0],[75.86058,12.71807,0],[75.85905,12.71924,0],[75.85904,12.71925,0],[75.85725,12.72071,0],[75.857,12.72094,0],[75.85573,12.72213,0],[75.85507,12.72298,0],[75.85477,12.72338,0],[75.85473,12.72343,0],[75.85435,12.72396,0],[75.85338,12.72529,0],[75.853,12.72622,0],[75.85246,12.72776,0],[75.85226,12.72847,0],[75.85228,12.72907,0],[75.85228,12.72972,0],[75.85237,12.73031,0],[75.85262,12.73071,0],[75.85312,12.73145,0],[75.85335,12.7318,0],[75.85522,12.73442,0],[75.85522,12.73442,0],[75.85544,12.73472,0],[75.85575,12.73513,0],[75.85576,12.73515,0],[75.85587,12.73547,0],[75.85591,12.7357,0],[75.85594,12.73596,0],[75.85592,12.73622,0],[75.8559,12.73639,0],[75.85536,12.73979,0],[75.85469,12.74412,0],[75.85455,12.74463,0],[75.85447,12.74483,0],[75.85439,12.74503,0],[75.8542,12.74528,0],[75.8537,12.74571,0],[75.85197,12.74699,0],[75.85125,12.74757,0],[75.851,12.74777,0],[75.85074,12.74797,0],[75.85049,12.74816,0],[75.85047,12.74817,0],[75.85026,12.74837,0],[75.85025,12.74838,0],[75.85025,12.74838,0],[75.8502,12.7487,0],[75.85036,12.74899,0],[75.85094,12.75005,0],[75.85094,12.75005,0],[75.85228,12.75101,0],[75.85232,12.75106,0],[75.85277,12.75164,0],[75.85321,12.75212,0],[75.85321,12.75212,0],[75.85338,12.75231,0],[75.85425,12.75294,0],[75.85453,12.75305,0],[75.85493,12.75321,0],[75.85527,12.75331,0],[75.85577,12.75347,0],[75.85687,12.75379,0],[75.85797,12.75412,0],[75.85973,12.75493,0],[75.8601,12.7552,0],[75.86084,12.75574,0],[75.86098,12.75598,0],[75.8614,12.75666,0],[75.8614,12.75666,0],[75.8614,12.75666,0],[75.8615,12.75722,0],[75.86137,12.75761,0],[75.86075,12.75835,0],[75.86047,12.75868,0],[75.86012,12.75926,0],[75.86012,12.75926,0],[75.85998,12.7595,0],[75.85958,12.76033,0],[75.85954,12.76061,0],[75.85947,12.76106,0],[75.85928,12.76203,0],[75.85902,12.76359,0],[75.85902,12.76443,0],[75.85902,12.76461,0],[75.85902,12.76494,0],[75.85899,12.76654,0],[75.85904,12.76756,0],[75.85924,12.76824,0],[75.85943,12.76845,0],[75.85943,12.76845,0],[75.85959,12.76863,0],[75.86018,12.76888,0],[75.86082,12.76893,0],[75.86127,12.76886,0],[75.86127,12.76886,0],[75.86163,12.76873,0],[75.86197,12.76869,0],[75.86237,12.76876,0],[75.86273,12.76883,0],[75.86276,12.76883,0],[75.86276,12.76883,0],[75.86277,12.76883,0],[75.86311,12.76879,0],[75.86376,12.7684,0],[75.86426,12.76816,0],[75.86509,12.76763,0],[75.86527,12.76758,0],[75.86543,12.76754,0],[75.86547,12.76753,0],[75.86592,12.76747,0],[75.86592,12.76747,0],[75.86593,12.76747,0],[75.86694,12.76754,0],[75.86695,12.76754,0],[75.86791,12.76788,0],[75.86996,12.76845,0],[75.87071,12.76866,0],[75.87129,12.76886,0],[75.8723,12.76921,0],[75.87332,12.76937,0],[75.87332,12.76937,0],[75.87391,12.76931,0],[75.87464,12.76896,0],[75.87483,12.76887,0],[75.87495,12.76881,0],[75.87508,12.76877,0],[75.87526,12.76871,0],[75.8756,12.76865,0],[75.8756,12.76865,0],[75.87568,12.76866,0],[75.87591,12.76869,0],[75.87602,12.76882,0],[75.8761,12.76893,0],[75.87613,12.76899,0],[75.87654,12.76987,0],[75.8764,12.77021,0],[75.87613,12.77034,0],[75.87595,12.77035,0],[75.87537,12.77039,0],[75.87499,12.77081,0],[75.87499,12.77082,0],[75.87453,12.77122,0],[75.87451,12.77124,0],[75.87445,12.77132,0],[75.87435,12.77145,0],[75.8742,12.7717,0],[75.87417,12.77175,0],[75.87406,12.77285,0],[75.87405,12.77286,0],[75.87406,12.77287,0],[75.87429,12.77321,0],[75.87584,12.7741,0],[75.87764,12.77477,0],[75.87871,12.77515,0],[75.87917,12.7754,0],[75.87919,12.77542,0],[75.87937,12.77569,0],[75.87937,12.77569,0],[75.87937,12.77569,0],[75.87922,12.77616,0],[75.87886,12.77622,0],[75.87851,12.77622,0],[75.87846,12.77622,0],[75.87781,12.77597,0],[75.87746,12.77581,0],[75.87721,12.7757,0],[75.87719,12.77569,0],[75.87613,12.77554,0],[75.87569,12.7755,0],[75.87557,12.77548,0],[75.87516,12.77558,0],[75.87479,12.77566,0],[75.87436,12.77621,0],[75.87421,12.77674,0],[75.87399,12.77758,0],[75.87398,12.77763,0],[75.87389,12.77826,0],[75.87389,12.77826,0],[75.87387,12.77873,0],[75.87372,12.77902,0],[75.8735,12.77942,0],[75.87334,12.77987,0],[75.87306,12.7806,0],[75.87287,12.78118,0],[75.87286,12.78118,0],[75.87286,12.78118,0],[75.87119,12.78215,0],[75.87114,12.78218,0],[75.87067,12.78245,0],[75.87047,12.78273,0],[75.87042,12.78279,0],[75.87037,12.78292,0],[75.86989,12.78421,0],[75.86967,12.78492,0],[75.86876,12.78602,0],[75.86845,12.78645,0],[75.86828,12.78681,0],[75.86813,12.78712,0],[75.86788,12.78785,0],[75.86757,12.78875,0],[75.86729,12.78955,0],[75.86655,12.79137,0],[75.86522,12.79476,0],[75.86521,12.79484,0],[75.86512,12.79546,0],[75.86503,12.79604,0],[75.86506,12.79643,0],[75.86517,12.79663,0],[75.86537,12.79698,0],[75.86594,12.79767,0],[75.86614,12.79786,0],[75.86622,12.79794,0],[75.86628,12.79801,0],[75.86644,12.79818,0],[75.86662,12.79846,0],[75.86665,12.79882,0],[75.86656,12.79928,0],[75.86656,12.79958,0],[75.86662,12.79995,0],[75.86691,12.80065,0],[75.86699,12.80086,0],[75.86705,12.80141,0],[75.86705,12.8018,0],[75.86704,12.80185,0],[75.86699,12.80217,0],[75.8664,12.80309,0],[75.8663,12.80323,0],[75.86579,12.80358,0],[75.86552,12.80382,0],[75.86546,12.80387,0],[75.86543,12.80391,0],[75.86504,12.80444,0],[75.86501,12.8048,0],[75.86501,12.80537,0],[75.86563,12.80696,0],[75.86589,12.80768,0],[75.86594,12.80781,0],[75.866,12.80833,0],[75.86618,12.80963,0],[75.86593,12.81061,0],[75.86584,12.8111,0],[75.86576,12.81156,0],[75.86573,12.81175,0],[75.86569,12.81205,0],[75.86575,12.81299,0],[75.86581,12.81333,0],[75.86584,12.81382,0],[75.86553,12.81446,0],[75.86523,12.81509,0],[75.86485,12.81649,0],[75.86497,12.8171,0],[75.86503,12.81769,0],[75.86503,12.81769,0],[75.86425,12.81763,0],[75.86357,12.81763,0],[75.86283,12.81758,0],[75.86128,12.81779,0],[75.85952,12.81791,0],[75.85809,12.81816,0],[75.85771,12.81826,0],[75.8571,12.81861,0],[75.85687,12.81881,0],[75.85563,12.82044,0],[75.85504,12.82139,0],[75.85496,12.82199,0],[75.85483,12.82242,0],[75.85478,12.82287,0],[75.85478,12.82362,0],[75.85483,12.82424,0],[75.85488,12.82489,0],[75.85535,12.82563,0],[75.85603,12.82726,0],[75.85613,12.82786,0],[75.85605,12.82868,0],[75.856,12.82918,0],[75.85575,12.82956,0],[75.85507,12.83089,0],[75.85359,12.83232,0],[75.853,12.83257,0],[75.85182,12.83269,0],[75.8506,12.83269,0],[75.84965,12.83281,0],[75.84945,12.83309,0],[75.8492,12.83477,0],[75.84909,12.83546,0],[75.84892,12.83595,0],[75.84841,12.83662,0],[75.84759,12.83717,0],[75.84615,12.8381,0],[75.84554,12.83853,0],[75.84482,12.83903,0],[75.8428,12.84077,0],[75.84236,12.84142,0],[75.84216,12.84172,0],[75.84201,12.8422,0],[75.84199,12.84264,0],[75.8423,12.84321,0],[75.84273,12.84426,0],[75.84298,12.84544,0],[75.84285,12.84604,0],[75.84266,12.84688,0],[75.84189,12.84783,0],[75.84164,12.84837,0],[75.84094,12.8496,0],[75.83968,12.85141,0],[75.83865,12.85326,0],[75.83763,12.85428,0],[75.83714,12.85455,0],[75.8364,12.85463,0],[75.83526,12.85443,0],[75.83475,12.8541,0],[75.83341,12.85351,0],[75.8331,12.85353,0],[75.83286,12.85371,0],[75.83274,12.85408,0],[75.83264,12.85506,0],[75.83261,12.85648,0],[75.83264,12.85877,0],[75.83259,12.8608,0],[75.83254,12.86374,0],[75.83208,12.86556,0],[75.83147,12.86611,0],[75.83083,12.86643,0],[75.82983,12.86668,0],[75.82899,12.86703,0],[75.82861,12.86721,0],[75.82812,12.86743,0],[75.82732,12.86839,0],[75.8267,12.86941,0],[75.82653,12.87011,0],[75.82538,12.86932,0],[75.82084,12.86656,0],[75.81818,12.86726,0],[75.81552,12.86806,0],[75.81392,12.86764,0],[75.81367,12.87008,0],[75.81376,12.87121,0]]]},"properties":{"RANGE":"YESLUR"}}
]}
